control_number,dataset,submission_type,company_name,therapeutic_area,date_accepted,actual_review_days,actual_approved,predicted_review_days,review_days_p10,review_days_p50,review_days_p90,predicted_approval_proba,predicted_conclusion_date,conclusion_date_p10,conclusion_date_p90,review_days_residual
234673,completed,NDS,MEDEXUS INC,Antineoplastic agents,2020-03-13,180,1,184.2,175.1,181.1,372.6,0.9593,2020-09-10,2020-09-04,2021-03-21,-4.1999969482421875
259301,completed,NDS,ENDO VENTURES LTD,Calcium homeostasis,2022-03-01,316,0,330.9,268.0,302.7,708.6,0.855,2022-12-29,2022-11-24,2024-02-08,-14.899993896484375
215268,completed,NDS,ELI LILLY CANADA INC,Antineoplastic agents,2018-06-12,300,1,297.1,256.7,298.8,473.0,0.7809,2019-04-07,2019-02-24,2019-09-28,2.899993896484375
265223,completed,NDS,JANSSEN INC,Endocrine therapy,2022-08-05,311,1,321.3,264.6,300.5,586.4,0.9378,2023-06-01,2023-04-27,2024-03-13,-10.29998779296875
245854,completed,NDS,PFIZER CANADA ULC,Other dermatological preparations,2020-12-18,558,1,322.1,272.5,300.0,593.8,0.9017,2021-10-14,2021-09-16,2022-08-04,235.89999389648438
214504,completed,NDS,ASTRAZENECA CANADA INC,Antineoplastic agents,2018-04-27,483,1,245.5,226.7,241.4,435.3,0.9316,2018-12-24,2018-12-10,2019-07-06,237.5
259246,completed,NDS,ASTRAZENECA CANADA INC,Antineoplastic agents,2022-05-04,299,1,316.0,258.5,299.4,541.1,0.9311,2023-02-27,2023-01-18,2023-10-27,-17.0
209478,completed,NDS,AVIR PHARMA INC,Analgesics,2018-02-02,300,1,326.0,263.6,300.9,686.4,0.8611,2018-11-30,2018-10-24,2019-12-20,-26.0
244695,completed,NDS,B. BRAUN MELSUNGEN AG,Analgesics,2021-04-30,665,1,366.4,261.4,302.3,681.1,0.8367,2022-02-26,2022-01-16,2023-03-12,298.6000061035156
260262,completed,NDS,BIOSYENT PHARMA INC,Analgesics,2022-06-03,609,1,341.6,261.0,300.8,685.3,0.8443,2023-03-31,2023-02-19,2024-04-18,267.3999938964844
234460,completed,NDS,FERRER INTERNACIONAL SA,Cardiac therapy,2020-02-19,383,0,352.9,257.3,300.7,794.4,0.8815,2020-12-16,2020-11-02,2022-04-23,30.100006103515625
246758,completed,NDS,JANSSEN INC,Vaccines,2020-11-30,95,1,141.0,73.8,128.0,632.0,0.8129,2021-04-07,2021-02-12,2022-08-24,-46.0
253702,completed,NDS,JANSSEN INC,Vaccines,2021-07-26,120,1,184.4,114.7,131.0,454.4,0.696,2021-12-04,2021-11-18,2022-10-23,-64.39999389648438
203250,completed,NDS,"SAMSUNG BIOEPIS CO., LTD",Immunosuppressants,2017-04-24,379,1,405.2,263.0,365.0,704.0,0.8626,2018-04-24,2018-01-12,2019-03-29,-26.20001220703125
203292,completed,NDS,"SAMSUNG BIOEPIS CO., LTD",Immunosuppressants,2017-04-24,379,1,405.2,263.0,365.0,704.0,0.8626,2018-04-24,2018-01-12,2019-03-29,-26.20001220703125
230637,completed,NDS,FRESENIUS KABI CANADA LTD,Immunosuppressants,2019-10-04,392,1,391.3,266.0,313.0,693.8,0.8549,2020-08-12,2020-06-26,2021-08-28,0.70001220703125
217314,completed,NDS,SANDOZ CANADA INCORPORATED,Immunosuppressants,2018-11-16,719,1,415.6,264.9,357.3,723.9,0.8381,2019-11-08,2019-08-08,2020-11-09,303.3999938964844
229124,completed,NDS,BGP PHARMA ULC,Immunosuppressants,2019-09-26,426,1,381.9,263.1,313.5,662.1,0.812,2020-08-04,2020-06-15,2021-07-19,44.100006103515625
235685,completed,NDS,PFIZER CANADA ULC,Immunosuppressants,2020-03-20,300,1,357.3,267.0,307.7,651.9,0.9309,2021-01-22,2020-12-12,2022-01-01,-57.29998779296875
247265,completed,NDS,CELLTRION HEALTHCARE CO LTD,Immunosuppressants,2021-03-04,295,1,371.1,264.0,308.6,641.3,0.8533,2022-01-07,2021-11-23,2022-12-05,-76.10000610351562
244990,completed,NDS,JAMP PHARMA CORPORATION,Immunosuppressants,2021-02-26,313,1,366.3,262.2,308.2,630.9,0.8718,2021-12-31,2021-11-15,2022-11-19,-53.29998779296875
271199,completed,NDS,"BAUSCH HEALTH, CANADA INC.",Anti-acne preparations,2023-10-20,299,1,348.5,264.0,302.9,754.0,0.928,2024-08-18,2024-07-10,2025-11-12,-49.5
251005,completed,NDS,BIOGEN CANADA INC,Other nervous system drugs,2021-06-02,359,0,320.0,262.9,300.5,625.9,0.7883,2022-03-29,2022-02-20,2023-02-18,39.0
290853,completed,NDS,"CLINUVEL, INC.",Emollients and protectives,2024-12-18,568,1,360.9,262.6,305.0,583.6,0.9408,2025-10-19,2025-09-07,2026-07-25,207.10000610351562
282152,completed,NDS,APOTEX INC,Ophthalmologicals,2024-02-09,503,1,426.8,274.8,313.5,690.0,0.9608,2024-12-19,2024-11-10,2025-12-30,76.20001220703125
259183,completed,NDS,BIOSIMILAR COLLABORATIONS IRELAND LIMITED,Ophthalmologicals,2022-05-09,1144,1,486.4,274.9,383.2,808.1,0.8721,2023-05-27,2023-02-08,2024-07-25,657.6000061035156
276955,completed,NDS,AMGEN CANADA INC,Ophthalmologicals,2023-10-13,634,1,413.5,278.4,312.2,809.1,0.94,2024-08-20,2024-07-17,2025-12-30,220.5
286134,completed,NDS,"SAMSUNG BIOEPIS CO., LTD",Ophthalmologicals,2024-07-17,449,1,406.2,272.5,314.5,670.6,0.9584,2025-05-28,2025-04-15,2026-05-19,42.79998779296875
290401,completed,NDS,SANDOZ CANADA INCORPORATED,Ophthalmologicals,2025-01-02,301,1,319.2,272.8,302.4,487.5,0.967,2025-10-31,2025-10-02,2026-05-04,-18.20001220703125
292152,completed,NDS,VALORUM BIOLOGICS LLC,Ophthalmologicals,2025-01-23,300,1,343.5,267.2,370.5,477.9,0.9571,2026-01-28,2025-10-17,2026-05-16,-43.5
274179,completed,NDS,CELLTRION INC,Ophthalmologicals,2023-09-15,801,1,437.1,274.6,366.2,774.1,0.9116,2024-09-15,2024-06-16,2025-10-28,363.8999938964844
189442,completed,NDS,HOFFMANN-LA ROCHE LIMITED,Antineoplastic agents,2016-02-11,231,1,238.8,221.5,240.3,384.0,0.9264,2016-10-08,2016-09-20,2017-03-01,-7.8000030517578125
246730,completed,NDS,TAKEDA CANADA INC,Antihemorrhagics,2021-01-11,305,1,310.7,263.4,300.5,602.1,0.8904,2021-11-08,2021-10-01,2022-09-05,-5.70001220703125
183116,completed,NDS,SANOFI-AVENTIS CANADA INC,Lipid modifying agents,2015-06-16,300,1,310.3,265.1,300.0,611.0,0.8785,2016-04-11,2016-03-07,2017-02-16,-10.29998779296875
226941,completed,NDS,NOVARTIS PHARMACEUTICALS CANADA INC,Antineoplastic agents,2019-05-17,299,1,297.2,254.5,298.9,411.6,0.9194,2020-03-11,2020-01-26,2020-07-02,1.79998779296875
273683,completed,NDS,GRIFOLS THERAPEUTICS LLC,Antihemorrhagics,2023-05-15,179,1,328.3,262.5,302.1,647.2,0.8984,2024-03-12,2024-02-01,2025-02-20,-149.29998779296875
189825,completed,NDS,MERCK CANADA INC,Drugs for constipation,2016-03-16,378,0,334.1,265.4,301.2,826.0,0.8852,2017-01-11,2016-12-06,2018-06-20,43.899993896484375
234655,completed,NDS,MEDUNIK CANADA,Other nervous system drugs,2020-02-21,1054,1,208.4,175.4,194.3,575.2,0.9636,2020-09-02,2020-08-14,2021-09-18,845.6000061035156
232685,completed,NDS,KYE PHARMACEUTICALS INC,Other nervous system drugs,2020-02-07,175,1,183.3,176.3,177.5,355.7,0.9598,2020-08-03,2020-08-01,2021-01-28,-8.300003051757812
235705,completed,NDS,KYE PHARMACEUTICALS INC,Psycholeptics,2020-03-20,307,0,334.9,265.2,300.9,634.5,0.8225,2021-01-15,2020-12-10,2021-12-14,-27.899993896484375
254440,completed,NDS,JANSSEN INC,Antineoplastic agents,2021-07-30,243,1,245.9,225.8,245.1,394.8,0.9098,2022-04-01,2022-03-13,2022-08-29,-2.899993896484375
211854,completed,NDS,PENDOPHARM DIVISION OF PHARMASCIENCE INC,Calcium channel blockers,2018-07-17,178,1,321.2,260.3,300.8,773.0,0.7655,2019-05-14,2019-04-03,2020-08-28,-143.20001220703125
221964,completed,NDS,SANDOZ CANADA INCORPORATED,Antibacterials for systemic use,2019-04-04,299,1,323.4,261.7,301.3,694.7,0.8766,2020-01-30,2019-12-22,2021-02-27,-24.399993896484375
279991,completed,NDS,KYE PHARMACEUTICALS INC,Psychoanaleptics,2024-04-05,479,1,341.6,263.8,303.0,609.4,0.9655,2025-02-02,2024-12-25,2025-12-05,137.39999389648438
266464,completed,NDS,ASTRAZENECA CANADA INC,All other therapeutic products,2022-10-26,233,1,262.4,232.5,243.6,576.6,0.91,2023-06-27,2023-06-15,2024-05-25,-29.399993896484375
275936,completed,NDS,MODERNA BIOPHARMA CANADA CORPORATION,Vaccines,2023-06-30,74,1,113.7,86.7,111.0,464.1,0.7498,2023-10-19,2023-09-25,2024-10-06,-39.69999694824219
246187,completed,NDS,ASTRAZENECA CANADA INC,Immunosuppressants,2020-12-23,342,1,301.2,263.9,299.5,426.1,0.91,2021-10-18,2021-09-13,2022-02-22,40.79998779296875
212387,completed,NDS,EMERGENT BIODEFENSE OPERATIONS LANSING LLC,Vaccines,2018-02-16,300,1,313.4,248.4,299.8,496.4,0.8956,2018-12-13,2018-10-22,2019-06-27,-13.399993896484375
200446,completed,NDS,EMERGENT BIODEFENSE OPERATIONS LANSING LLC,Immune sera and immunoglobulins,2017-01-12,298,1,320.4,264.7,300.1,653.7,0.9155,2017-11-08,2017-10-04,2018-10-28,-22.399993896484375
194071,completed,NDS,GRIFOLS BIOLOGICALS LLC,Antihemorrhagics,2016-06-27,683,1,315.7,258.6,300.3,679.3,0.8425,2017-04-23,2017-03-13,2018-05-07,367.29998779296875
189709,completed,NDS,BAXALTA CANADA CORPORATION,Antihemorrhagics,2016-01-22,300,1,308.6,259.9,300.1,566.5,0.9339,2016-11-17,2016-10-08,2017-08-11,-8.600006103515625
210935,completed,NDS,BAYER INC,Antihemorrhagics,2017-12-22,300,1,303.9,267.2,299.8,495.8,0.8786,2018-10-18,2018-09-15,2019-05-02,-3.899993896484375
218531,completed,NDS,NOVO NORDISK CANADA INC,Antihemorrhagics,2018-09-07,300,1,308.2,269.5,299.9,543.4,0.9111,2019-07-04,2019-06-03,2020-03-03,-8.20001220703125
211942,completed,NDS,JANSSEN INC,Endocrine therapy,2018-01-05,179,1,186.1,176.7,188.0,350.5,0.9733,2018-07-12,2018-07-01,2018-12-21,-7.100006103515625
217320,completed,NDS,SUNOVION PHARMACEUTICALS CANADA INC,Anti-parkinson drugs,2018-08-23,659,1,332.4,260.3,300.7,771.1,0.7646,2019-06-20,2019-05-10,2020-10-02,326.6000061035156
290073,completed,NDS,IDORSIA PHARMACEUTICALS LTD,Antihypertensives,2025-01-28,329,1,317.1,260.1,301.7,435.4,0.9626,2025-11-26,2025-10-15,2026-04-08,11.899993896484375
247924,completed,NDS,NORDIC GROUP B.V.,Antihemorrhagics,2021-02-19,347,0,315.4,260.4,300.6,634.6,0.8782,2021-12-17,2021-11-06,2022-11-16,31.600006103515625
286599,completed,NDS,ORIMED PHARMA INC,Psycholeptics,2024-07-25,174,1,334.2,261.8,302.7,600.1,0.9472,2025-05-24,2025-04-13,2026-03-17,-160.20001220703125
286681,completed,NDS,ODAN LABORATORIES LTD,Psycholeptics,2024-09-09,555,1,372.0,264.2,303.6,602.6,0.9438,2025-07-10,2025-05-31,2026-05-05,183.0
285622,completed,NDS,AMIVAS IRELAND LTD.,Antiprotozoals,2024-09-06,301,1,245.3,178.1,224.7,586.6,0.9765,2025-04-19,2025-03-03,2026-04-16,55.69999694824219
255700,completed,NDS,NOVARTIS PHARMACEUTICALS CANADA INC,Antineoplastic agents,2021-08-27,300,1,301.2,256.7,299.1,473.3,0.9018,2022-06-22,2022-05-11,2022-12-13,-1.20001220703125
273065,completed,NDS,"BAUSCH HEALTH, CANADA INC.",Drugs for constipation,2023-07-24,389,1,354.2,265.2,303.6,684.0,0.9258,2024-05-23,2024-04-14,2025-06-07,34.79998779296875
186992,completed,NDS,PTC THERAPEUTICS INTERNATIONAL LIMITED,All other therapeutic products,2015-09-15,184,0,258.1,224.0,253.4,671.5,0.8652,2016-05-25,2016-04-26,2017-07-18,-74.10000610351562
217349,completed,NDS,PTC THERAPEUTICS INTERNATIONAL LIMITED,Other drugs for disorders of the musculo-skeletal system,2018-09-13,390,0,277.6,224.3,254.1,719.6,0.7867,2019-05-25,2019-04-25,2020-09-02,112.39999389648438
196843,completed,NDS,HOFFMANN-LA ROCHE LIMITED,Antineoplastic agents,2016-08-19,236,1,243.9,224.7,244.3,409.4,0.8904,2017-04-20,2017-04-01,2017-10-02,-7.899993896484375
253186,completed,NDS,ABBVIE CORPORATION,Analgesics,2021-07-15,525,1,334.8,269.7,300.5,616.5,0.876,2022-05-11,2022-04-11,2023-03-23,190.20001220703125
296219,completed,NDS,NOVARTIS PHARMACEUTICALS CANADA INC,Agents acting on the renin-angiotensin system,2025-07-17,350,1,316.8,268.1,301.5,397.9,0.94,2026-05-15,2026-04-11,2026-08-19,33.20001220703125
262121,completed,NDS,PHARMA STULLN INC.,Ophthalmologicals,2023-04-06,466,0,393.9,264.5,303.8,694.3,0.8979,2024-02-04,2023-12-26,2025-02-28,72.10000610351562
248255,completed,NDS,VIFOR FRESENIUS MEDICAL CARE RENAL PHARMA LTD,Immunosuppressants,2021-05-24,325,1,323.6,259.5,300.0,503.9,0.8438,2022-03-20,2022-02-08,2022-10-10,1.399993896484375
245680,completed,NDS,SANOFI-AVENTIS CANADA INC,Other alimentary tract and metabolism products,2020-11-30,347,1,313.6,270.2,299.7,532.9,0.9006,2021-09-26,2021-08-27,2022-05-17,33.399993896484375
220887,completed,NDS,ACERUS PHARMACEUTICALS CORPORATION,Urologicals,2019-06-25,833,0,322.9,257.4,300.8,751.4,0.7726,2020-04-21,2020-03-08,2021-07-15,510.1000061035156
278913,completed,NDS,BLUEPRINT MEDICINES CORPORATION,Antineoplastic agents,2023-11-23,300,1,317.6,255.8,300.9,499.6,0.8971,2024-09-19,2024-08-05,2025-04-06,-17.600006103515625
251688,completed,NDS,SWEDISH ORPHAN BIOVITRUM AB (PUBL),Antihemorrhagics,2021-06-11,875,1,321.6,268.9,300.8,618.1,0.7962,2022-04-08,2022-03-07,2023-02-19,553.3999938964844
204052,completed,NDS,EMD SERONO A DIVISION OF EMD INC CANADA,Antineoplastic agents,2017-04-21,241,1,242.8,222.6,243.9,450.0,0.8861,2017-12-21,2017-11-30,2018-07-15,-1.8000030517578125
208742,completed,NDS,EMD SERONO A DIVISION OF EMD INC CANADA,Antineoplastic agents,2017-09-19,227,1,248.0,222.2,245.5,568.8,0.8304,2018-05-22,2018-04-29,2019-04-11,-21.0
218389,completed,NDS,GILEAD SCIENCES CANADA INC,Antineoplastic agents,2018-08-17,180,1,176.8,176.2,177.4,265.5,0.9559,2019-02-10,2019-02-09,2019-05-10,3.1999969482421875
240668,completed,NDS,CELGENE INC,Antineoplastic agents,2020-07-13,176,1,175.7,172.8,177.0,303.7,0.9492,2021-01-06,2021-01-02,2021-05-13,0.3000030517578125
221579,completed,NDS,VERITY PHARMACEUTICALS INC,Immunostimulants,2018-12-27,728,1,283.7,232.2,256.2,637.8,0.8426,2019-09-09,2019-08-16,2020-09-25,444.29998779296875
227361,completed,NDS,HOFFMANN-LA ROCHE LIMITED,Antivirals for systemic use,2019-05-31,264,1,296.8,264.9,299.2,416.7,0.8529,2020-03-25,2020-02-20,2020-07-21,-32.79998779296875
193687,completed,NDS,ELI LILLY CANADA INC,Antiinflammatory and antirheumatic products,2016-05-17,822,1,326.4,264.8,300.4,791.6,0.8113,2017-03-13,2017-02-06,2018-07-18,495.6000061035156
244947,completed,NDS,ELI LILLY CANADA INC,Immune sera and immunoglobulins,2020-10-12,39,1,248.1,60.9,162.4,917.3,0.6184,2021-03-23,2020-12-12,2023-04-17,-209.10000610351562
253646,completed,NDS,ELI LILLY CANADA INC,Immune sera and immunoglobulins,2021-07-23,577,0,338.8,110.6,170.4,860.6,0.4983,2022-01-09,2021-11-11,2023-12-01,238.20001220703125
271063,completed,NDS,CHIESI FARMACEUTICI S.P.A.,Drugs for obstructive airway diseases,2023-05-12,735,1,363.8,266.5,302.2,746.2,0.9242,2024-03-09,2024-02-03,2025-05-27,371.20001220703125
288908,completed,NDS,GLAXOSMITHKLINE INC,Antineoplastic agents,2024-09-24,297,1,316.5,260.0,301.0,453.4,0.9415,2025-07-22,2025-06-11,2025-12-21,-19.5
289008,completed,NDS,GLAXOSMITHKLINE INC,Antineoplastic agents,2024-09-24,300,1,317.3,259.4,301.0,504.5,0.9491,2025-07-22,2025-06-10,2026-02-10,-17.29998779296875
208886,completed,NDS,SERVIER CANADA INC,Antineoplastic agents,2017-12-21,697,0,320.1,253.8,299.2,517.5,0.8284,2018-10-16,2018-09-01,2019-05-22,376.8999938964844
245791,completed,NDS,KADMON PHARMACEUTICALS LLC,Immunosuppressants,2021-01-05,435,1,192.0,144.2,184.3,466.8,0.9658,2021-07-08,2021-05-29,2022-04-17,243.0
254495,completed,NDS,MERCK CANADA INC,Antineoplastic agents,2021-09-01,313,1,302.9,244.7,299.2,461.9,0.8966,2022-06-27,2022-05-04,2022-12-07,10.100006103515625
291745,completed,NDS,HLS THERAPEUTICS INC,Lipid modifying agents,2025-01-20,298,1,298.7,260.1,300.8,400.9,0.9643,2025-11-17,2025-10-07,2026-02-25,-0.70001220703125
248962,completed,NDS,PFIZER CANADA ULC,Antineoplastic agents,2021-03-26,294,1,298.5,254.3,299.1,453.1,0.9312,2022-01-19,2021-12-05,2022-06-22,-4.5
249957,completed,NDS,DR REDDYS LABORATORIES LTD,Antineoplastic agents,2021-07-09,299,1,313.1,250.9,299.6,606.2,0.8247,2022-05-05,2022-03-17,2023-03-07,-14.100006103515625
204008,completed,NDS,ASTRAZENECA CANADA INC,Immunosuppressants,2017-04-28,300,1,299.4,262.5,299.5,411.6,0.9196,2018-02-21,2018-01-15,2018-06-14,0.600006103515625
286948,completed,NDS,SEARCHLIGHT PHARMA INC,Anti-acne preparations,2024-09-12,349,1,356.3,259.8,303.5,626.7,0.9502,2025-07-12,2025-05-30,2026-06-01,-7.29998779296875
293525,completed,NDS,SEARCHLIGHT PHARMA INC,Anti-acne preparations,2025-02-07,300,1,319.8,255.5,301.8,436.9,0.9583,2025-12-06,2025-10-21,2026-04-20,-19.79998779296875
179294,completed,NDS,BAUSCH & LOMB INC,Ophthalmologicals,2015-10-07,294,1,335.4,265.5,300.2,637.7,0.8834,2016-08-02,2016-06-29,2017-07-06,-41.399993896484375
252301,completed,NDS,BIOCRYST PHARMACEUTICALS INC,Other hematological agents,2021-08-09,297,1,312.1,261.7,300.7,654.3,0.8322,2022-06-06,2022-04-28,2023-05-25,-15.100006103515625
292802,completed,NDS,KNIGHT THERAPEUTICS INC.,Antipsoriatics,2025-01-20,305,1,310.0,258.5,301.9,443.9,0.9658,2025-11-18,2025-10-05,2026-04-09,-5.0
203765,completed,NDS,LEO PHARMA INC,"Corticosteroids, dermatological preparations",2017-06-16,300,1,335.1,260.8,300.8,774.9,0.7672,2018-04-13,2018-03-04,2019-07-31,-35.100006103515625
227270,completed,NDS,ALK- ABELLO A/S,Nasal preparations,2019-06-20,300,1,329.5,256.4,300.7,780.7,0.7873,2020-04-16,2020-03-02,2021-08-09,-29.5
201427,completed,NDS,AMGEN CANADA INC,Antineoplastic agents,2017-02-17,437,1,401.9,259.5,361.6,721.2,0.9454,2018-02-14,2017-11-03,2019-02-08,35.100006103515625
218183,completed,NDS,PFIZER CANADA ULC,Antineoplastic agents,2018-08-17,301,1,406.4,259.2,355.5,769.1,0.9226,2019-08-07,2019-05-03,2020-09-24,-105.39999389648438
217524,completed,NDS,PFIZER CANADA ULC,Antineoplastic agents,2018-08-17,872,1,406.4,259.2,355.5,769.1,0.9226,2019-08-07,2019-05-03,2020-09-24,465.6000061035156
242395,completed,NDS,CENTUS BIOTHERAPEUTICS LIMITED,Antineoplastic agents,2020-10-02,356,0,412.1,257.6,367.7,653.2,0.8281,2021-10-05,2021-06-17,2022-07-17,-56.100006103515625
244450,completed,NDS,APOTEX INC,Antineoplastic agents,2020-11-19,308,1,387.5,261.9,310.2,684.4,0.8585,2021-09-25,2021-08-08,2022-10-04,-79.5
237499,completed,NDS,BGP PHARMA ULC,Antineoplastic agents,2020-07-23,470,1,374.4,257.5,310.2,645.0,0.8229,2021-05-29,2021-04-07,2022-04-29,95.60000610351562
247724,completed,NDS,"SAMSUNG BIOEPIS CO., LTD",Antineoplastic agents,2021-02-03,300,1,364.4,257.7,309.0,638.7,0.8887,2021-12-09,2021-10-19,2022-11-04,-64.39999389648438
247369,completed,NDS,"SAMSUNG BIOEPIS CO., LTD",Antineoplastic agents,2021-02-03,300,1,364.4,257.7,309.0,638.7,0.8887,2021-12-09,2021-10-19,2022-11-04,-64.39999389648438
258973,completed,NDS,CELLTRION HEALTHCARE CO LTD,Antineoplastic agents,2022-03-09,300,1,373.9,260.0,309.1,638.0,0.8813,2023-01-12,2022-11-24,2023-12-07,-73.89999389648438
295938,completed,NDS,CURATEQ BIOLOGICS PRIVATE LIMITED,Antineoplastic agents,2025-06-27,305,1,339.1,263.5,370.2,500.6,0.9364,2026-07-02,2026-03-17,2026-11-10,-34.100006103515625
203718,completed,NDS,GILEAD SCIENCES CANADA INC,Antivirals for systemic use,2017-09-14,299,1,301.5,266.3,299.4,441.4,0.865,2018-07-10,2018-06-07,2018-11-29,-2.5
184231,completed,NDS,ARALEZ PHARMACEUTICALS TRADING DAC,Antihistamines for systemic use,2015-06-26,300,1,320.9,257.5,300.8,821.4,0.8054,2016-04-22,2016-03-10,2017-09-24,-20.899993896484375
259843,completed,NDS,AEQUUS PHARMACEUTICALS INC,Ophthalmologicals,2022-02-11,306,1,386.3,264.2,302.4,699.9,0.8804,2022-12-10,2022-11-02,2024-01-12,-80.29998779296875
238499,completed,NDS,UCB CANADA INC,Immunosuppressants,2021-04-13,307,1,315.9,262.3,300.2,525.0,0.8485,2022-02-07,2021-12-31,2022-09-20,-8.899993896484375
237410,completed,NDS,PFIZER CANADA ULC,Antineoplastic agents,2020-05-07,299,1,304.2,256.9,299.0,468.1,0.9119,2021-03-02,2021-01-19,2021-08-18,-5.20001220703125
203050,completed,NDS,SANDOZ CANADA INCORPORATED,Beta blocking agents,2017-07-07,864,1,337.8,262.6,301.9,843.3,0.747,2018-05-05,2018-03-27,2019-10-28,526.2000122070312
231842,completed,NDS,JAMP PHARMA CORPORATION,Beta blocking agents,2020-05-19,120,0,321.2,260.2,300.7,762.4,0.8062,2021-03-16,2021-02-03,2022-06-20,-201.20001220703125
232423,completed,NDS,AVIR PHARMA INC,Antithrombotic agents,2019-11-29,300,1,320.5,264.7,300.2,655.3,0.8303,2020-09-24,2020-08-20,2021-09-14,-20.5
181723,completed,NDS,AMGEN CANADA INC,Antineoplastic agents,2015-04-15,251,1,239.0,224.8,241.4,378.2,0.9463,2015-12-12,2015-11-26,2016-04-27,12.0
273611,completed,NDS,DR REDDYS LABORATORIES LTD,Antineoplastic agents,2023-07-26,359,1,319.5,253.3,300.9,607.5,0.9054,2024-05-22,2024-04-04,2025-03-24,39.5
190645,completed,NDS,CANGENE CORPORATION,Immune sera and immunoglobulins,2016-02-12,300,1,318.2,265.4,301.0,705.6,0.927,2016-12-09,2016-11-03,2018-01-18,-18.20001220703125
192684,completed,NDS,OTSUKA PHARMACEUTICAL CO LTD,Psycholeptics,2016-04-22,300,1,318.5,263.9,300.2,702.7,0.8939,2017-02-16,2017-01-11,2018-03-26,-18.5
246355,completed,NDS,GILEAD SCIENCES CANADA INC,Antineoplastic agents,2020-12-10,180,1,177.3,175.7,179.3,270.9,0.9614,2021-06-07,2021-06-04,2021-09-07,2.6999969482421875
210369,completed,NDS,TAKEDA CANADA INC,Antineoplastic agents,2017-11-17,251,1,250.1,225.3,246.5,475.5,0.8472,2018-07-22,2018-06-30,2019-03-07,0.899993896484375
232449,completed,NDS,DUTCH OPHTHALMIC RESEARCH CENTER INTERNATIONAL BV,Ophthalmologicals,2020-03-23,298,1,328.6,262.8,300.2,632.8,0.8413,2021-01-17,2020-12-11,2021-12-16,-30.600006103515625
262030,completed,NDS,EMERGENT BIODEFENSE OPERATIONS LANSING LLC,Antivirals for systemic use,2022-05-26,564,1,332.8,265.8,300.3,572.4,0.8712,2023-03-22,2023-02-16,2023-12-19,231.20001220703125
183355,completed,NDS,UCB CANADA INC,Antiepileptics,2015-05-14,300,1,308.8,260.5,300.2,673.9,0.8918,2016-03-09,2016-01-30,2017-03-18,-8.79998779296875
195317,completed,NDS,VALEANT CANADA LP VALEANT CANADA S.E.C.,Immunosuppressants,2016-07-15,599,1,314.1,259.2,300.0,554.5,0.8561,2017-05-11,2017-03-31,2018-01-20,284.8999938964844
226224,completed,NDS,NOVARTIS PHARMACEUTICALS CANADA INC,Ophthalmologicals,2019-05-17,300,1,326.7,270.3,300.0,609.9,0.9035,2020-03-12,2020-02-11,2021-01-16,-26.70001220703125
227232,completed,NDS,AVIR PHARMA INC,"Antidiarrheals, intestinal anti-inflammatory/anti-infective agents ",2019-05-27,163,1,177.7,175.1,177.7,353.9,0.9535,2019-11-21,2019-11-18,2020-05-15,-14.699996948242188
220876,completed,NDS,"BAUSCH HEALTH, CANADA INC.","Antidiarrheals, intestinal anti-inflammatory/anti-infective agents ",2019-06-21,299,1,308.3,260.3,300.2,661.8,0.7899,2020-04-16,2020-03-07,2021-04-13,-9.29998779296875
242357,completed,NDS,ASTRAZENECA CANADA INC,Drugs for obstructive airway diseases,2020-09-18,300,1,319.1,268.1,299.9,650.3,0.9358,2021-07-15,2021-06-13,2022-06-30,-19.100006103515625
293441,completed,NDS,GILEAD SCIENCES CANADA INC,Antivirals for systemic use,2025-02-11,178,1,190.0,178.7,183.4,239.5,0.9828,2025-08-13,2025-08-09,2025-10-08,-12.0
231224,completed,NDS,PACIRA LIMITED,Anesthetics,2019-12-18,596,0,347.4,259.2,300.8,757.0,0.8391,2020-10-14,2020-09-02,2022-01-13,248.60000610351562
233561,completed,NDS,"HERON THERAPEUTICS, INC.",Antiinflammatory and antirheumatic products,2020-01-10,796,1,335.2,255.4,300.7,799.0,0.8975,2020-11-06,2020-09-21,2022-03-19,460.79998779296875
215660,completed,NDS,INDIVIOR UK LIMITED,Other nervous system drugs,2018-05-25,180,1,208.1,174.6,192.9,554.7,0.9589,2018-12-04,2018-11-16,2019-12-01,-28.100006103515625
196428,completed,NDS,PALADIN LABS INC,Other nervous system drugs,2016-08-25,300,1,319.6,258.9,300.2,740.9,0.8572,2017-06-21,2017-05-11,2018-09-05,-19.600006103515625
204746,completed,NDS,KNIGHT THERAPEUTICS INC.,Other nervous system drugs,2017-06-08,314,1,316.7,261.8,300.2,669.2,0.7776,2018-04-04,2018-02-25,2019-04-08,-2.70001220703125
202774,completed,NDS,VALEANT CANADA LP VALEANT CANADA S.E.C.,"Antiobesity preparations, excluding diet products",2017-04-19,300,1,325.7,255.4,301.2,785.5,0.8584,2018-02-14,2017-12-30,2019-06-13,-25.70001220703125
216239,completed,NDS,KYOWA KIRIN LIMITED,Drugs for treatment of bone diseases,2018-06-08,180,1,187.5,176.8,180.7,412.6,0.9339,2018-12-06,2018-12-02,2019-07-26,-7.5
198308,completed,NDS,CSL BEHRING CANADA INC,Other hematological agents,2016-11-09,296,1,310.6,262.1,300.2,701.3,0.8772,2017-09-05,2017-07-29,2018-10-11,-14.600006103515625
280033,completed,NDS,VIIV HEALTHCARE ULC,Antivirals for systemic use,2023-11-14,178,1,190.7,175.9,195.7,335.6,0.9702,2024-05-28,2024-05-08,2024-10-15,-12.699996948242188
227315,completed,NDS,VIIV HEALTHCARE ULC,Antivirals for systemic use,2019-05-24,299,1,314.7,266.5,299.9,544.6,0.8808,2020-03-19,2020-02-14,2020-11-19,-15.70001220703125
206230,completed,NDS,IPSEN BIOPHARMACEUTICALS CANADA INC,Antineoplastic agents,2017-07-26,415,1,175.5,175.4,176.6,286.1,0.9448,2018-01-19,2018-01-17,2018-05-08,239.5
225810,completed,NDS,CHIESI FARMACEUTICI S.P.A.,Psychoanaleptics,2019-05-09,300,1,331.1,262.3,300.3,696.1,0.855,2020-03-04,2020-01-26,2021-04-04,-31.100006103515625
268282,completed,NDS,SERVIER CANADA INC,Antineoplastic agents,2022-11-17,356,1,326.5,256.1,299.6,491.1,0.857,2023-09-13,2023-07-31,2024-03-22,29.5
205392,completed,NDS,VIFOR FRESENIUS MEDICAL CARE RENAL PHARMA LTD,Vitamins,2017-09-14,299,1,320.9,261.7,300.8,747.4,0.7732,2018-07-12,2018-06-03,2019-10-01,-21.899993896484375
262870,completed,NDS,JAZZ PHARMACEUTICALS IRELAND LIMITED,Other nervous system drugs,2022-07-29,300,1,329.5,267.2,300.9,671.7,0.8824,2023-05-26,2023-04-22,2024-05-31,-29.5
213303,completed,NDS,NOVARTIS PHARMACEUTICALS CANADA INC,Immunosuppressants,2018-06-14,180,0,300.8,261.4,299.5,498.5,0.89,2019-04-10,2019-03-02,2019-10-25,-120.79998779296875
255032,completed,NDS,CHIESI FARMACEUTICI S.P.A.,Antithrombotic agents,2021-11-18,428,1,339.0,267.0,300.6,603.2,0.841,2022-09-15,2022-08-12,2023-07-14,89.0
268559,completed,NDS,GW RESEARCH LIMITED,Antiepileptics,2023-01-20,299,1,317.3,259.7,302.0,665.9,0.9412,2023-11-18,2023-10-07,2024-11-16,-18.29998779296875
274859,completed,NDS,ASTRAZENECA CANADA INC,Antineoplastic agents,2023-06-05,235,1,253.1,160.8,244.9,406.0,0.9162,2024-02-05,2023-11-13,2024-07-15,-18.100006103515625
230001,completed,NDS,SANOFI-AVENTIS CANADA INC,Antithrombotic agents,2019-08-16,196,1,190.4,177.3,186.8,329.7,0.9596,2020-02-19,2020-02-09,2020-07-11,5.600006103515625
255972,completed,NDS,NOVARTIS PHARMACEUTICALS CANADA INC,Antineoplastic agents,2021-09-16,252,1,251.3,227.6,244.3,466.0,0.9117,2022-05-18,2022-05-02,2022-12-26,0.6999969482421875
248574,completed,NDS,ETHYPHARM INC,Agents acting on the renin-angiotensin system,2021-04-19,973,1,388.2,259.0,302.9,740.0,0.8477,2022-02-16,2022-01-03,2023-04-29,584.7999877929688
257242,completed,NDS,AURO PHARMA INC,Anti-parkinson drugs,2022-04-14,180,1,336.8,254.7,301.3,731.1,0.8752,2023-02-09,2022-12-25,2024-04-14,-156.79998779296875
184479,completed,NDS,AMGEN CANADA INC,Antineoplastic agents,2015-07-20,179,1,176.7,177.1,180.1,264.0,0.9734,2016-01-16,2016-01-13,2016-04-09,2.3000030517578125
249774,completed,NDS,ALLERGAN INC,Psycholeptics,2021-06-28,298,1,325.4,259.9,300.7,645.5,0.7897,2022-04-25,2022-03-15,2023-04-05,-27.399993896484375
249830,completed,NDS,HOFFMANN-LA ROCHE LIMITED,Immune sera and immunoglobulins,2021-02-24,105,1,257.6,94.3,178.6,877.2,0.7312,2021-08-22,2021-05-29,2023-07-21,-152.60000610351562
256264,completed,NDS,HOFFMANN-LA ROCHE LIMITED,Immune sera and immunoglobulins,2021-09-02,1023,0,255.4,71.0,167.9,889.5,0.6097,2022-02-17,2021-11-12,2024-02-09,767.6000061035156
234610,completed,NDS,OTSUKA PHARMACEUTICAL CO LTD,Antineoplastic agents,2020-01-27,162,1,226.2,147.4,240.0,470.9,0.9075,2020-09-23,2020-06-22,2021-05-12,-64.19999694824219
261973,completed,NDS,ORIMED PHARMA INC,Antibacterials for systemic use,2022-07-28,592,0,317.7,259.3,300.8,629.5,0.8473,2023-05-25,2023-04-13,2024-04-17,274.29998779296875
189720,completed,NDS,AURO PHARMA INC,Antibacterials for systemic use,2016-05-13,516,1,312.6,256.5,300.3,754.7,0.8882,2017-03-09,2017-01-25,2018-06-07,203.39999389648438
280702,completed,NDS,SCILEX PHARMACEUTICALS INC.,Antiinflammatory and antirheumatic products,2024-02-12,422,1,367.8,264.0,304.0,651.8,0.9565,2024-12-12,2024-11-02,2025-11-25,54.20001220703125
218718,completed,NDS,SANOFI-AVENTIS CANADA INC,Antineoplastic agents,2018-08-24,229,1,242.0,225.7,242.1,408.3,0.9149,2019-04-23,2019-04-07,2019-10-06,-13.0
218145,completed,NDS,DOMPÉ FARMACEUTICI S.P.A.,Ophthalmologicals,2018-08-14,178,1,212.0,176.0,194.2,547.4,0.9418,2019-02-24,2019-02-06,2020-02-12,-34.0
261689,completed,NDS,ENDO VENTURES LTD,Antiepileptics,2022-07-29,318,1,318.6,267.6,300.8,639.0,0.8639,2023-05-26,2023-04-23,2024-04-28,-0.600006103515625
216539,completed,NDS,BIOMARIN INTERNATIONAL LIMITED,Other alimentary tract and metabolism products,2018-06-22,180,1,187.5,177.3,180.7,414.8,0.9339,2018-12-20,2018-12-16,2019-08-11,-7.5
240337,completed,NDS,KYE PHARMACEUTICALS INC,Other nervous system drugs,2020-09-25,558,0,321.0,263.2,300.2,635.7,0.7919,2021-07-22,2021-06-15,2022-06-23,237.0
244627,completed,NDS,ASTRAZENECA CANADA INC,Vaccines,2020-10-01,148,1,138.0,65.2,127.2,520.1,0.8127,2021-02-05,2020-12-05,2022-03-05,10.0
248651,completed,NDS,VERITY PHARMACEUTICALS INC,Vaccines,2021-01-23,34,1,116.4,88.6,139.8,505.0,0.7866,2021-06-12,2021-04-22,2022-06-12,-82.4000015258789
253700,completed,NDS,ASTRAZENECA CANADA INC,Vaccines,2021-06-14,158,1,171.7,105.8,129.0,454.6,0.6847,2021-10-21,2021-09-28,2022-09-12,-13.699996948242188
275762,completed,NDS,VALNEVA AUSTRIA GMBH,Vaccines,2023-08-25,300,1,322.8,249.7,301.6,532.1,0.8887,2024-06-22,2024-05-01,2025-02-07,-22.79998779296875
296487,completed,NDS,BAVARIAN NORDIC AS,Vaccines,2025-07-21,340,1,310.7,249.7,300.8,375.1,0.9289,2026-05-18,2026-03-28,2026-07-31,29.29998779296875
238994,completed,NDS,RECORDATI RARE DISEASES CANADA INC,Antineoplastic agents,2020-08-13,299,1,307.6,251.1,299.2,606.2,0.8247,2021-06-08,2021-04-21,2022-04-11,-8.600006103515625
270862,completed,NDS,B. BRAUN MELSUNGEN AG,Anesthetics,2023-05-05,475,1,356.6,259.4,303.1,739.7,0.9181,2024-03-03,2024-01-19,2025-05-14,118.39999389648438
291940,completed,NDS,APOTEX INC,Ophthalmologicals,2025-02-20,448,1,326.5,265.9,301.7,446.2,0.9598,2025-12-19,2025-11-13,2026-05-12,121.5
223801,completed,NDS,FRESENIUS KABI CANADA LTD,Blood substitutes and perfusion solutions,2019-06-07,299,1,337.6,266.1,302.1,770.5,0.8108,2020-04-04,2020-02-28,2021-07-16,-38.600006103515625
200865,completed,NDS,MARCAN PHARMACEUTICALS INC,Antivirals for systemic use,2017-04-24,324,1,335.5,264.7,299.8,579.0,0.8662,2018-02-18,2018-01-14,2018-11-24,-11.5
296713,completed,NDS,MERCK CANADA INC,Antibacterials for systemic use,2025-05-06,269,1,207.9,178.6,213.0,305.1,0.9807,2025-12-05,2025-11-01,2026-03-07,61.100006103515625
258295,completed,NDS,ASTRAZENECA CANADA INC,Immune sera and immunoglobulins,2021-11-12,153,1,267.8,77.0,173.0,841.6,0.7236,2022-05-04,2022-01-28,2024-03-03,-114.79998779296875
240368,completed,NDS,KYE PHARMACEUTICALS INC,Antithrombotic agents,2021-02-18,511,0,368.1,265.0,303.0,644.2,0.8467,2021-12-18,2021-11-10,2022-11-24,142.89999389648438
262122,completed,NDS,JANSSEN INC,Antineoplastic agents,2022-04-01,314,1,247.2,226.1,242.9,375.2,0.9275,2022-11-30,2022-11-13,2023-04-11,66.80000305175781
195151,completed,NDS,XEDITON PHARMACEUTICALS INC,Other nervous system drugs,2016-09-16,795,0,332.6,263.3,300.2,712.3,0.8704,2017-07-13,2017-06-06,2018-08-29,462.3999938964844
284815,completed,NDS,AMICUS THERAPEUTICS CANADA INC.,Other alimentary tract and metabolism products,2024-06-19,299,1,342.0,267.0,302.8,611.9,0.9453,2025-04-18,2025-03-13,2026-02-21,-43.0
298071,completed,NDS,MINT PHARMACEUTICALS INC,Psychoanaleptics,2025-08-29,180,1,305.0,260.0,300.8,411.3,0.9457,2026-06-26,2026-05-16,2026-10-14,-125.0
200943,completed,NDS,EMD SERONO A DIVISION OF EMD INC CANADA,Immunosuppressants,2017-02-03,300,1,303.7,257.3,299.7,563.5,0.895,2017-11-30,2017-10-18,2018-08-21,-3.70001220703125
265619,completed,NDS,SUN PHARMACEUTICAL INDUSTRIES LIMITED,Anti-acne preparations,2022-08-22,297,1,334.9,263.6,301.4,724.2,0.8542,2023-06-19,2023-05-13,2024-08-15,-37.899993896484375
295182,completed,NDS,MERCK CANADA INC,Immune sera and immunoglobulins,2025-04-07,298,1,326.5,271.3,302.0,478.5,0.9555,2026-02-03,2026-01-03,2026-07-30,-28.5
293084,completed,NDS,APOTEX INC,Ophthalmologicals,2025-03-14,364,1,325.0,265.9,301.7,434.5,0.9575,2026-01-10,2025-12-05,2026-05-22,39.0
193638,completed,NDS,AA PHARMA INC,Psycholeptics,2016-05-13,179,1,321.7,258.9,300.3,769.5,0.8883,2017-03-09,2017-01-27,2018-06-21,-142.70001220703125
201114,completed,NDS,NOVO NORDISK CANADA INC,Antihemorrhagics,2017-02-02,300,1,301.5,267.4,299.8,468.1,0.94,2017-11-29,2017-10-27,2018-05-16,-1.5
199705,completed,NDS,JANSSEN INC,Antivirals for systemic use,2017-05-12,300,1,303.2,272.0,299.6,492.4,0.9402,2018-03-08,2018-02-08,2018-09-16,-3.20001220703125
182788,completed,NDS,HOFFMANN LA ROCHE LIMITED,Antineoplastic agents,2015-04-29,299,1,293.4,254.3,298.8,396.5,0.8949,2016-02-22,2016-01-08,2016-05-30,5.600006103515625
248423,completed,NDS,PENDOPHARM DIVISION OF PHARMASCIENCE INC,Antigout preparations,2021-02-26,178,1,186.0,175.0,175.3,384.2,0.9574,2021-08-20,2021-08-20,2022-03-17,-8.0
248711,completed,NDS,PENDOPHARM DIVISION OF PHARMASCIENCE INC,Antigout preparations,2021-01-25,133,0,167.2,77.5,153.6,987.6,0.7277,2021-06-28,2021-04-13,2023-10-10,-34.19999694824219
267120,completed,NDS,NOVO NORDISK CANADA INC,Antihemorrhagics,2022-09-13,178,1,180.6,178.1,181.1,291.6,0.9621,2023-03-13,2023-03-10,2023-07-02,-2.600006103515625
267314,completed,NDS,NOVO NORDISK CANADA INC,Antihemorrhagics,2022-09-29,300,1,307.7,269.8,300.1,534.3,0.9168,2023-07-26,2023-06-26,2024-03-16,-7.70001220703125
255077,completed,NDS,BAYER INC,Antineoplastic agents,2021-08-25,118,0,294.2,252.1,299.0,421.4,0.8342,2022-06-20,2022-05-04,2022-10-20,-176.20001220703125
246125,completed,NDS,SANDOZ CANADA INCORPORATED,Blood substitutes and perfusion solutions,2021-03-05,740,1,389.5,266.4,304.7,756.3,0.8631,2022-01-04,2021-11-26,2023-03-31,350.5
253111,completed,NDS,PFIZER CANADA ULC,Vaccines,2021-07-13,300,1,306.3,252.4,300.3,466.5,0.9157,2022-05-09,2022-03-22,2022-10-22,-6.29998779296875
247042,completed,NDS,MERCK CANADA INC,Vaccines,2021-01-22,298,1,309.5,252.8,301.2,482.4,0.9427,2021-11-19,2021-10-02,2022-05-19,-11.5
281914,completed,NDS,MERCK CANADA INC,Vaccines,2024-01-04,193,1,195.0,180.7,188.3,283.1,0.9834,2024-07-10,2024-07-03,2024-10-13,-2.0
206906,completed,NDS,PFIZER CANADA INC,Other dermatological preparations,2017-08-11,300,1,321.4,263.2,300.2,637.6,0.796,2018-06-07,2018-05-01,2019-05-11,-21.399993896484375
257092,completed,NDS,JAZZ PHARMACEUTICALS IRELAND LIMITED,Antineoplastic agents,2021-11-10,296,1,307.8,249.4,299.6,567.4,0.8682,2022-09-06,2022-07-17,2023-05-31,-11.79998779296875
285444,completed,NDS,HOFFMANN-LA ROCHE LIMITED,Immunosuppressants,2024-05-17,383,1,326.4,265.7,301.9,453.8,0.9498,2025-03-15,2025-02-07,2025-08-14,56.600006103515625
276960,completed,NDS,DR REDDYS LABORATORIES LTD,Antineoplastic agents,2023-08-24,712,1,318.3,249.2,300.9,625.9,0.9078,2024-06-20,2024-04-29,2025-05-11,393.70001220703125
194580,completed,NDS,SANTEN INCORPORATED,Ophthalmologicals,2016-08-31,590,0,324.6,259.6,300.2,712.2,0.8576,2017-06-27,2017-05-18,2018-08-13,265.3999938964844
215813,completed,NDS,SANTEN INCORPORATED,Ophthalmologicals,2018-07-05,172,1,210.2,174.2,191.5,579.6,0.9409,2019-01-13,2018-12-26,2020-02-05,-38.19999694824219
234677,completed,NDS,SUN PHARMA GLOBAL FZE,Ophthalmologicals,2020-04-22,300,1,317.2,260.3,300.1,691.0,0.8564,2021-02-16,2021-01-07,2022-03-14,-17.20001220703125
211635,completed,NDS,RECORDATI RARE DISEASES CANADA INC,Ophthalmologicals,2018-02-06,370,1,192.9,175.9,183.1,420.7,0.9699,2018-08-08,2018-08-01,2019-04-03,177.10000610351562
285212,completed,NDS,"LEADIANT BIOSCIENCES, INC.",Ophthalmologicals,2024-05-21,654,1,353.9,266.9,302.8,650.8,0.943,2025-03-20,2025-02-12,2026-03-03,300.1000061035156
242743,completed,NDS,JAZZ PHARMACEUTICALS IRELAND LIMITED,Antineoplastic agents,2020-11-02,178,1,177.2,174.2,177.6,323.2,0.957,2021-04-29,2021-04-25,2021-09-21,0.8000030517578125
190458,completed,NDS,BIOGEN CANADA INC,Immunosuppressants,2016-02-12,300,1,305.2,258.4,299.8,482.5,0.9214,2016-12-08,2016-10-27,2017-06-09,-5.20001220703125
214572,completed,NDS,PFIZER CANADA INC,Antineoplastic agents,2018-05-03,299,1,313.1,254.5,299.3,540.7,0.8435,2019-02-26,2019-01-13,2019-10-26,-14.100006103515625
212390,completed,NDS,CIPHER PHARMACEUTICALS INC,Antibacterials for systemic use,2018-03-08,180,1,185.4,176.2,184.8,382.4,0.9626,2018-09-09,2018-08-31,2019-03-25,-5.399993896484375
274338,completed,NDS,ALEXION PHARMA GMBH,Other hematological agents,2023-09-06,317,1,320.3,263.0,302.0,607.6,0.9258,2024-07-04,2024-05-26,2025-05-06,-3.29998779296875
263001,completed,NDS,GLAXOSMITHKLINE INC,Antianemic preparations,2022-05-27,409,0,321.9,269.2,300.5,591.5,0.8202,2023-03-24,2023-02-20,2024-01-08,87.10000610351562
187648,completed,NDS,JANSSEN INC,Antineoplastic agents,2015-11-10,232,1,241.7,226.6,243.4,405.6,0.9394,2016-07-10,2016-06-24,2016-12-20,-9.699996948242188
255507,completed,NDS,IDORSIA PHARMACEUTICALS LTD,Other nervous system drugs,2021-10-15,560,1,327.9,260.8,300.6,639.8,0.8244,2022-08-12,2022-07-03,2023-07-17,232.10000610351562
226146,completed,NDS,BAYER INC,Endocrine therapy,2019-04-26,300,1,305.6,264.6,299.6,563.6,0.842,2020-02-20,2020-01-16,2020-11-10,-5.600006103515625
217347,completed,NDS,TAKEDA CANADA INC,Unassigned,2018-08-09,300,0,315.2,260.4,300.6,728.1,0.7275,2019-06-06,2019-04-26,2020-08-06,-15.20001220703125
284807,completed,NDS,ASTRAZENECA CANADA INC,Antineoplastic agents,2024-07-02,262,0,315.7,259.8,301.1,448.1,0.9547,2025-04-29,2025-03-19,2025-09-23,-53.70001220703125
267589,completed,NDS,"MODERNATX, INC.",Vaccines,2022-09-12,52,1,81.4,49.9,105.9,465.0,0.7227,2022-12-27,2022-11-01,2023-12-21,-29.400001525878906
207372,completed,NDS,PENDOPHARM DIVISION OF PHARMASCIENCE INC,Antineoplastic agents,2018-03-27,300,1,309.8,253.3,299.2,475.8,0.8738,2019-01-20,2018-12-05,2019-07-16,-9.79998779296875
217663,completed,NDS,OTSUKA PHARMACEUTICAL CO LTD,Antineoplastic agents,2018-09-17,297,1,303.6,252.0,299.2,510.4,0.8067,2019-07-13,2019-05-27,2020-02-09,-6.600006103515625
200808,completed,NDS,JAZZ PHARMACEUTICALS IRELAND LIMITED,Antithrombotic agents,2017-01-11,180,1,186.7,177.1,188.1,372.4,0.9713,2017-07-18,2017-07-07,2018-01-18,-6.6999969482421875
284667,completed,NDS,XEDITON PHARMACEUTICALS INC,Antibacterials for systemic use,2024-06-07,224,1,224.0,178.9,208.9,374.7,0.9763,2025-01-02,2024-12-03,2025-06-17,0.0
282015,completed,NDS,LEO PHARMA INC,Other dermatological preparations,2024-02-13,559,1,351.8,271.4,302.8,606.4,0.9574,2024-12-12,2024-11-10,2025-10-11,207.20001220703125
271806,completed,NDS,SANDOZ CANADA INCORPORATED,Drugs for treatment of bone diseases,2023-03-20,333,1,394.1,272.1,314.7,736.3,0.9243,2024-01-29,2023-12-17,2025-03-25,-61.100006103515625
267788,completed,NDS,SANDOZ CANADA INCORPORATED,Drugs for treatment of bone diseases,2023-03-20,347,1,394.1,272.1,314.7,736.3,0.9243,2024-01-29,2023-12-17,2025-03-25,-47.100006103515625
278930,completed,NDS,CELLTRION INC,Drugs for treatment of bone diseases,2024-05-16,489,1,447.4,273.7,377.1,664.7,0.9545,2025-05-28,2025-02-14,2026-03-12,41.600006103515625
282455,completed,NDS,CELLTRION INC,Drugs for treatment of bone diseases,2024-05-16,489,1,447.4,273.7,377.1,664.7,0.9545,2025-05-28,2025-02-14,2026-03-12,41.600006103515625
286878,completed,NDS,"SHANGHAI HENLIUS BIOTECH, INC.",Drugs for treatment of bone diseases,2024-09-11,544,1,435.6,266.6,385.1,648.5,0.9439,2025-10-01,2025-06-05,2026-06-21,108.39999389648438
286888,completed,NDS,"SHANGHAI HENLIUS BIOTECH, INC.",Drugs for treatment of bone diseases,2024-09-11,544,1,435.6,266.6,385.1,648.5,0.9439,2025-10-01,2025-06-05,2026-06-21,108.39999389648438
283188,completed,NDS,APOTEX INC,Drugs for treatment of bone diseases,2024-11-07,489,1,422.3,276.7,318.0,629.4,0.9551,2025-09-21,2025-08-11,2026-07-29,66.70001220703125
289109,completed,NDS,APOTEX INC,Drugs for treatment of bone diseases,2024-11-07,489,1,422.3,276.7,318.0,629.4,0.9551,2025-09-21,2025-08-11,2026-07-29,66.70001220703125
283997,completed,NDS,"SAMSUNG BIOEPIS CO., LTD",Drugs for treatment of bone diseases,2024-05-22,677,1,407.8,271.8,318.3,669.1,0.9561,2025-04-05,2025-02-18,2026-03-22,269.20001220703125
283996,completed,NDS,"SAMSUNG BIOEPIS CO., LTD",Drugs for treatment of bone diseases,2024-05-22,691,1,407.8,271.8,318.3,669.1,0.9561,2025-04-05,2025-02-18,2026-03-22,283.20001220703125
289488,completed,NDS,BIOSIMILAR COLLABORATIONS IRELAND LIMITED,Drugs for treatment of bone diseases,2024-10-07,557,1,482.3,275.6,385.1,657.6,0.9528,2025-10-27,2025-07-10,2026-07-27,74.70001220703125
289507,completed,NDS,BIOSIMILAR COLLABORATIONS IRELAND LIMITED,Drugs for treatment of bone diseases,2024-10-07,557,1,482.3,275.6,385.1,657.6,0.9528,2025-10-27,2025-07-10,2026-07-27,74.70001220703125
297641,completed,NDS,FRESENIUS KABI CANADA LTD,Drugs for treatment of bone diseases,2025-06-23,299,1,312.7,273.7,304.3,436.3,0.9575,2026-04-23,2026-03-24,2026-09-02,-13.70001220703125
297639,completed,NDS,FRESENIUS KABI CANADA LTD,Drugs for treatment of bone diseases,2025-06-23,299,1,312.7,273.7,304.3,436.3,0.9575,2026-04-23,2026-03-24,2026-09-02,-13.70001220703125
298896,completed,NDS,JAMP PHARMA CORPORATION,Drugs for treatment of bone diseases,2025-09-16,297,1,312.1,273.9,304.3,434.9,0.9571,2026-07-17,2026-06-17,2026-11-25,-15.100006103515625
298899,completed,NDS,JAMP PHARMA CORPORATION,Drugs for treatment of bone diseases,2025-09-16,297,1,312.1,273.9,304.3,434.9,0.9571,2026-07-17,2026-06-17,2026-11-25,-15.100006103515625
290294,completed,NDS,GLAXOSMITHKLINE INC,Drugs for obstructive airway diseases,2025-04-17,424,1,326.9,273.6,301.3,444.2,0.9457,2026-02-12,2026-01-16,2026-07-05,97.10000610351562
227886,completed,NDS,DUCHESNAY INC,Gynecological antiinfectives and antiseptics,2019-07-05,754,1,334.7,260.3,302.0,776.5,0.8123,2020-05-02,2020-03-21,2021-08-19,419.29998779296875
195186,completed,NDS,ALK- ABELLO A/S,Allergens,2016-07-08,300,1,331.7,255.6,300.8,869.3,0.8499,2017-05-05,2017-03-21,2018-11-24,-31.70001220703125
208152,completed,NDS,STALLERGENES CANADA INC,Allergens,2017-09-22,1034,0,339.1,255.8,300.7,814.7,0.7946,2018-07-20,2018-06-05,2019-12-16,694.8999938964844
199626,completed,NDS,APOTEX INC,Psychoanaleptics,2017-02-03,186,1,319.5,260.2,300.6,705.7,0.8666,2017-12-01,2017-10-21,2019-01-10,-133.5
259397,completed,NDS,BRISTOL-MYERS SQUIBB CANADA,Immunosuppressants,2022-01-28,300,1,305.3,262.0,299.8,402.7,0.9099,2022-11-24,2022-10-17,2023-03-07,-5.29998779296875
281029,completed,NDS,VERTEX PHARMACEUTICALS (CANADA) INCORPORATED,Other respiratory system products,2024-09-24,300,1,323.7,263.0,302.7,561.5,0.9637,2025-07-24,2025-06-14,2026-04-08,-23.70001220703125
212391,completed,NDS,KNIGHT THERAPEUTICS INC.,Ophthalmologicals,2018-02-09,616,1,316.8,261.8,300.1,676.9,0.9106,2018-12-06,2018-10-29,2019-12-18,299.20001220703125
258157,completed,NDS,XEDITON PHARMACEUTICALS INC,Ophthalmologicals,2021-12-20,722,1,344.1,263.3,300.6,666.9,0.8555,2022-10-17,2022-09-09,2023-10-18,377.8999938964844
254850,completed,NDS,PHARMASCIENCE INC,Other nervous system drugs,2021-08-13,187,1,354.0,261.4,301.5,688.3,0.7981,2022-06-11,2022-05-01,2023-07-02,-167.0
254548,completed,NDS,VIFOR FRESENIUS MEDICAL CARE RENAL PHARMA LTD,All other therapeutic products,2021-10-21,299,1,322.2,262.1,300.4,615.6,0.8471,2022-08-17,2022-07-10,2023-06-29,-23.20001220703125
212066,completed,NDS,UNITED THERAPEUTICS CORPORATION,Antineoplastic agents,2018-02-01,300,1,305.9,251.7,299.2,516.8,0.8957,2018-11-27,2018-10-11,2019-07-03,-5.899993896484375
240071,completed,NDS,BIOGEN CANADA INC,Immunosuppressants,2020-07-17,956,0,305.9,258.2,299.8,497.4,0.811,2021-05-13,2021-04-01,2021-11-26,650.1000061035156
220402,completed,NDS,MACO PHARMA,All other non-therapeutic products,2018-11-23,300,1,347.3,264.4,302.3,831.1,0.819,2019-09-21,2019-08-14,2021-03-03,-47.29998779296875
206402,completed,NDS,VIIV HEALTHCARE ULC,Antivirals for systemic use,2017-07-26,296,1,306.9,261.1,299.8,587.9,0.8454,2018-05-22,2018-04-13,2019-03-06,-10.899993896484375
220275,completed,NDS,VIIV HEALTHCARE ULC,Antivirals for systemic use,2018-10-31,295,1,313.4,266.2,299.9,645.0,0.8708,2019-08-27,2019-07-24,2020-08-06,-18.399993896484375
282096,completed,NDS,ELI LILLY CANADA INC,Psychoanaleptics,2024-02-05,815,1,353.6,271.3,302.7,596.0,0.9472,2024-12-04,2024-11-02,2025-09-23,461.3999938964844
211293,completed,NDS,MERCK CANADA INC,Antivirals for systemic use,2017-12-15,301,1,313.3,269.9,300.1,480.2,0.8968,2018-10-11,2018-09-11,2019-04-09,-12.29998779296875
298314,completed,NDS,MERCK CANADA INC,Antivirals for systemic use,2025-08-07,319,1,314.6,266.5,301.0,364.1,0.963,2026-06-04,2026-04-30,2026-08-06,4.399993896484375
211708,completed,NDS,MERCK CANADA INC,Antivirals for systemic use,2018-01-17,296,1,304.9,266.0,299.7,514.0,0.9586,2018-11-13,2018-10-10,2019-06-15,-8.899993896484375
251105,completed,NDS,GLAXOSMITHKLINE INC,Antineoplastic agents,2021-04-23,244,1,250.6,226.7,243.3,433.9,0.841,2021-12-22,2021-12-06,2022-07-01,-6.600006103515625
218346,completed,NDS,"ADVANCED ACCELERATOR APPLICATIONS USA, INC.",Diagnostic radiopharmaceuticals,2018-09-06,300,1,295.6,259.1,300.2,622.2,0.8056,2019-07-03,2019-05-23,2020-05-20,4.399993896484375
290784,completed,NDS,STERIMAX INC,Antibacterials for systemic use,2025-01-03,298,1,345.3,261.7,302.6,414.0,0.9614,2025-11-02,2025-09-22,2026-02-21,-47.29998779296875
240372,completed,NDS,TETRA BIO-PHARMA INC.,Antiemetics and antinauseants,2021-05-28,704,0,393.7,259.0,304.3,798.9,0.8437,2022-03-28,2022-02-11,2023-08-05,310.29998779296875
242176,completed,NDS,DUCHESNAY INC,Sex hormones and modulators of the genital system,2021-02-05,298,1,323.9,263.7,300.6,674.6,0.8707,2021-12-03,2021-10-27,2022-12-12,-25.899993896484375
236197,completed,NDS,SEARCHLIGHT PHARMA INC,Sex hormones and modulators of the genital system,2020-05-12,297,1,318.0,257.9,300.2,647.4,0.8523,2021-03-08,2021-01-25,2022-02-18,-21.0
201285,completed,NDS,SANOFI-AVENTIS CANADA INC,Immunosuppressants,2017-02-03,300,1,300.5,262.8,299.4,414.2,0.9353,2017-11-29,2017-10-24,2018-03-24,-0.5
202953,completed,NDS,ASTRAZENECA CANADA INC,Antineoplastic agents,2017-03-17,231,1,236.2,222.1,238.2,378.1,0.9331,2017-11-10,2017-10-25,2018-03-30,-5.1999969482421875
208834,completed,NDS,ASTRAZENECA CANADA INC,Antineoplastic agents,2017-09-22,224,1,243.6,224.6,242.3,488.5,0.9286,2018-05-22,2018-05-05,2019-01-24,-19.600006103515625
256568,completed,NDS,MERCK CANADA INC,Vaccines,2021-10-29,376,1,315.1,247.8,300.4,470.2,0.9235,2022-08-25,2022-07-04,2023-02-11,60.899993896484375
263132,completed,NDS,AMGEN CANADA INC,Immunosuppressants,2022-07-26,1366,1,386.6,270.7,309.3,788.3,0.934,2023-05-31,2023-04-23,2024-09-21,979.3999938964844
273714,completed,NDS,AMGEN CANADA INC,Immunosuppressants,2023-05-19,1076,0,395.5,271.5,310.7,782.0,0.9383,2024-03-25,2024-02-14,2025-07-09,680.5
274185,completed,NDS,"SAMSUNG BIOEPIS CO., LTD",Immunosuppressants,2023-07-21,1062,1,379.1,266.4,311.1,648.6,0.9274,2024-05-27,2024-04-12,2025-04-30,682.8999938964844
214391,completed,NDS,MITSUBISHI TANABE PHARMA CORPORATION,Other nervous system drugs,2018-04-06,180,1,208.2,175.7,194.3,526.6,0.9591,2018-10-17,2018-09-29,2019-09-15,-28.199996948242188
187363,completed,NDS,DAIICHI SANKYO INC,Antithrombotic agents,2015-12-10,330,1,317.9,263.0,300.4,679.7,0.8626,2016-10-05,2016-08-29,2017-10-20,12.100006103515625
283753,completed,NDS,SANOFI-AVENTIS CANADA INC,Antihemorrhagics,2024-05-17,313,1,321.8,271.3,302.4,446.9,0.9537,2025-03-15,2025-02-12,2025-08-07,-8.79998779296875
267438,completed,NDS,ARGENX BV,Immunosuppressants,2022-11-23,300,1,324.2,267.4,300.4,573.6,0.8511,2023-09-19,2023-08-17,2024-06-19,-24.20001220703125
287772,completed,NDS,IPSEN BIOPHARMACEUTICALS CANADA INC,Bile and liver therapy,2024-09-03,234,1,267.2,232.8,255.3,544.6,0.9597,2025-05-16,2025-04-24,2026-03-02,-33.20001220703125
209513,completed,NDS,ABBVIE CORPORATION,Sex hormones and modulators of the genital system,2017-12-12,297,1,317.1,269.6,299.9,538.6,0.885,2018-10-08,2018-09-08,2019-06-04,-20.100006103515625
244946,completed,NDS,"MODERNATX, INC",Vaccines,2020-10-12,72,1,94.1,64.4,121.4,524.7,0.6826,2021-02-10,2020-12-15,2022-03-21,-22.099998474121094
252733,completed,NDS,"MODERNATX, INC.",Vaccines,2021-05-15,124,1,106.6,68.8,114.9,464.6,0.6446,2021-09-07,2021-07-23,2022-08-23,17.400001525878906
265656,completed,NDS,"MODERNATX, INC.",Vaccines,2022-06-30,63,1,85.0,62.1,100.0,464.2,0.7176,2022-10-08,2022-08-31,2023-10-07,-22.0
185866,completed,NDS,MERCK CANADA INC,Antivirals for systemic use,2015-07-23,180,1,181.9,177.8,178.4,278.0,0.9758,2016-01-17,2016-01-17,2016-04-26,-1.899993896484375
246955,completed,NDS,VERTEX PHARMACEUTICALS (CANADA) INCORPORATED,Other respiratory system products,2020-12-23,177,1,174.1,176.3,182.6,310.8,0.9577,2021-06-24,2021-06-17,2021-10-30,2.899993896484375
183050,completed,NDS,"SANOFI GENZYME, A DIVISION OF SANOFI-AVENTIS CANADA INC",Other alimentary tract and metabolism products,2015-05-04,718,1,320.5,260.3,300.3,688.4,0.9,2016-02-28,2016-01-19,2017-03-22,397.5
289506,completed,NDS,BAYER INC,Other gynecologicals,2024-09-27,299,1,326.7,265.4,302.9,576.8,0.9434,2025-07-27,2025-06-19,2026-04-27,-27.70001220703125
188144,completed,NDS,BRISTOL-MYERS SQUIBB CANADA,Antineoplastic agents,2015-12-24,180,1,177.8,176.5,179.0,269.4,0.9685,2016-06-20,2016-06-18,2016-09-18,2.1999969482421875
273519,completed,NDS,PFIZER CANADA ULC,Antineoplastic agents,2023-04-14,236,1,248.2,221.7,243.6,433.4,0.9427,2023-12-14,2023-11-22,2024-06-20,-12.199996948242188
190162,completed,NDS,ALLERGAN PHARMA CO.,Drugs for functional gastrointestinal disorders,2016-04-01,300,1,317.6,257.5,300.7,821.2,0.879,2017-01-27,2016-12-15,2018-07-01,-17.600006103515625
237121,completed,NDS,SWEDISH ORPHAN BIOVITRUM AB (PUBL),Immunosuppressants,2020-05-06,268,0,309.2,259.5,299.8,497.2,0.8386,2021-03-02,2021-01-21,2021-09-15,-41.20001220703125
212635,completed,NDS,HOFFMANN LA ROCHE LIMITED,Antihemorrhagics,2018-02-05,178,1,179.0,177.4,180.0,273.0,0.9677,2018-08-04,2018-08-01,2018-11-05,-1.0
217033,completed,NDS,CELGENE INC,Antineoplastic agents,2018-07-13,208,1,173.6,172.0,175.7,326.8,0.9492,2019-01-05,2019-01-01,2019-06-05,34.399993896484375
237413,completed,NDS,PFIZER CANADA ULC,Antineoplastic agents,2020-05-07,299,1,304.2,256.9,299.0,468.1,0.9119,2021-03-02,2021-01-19,2021-08-18,-5.20001220703125
238571,completed,NDS,PFIZER CANADA ULC,Antineoplastic agents,2020-06-04,300,1,301.2,256.3,299.0,542.1,0.9106,2021-03-30,2021-02-15,2021-11-28,-1.20001220703125
251438,completed,NDS,SEAGEN INC.,Antineoplastic agents,2021-05-06,176,1,187.4,173.2,180.4,377.7,0.954,2021-11-02,2021-10-26,2022-05-19,-11.399993896484375
233058,completed,NDS,JUNO PHARMACEUTICALS CORP.,Antithrombotic agents,2019-12-19,300,1,392.1,264.3,366.7,686.7,0.8331,2020-12-20,2020-09-08,2021-11-05,-92.10000610351562
233987,completed,NDS,SANDOZ CANADA INCORPORATED,Antithrombotic agents,2020-01-10,300,1,372.1,267.1,313.4,748.8,0.8812,2020-11-18,2020-10-03,2022-01-28,-72.10000610351562
231767,completed,NDS,SHENZHEN TECHDOW PHARMACEUTICAL CO LTD,Antithrombotic agents,2019-11-07,396,1,398.4,264.3,366.7,686.7,0.8356,2020-11-08,2020-07-28,2021-09-24,-2.399993896484375
243026,completed,NDS,FRESENIUS KABI CANADA LTD,Antithrombotic agents,2021-12-09,321,1,387.9,272.2,315.0,722.8,0.843,2022-10-20,2022-09-07,2023-12-02,-66.89999389648438
266545,completed,NDS,BAXTER CORPORATION,Antithrombotic agents,2022-09-16,314,1,423.0,268.4,371.3,786.8,0.8636,2023-09-22,2023-06-11,2024-11-11,-109.0
262815,completed,NDS,RED LEAF MEDICAL INC,Vaccines,2022-05-19,372,0,324.2,251.4,300.5,538.5,0.8401,2023-03-16,2023-01-25,2023-11-09,47.79998779296875
227517,completed,NDS,HOFFMANN LA ROCHE LIMITED,Antineoplastic agents,2019-06-03,252,1,241.8,224.9,244.5,398.2,0.8279,2020-02-02,2020-01-14,2020-07-05,10.199996948242188
228159,completed,NDS,HOFFMANN LA ROCHE LIMITED,Antineoplastic agents,2019-07-17,293,1,296.9,253.0,298.9,477.6,0.8595,2020-05-11,2020-03-26,2020-11-06,-3.899993896484375
271331,completed,NDS,ABBVIE CORPORATION,Antineoplastic agents,2023-02-10,245,1,247.0,224.2,241.1,375.4,0.9517,2023-10-09,2023-09-22,2024-02-20,-2.0
293948,completed,NDS,ALK- ABELLO A/S,Drugs for obstructive airway diseases,2025-02-21,412,1,329.6,267.2,301.6,458.6,0.9572,2025-12-20,2025-11-15,2026-05-26,82.39999389648438
274598,completed,NDS,ASTRAZENECA CANADA INC,Other nervous system drugs,2023-08-24,300,1,331.9,270.6,301.9,552.8,0.9211,2024-06-21,2024-05-21,2025-02-27,-31.899993896484375
233288,completed,NDS,LUNDBECK CANADA INC,Analgesics,2020-03-18,299,1,314.1,260.3,300.1,638.6,0.8486,2021-01-12,2020-12-03,2021-12-17,-15.100006103515625
224529,completed,NDS,JANSSEN INC,Antineoplastic agents,2019-03-08,231,1,241.6,223.7,238.2,430.7,0.9337,2019-11-01,2019-10-18,2020-05-12,-10.600006103515625
208607,completed,NDS,NOVARTIS PHARMACEUTICALS CANADA INC,Analgesics,2017-10-06,299,1,315.6,268.1,299.9,568.1,0.8873,2018-08-02,2018-07-01,2019-04-27,-16.600006103515625
204724,completed,NDS,MERCK CANADA INC,Drugs used in diabetes,2017-07-14,299,1,308.0,268.0,300.1,468.1,0.8919,2018-05-10,2018-04-08,2018-10-25,-9.0
201005,completed,NDS,MERCK CANADA INC,Drugs used in diabetes,2017-08-03,300,1,310.6,265.9,299.9,546.5,0.9326,2018-05-30,2018-04-26,2019-01-31,-10.600006103515625
201006,completed,NDS,MERCK CANADA INC,Drugs used in diabetes,2017-07-27,299,1,307.4,265.9,299.9,537.5,0.9326,2018-05-23,2018-04-19,2019-01-15,-8.399993896484375
255132,completed,NDS,PORTON BIOPHARMA LIMITED,Antineoplastic agents,2021-09-28,659,0,207.7,170.5,193.1,632.8,0.9363,2022-04-09,2022-03-17,2023-06-23,451.3000030517578
296453,completed,NDS,ORIMED PHARMA INC,Psychoanaleptics,2025-09-05,180,1,308.4,260.3,300.8,410.9,0.9465,2026-07-03,2026-05-23,2026-10-21,-128.39999389648438
222855,completed,NDS,JANSSEN INC,Psychoanaleptics,2019-01-04,502,1,200.9,175.1,191.0,415.7,0.9745,2019-07-14,2019-06-28,2020-02-24,301.1000061035156
223938,completed,NDS,KNIGHT THERAPEUTICS INC.,Sex hormones and modulators of the genital system,2019-10-24,298,1,318.4,262.5,300.2,675.6,0.8396,2020-08-19,2020-07-13,2021-08-30,-20.399993896484375
224010,completed,NDS,KNIGHT THERAPEUTICS INC.,Sex hormones and modulators of the genital system,2019-11-25,297,1,316.8,263.7,300.2,647.7,0.868,2020-09-20,2020-08-15,2021-09-03,-19.79998779296875
267148,completed,NDS,SUMITOMO PHARMA SWITZERLAND GMBH,Pituitary and hypothalamic hormones and analogues,2022-11-29,297,1,312.5,257.8,300.7,588.3,0.8719,2023-09-26,2023-08-14,2024-07-09,-15.5
268111,completed,NDS,SUMITOMO PHARMA SWITZERLAND GMBH,Pituitary and hypothalamic hormones and analogues,2022-12-21,300,1,311.3,257.4,300.7,623.1,0.8771,2023-10-18,2023-09-04,2024-09-04,-11.29998779296875
203472,completed,NDS,ACERUS PHARMACEUTICALS CORPORATION,Sex hormones and modulators of the genital system,2017-06-16,587,0,314.1,257.8,300.2,688.3,0.7856,2018-04-12,2018-03-01,2019-05-05,272.8999938964844
193864,completed,NDS,SANDOZ CANADA INCORPORATED,Immunosuppressants,2016-06-10,300,1,414.4,263.1,365.0,728.3,0.8358,2017-06-10,2017-02-28,2018-06-08,-114.39999389648438
234562,completed,NDS,LUPIN PHARMA CANADA LIMITED,Immunosuppressants,2020-02-10,933,1,412.7,263.5,374.6,709.0,0.8815,2021-02-19,2020-10-31,2022-01-19,520.2999877929688
256653,completed,NDS,ELI LILLY CANADA INC,Immune sera and immunoglobulins,2021-09-20,518,0,305.9,81.5,177.2,891.3,0.4882,2022-03-16,2021-12-10,2024-02-28,212.10000610351562
279315,completed,NDS,DUCHESNAY INC,Sex hormones and modulators of the genital system,2023-11-10,404,1,335.8,265.0,302.1,604.2,0.9149,2024-09-07,2024-08-01,2025-07-06,68.20001220703125
231245,completed,NDS,STERIMAX INC,Anesthetics,2019-12-24,204,1,327.7,261.6,300.8,703.2,0.8313,2020-10-20,2020-09-11,2021-11-26,-123.70001220703125
226314,completed,NDS,MERCK CANADA INC,Sex hormones and modulators of the genital system,2019-05-16,375,1,326.5,266.3,300.6,726.2,0.9129,2020-03-12,2020-02-06,2021-05-11,48.5
273721,completed,NDS,CSL BEHRING CANADA INC,Other hematological agents,2023-04-26,180,1,182.2,177.1,192.7,316.7,0.974,2023-11-05,2023-10-20,2024-03-08,-2.1999969482421875
271038,completed,NDS,PFIZER CANADA ULC,"Antidiarrheals, intestinal anti-inflammatory/anti-infective agents ",2023-03-10,327,1,320.2,268.4,301.8,540.8,0.9269,2024-01-06,2023-12-03,2024-09-01,6.79998779296875
272688,completed,NDS,ULTRAGENYX PHARMACEUTICAL INC,Lipid modifying agents,2023-03-27,179,1,189.9,177.4,181.9,384.8,0.9679,2023-09-25,2023-09-20,2024-04-15,-10.899993896484375
284351,completed,NDS,VERTEX PHARMACEUTICALS (CANADA) INCORPORATED,Other hematological agents,2024-03-27,180,1,183.2,175.7,177.9,300.9,0.9807,2024-09-21,2024-09-19,2025-01-22,-3.1999969482421875
267502,completed,NDS,BIONTECH MANUFACTURING GMBH,Vaccines,2022-09-02,35,1,79.2,47.2,104.7,467.7,0.7244,2022-12-16,2022-10-19,2023-12-14,-44.19999694824219
253904,completed,NDS,HOFFMANN-LA ROCHE LIMITED,Ophthalmologicals,2021-08-03,297,1,318.2,265.3,300.1,547.7,0.8247,2022-05-30,2022-04-25,2023-02-02,-21.20001220703125
256417,completed,NDS,DR REDDYS LABORATORIES INC,Antivirals for systemic use,2021-09-13,164,0,174.4,89.4,167.1,486.3,0.5323,2022-02-27,2021-12-11,2023-01-12,-10.399993896484375
285129,completed,NDS,FERRING INC,"Antidiarrheals, intestinal anti-inflammatory/anti-infective agents",2024-05-09,300,1,347.8,268.2,305.2,615.0,0.9533,2025-03-10,2025-02-01,2026-01-14,-47.79998779296875
229866,completed,NDS,CELGENE INC,Antineoplastic agents,2019-10-25,276,1,307.2,255.0,299.3,537.0,0.8479,2020-08-19,2020-07-06,2021-04-14,-31.20001220703125
272960,completed,NDS,VIFOR (INTERNATIONAL) INC,Antianemic preparations,2023-04-24,322,1,316.9,259.8,302.1,616.6,0.9193,2024-02-20,2024-01-09,2024-12-31,5.100006103515625
260666,completed,NDS,KYE PHARMACEUTICALS INC,Antianemic preparations,2022-06-30,783,1,320.3,262.3,300.7,629.4,0.8232,2023-04-27,2023-03-19,2024-03-20,462.70001220703125
239850,completed,NDS,ROCKWELL MEDICAL INC,Antianemic preparations,2020-06-19,307,1,305.5,257.6,300.2,627.1,0.7972,2021-04-15,2021-03-04,2022-03-08,1.5
258248,completed,NDS,COVIS PHARMA GMBH,Antianemic preparations,2022-03-01,359,0,318.3,263.5,300.8,688.6,0.8758,2022-12-27,2022-11-20,2024-01-19,40.70001220703125
280470,completed,NDS,ASTELLAS PHARMA CANADA INC,Other gynecologicals,2024-01-04,333,1,339.0,264.1,303.6,616.2,0.962,2024-11-03,2024-09-24,2025-09-11,-6.0
195870,completed,NDS,OCTAPHARMA PHARMAZEUTIKA PRODUKTIONSGES M B H,Antihemorrhagics,2016-08-11,300,1,311.7,262.6,300.2,651.4,0.8616,2017-06-07,2017-05-01,2018-05-24,-11.70001220703125
239016,completed,NDS,INSTITUTO GRIFOLS S.A.,Antihemorrhagics,2020-05-29,300,1,309.2,258.1,300.1,643.9,0.8601,2021-03-25,2021-02-11,2022-03-04,-9.20001220703125
275853,completed,NDS,PFIZER CANADA ULC,Antihemorrhagics,2023-06-30,180,1,191.9,178.6,199.6,302.7,0.9656,2024-01-16,2023-12-26,2024-04-28,-11.899993896484375
235219,completed,NDS,GILEAD SCIENCES CANADA INC,Immunosuppressants,2020-04-06,275,0,306.5,264.7,299.5,462.3,0.8406,2021-01-30,2020-12-27,2021-07-12,-31.5
212016,completed,NDS,SANDOZ CANADA INCORPORATED,Immunostimulants,2018-02-02,550,0,417.8,268.2,358.1,756.5,0.8647,2019-01-26,2018-10-28,2020-02-29,132.20001220703125
214080,completed,NDS,PFIZER CANADA ULC,Immunostimulants,2018-04-16,731,1,435.5,273.1,357.4,754.8,0.9159,2019-04-08,2019-01-14,2020-05-10,295.5
220512,completed,NDS,"TANVEX BIOPHARMA USA, INC",Immunostimulants,2019-03-08,945,1,411.0,263.4,374.9,750.9,0.8662,2020-03-17,2019-11-26,2021-03-28,534.0
267597,completed,NDS,CURATEQ BIOLOGICS PRIVATE LIMITED,Immunostimulants,2023-01-06,563,0,460.9,270.9,379.1,790.5,0.9363,2024-01-20,2023-10-04,2025-03-07,102.10000610351562
273870,completed,NDS,JAMP PHARMA CORPORATION,Immunostimulants,2024-05-10,318,1,401.0,269.3,318.8,636.7,0.9561,2025-03-25,2025-02-03,2026-02-06,-83.0
249486,completed,NDS,BAYER INC,Diuretics,2021-04-01,187,0,317.5,262.2,300.8,668.8,0.7956,2022-01-27,2021-12-19,2023-01-30,-130.5
258231,completed,NDS,BAYER INC,Diuretics,2021-12-22,296,1,321.9,264.8,300.9,662.8,0.8069,2022-10-19,2022-09-13,2023-10-16,-25.899993896484375
189352,completed,NDS,SPROUT PHARMACEUTICALS INC,Other gynecologicals,2016-04-01,697,1,327.1,257.5,300.7,815.6,0.8784,2017-01-27,2016-12-15,2018-06-26,369.8999938964844
193105,completed,NDS,ISOLOGIC INNOVATIVE RADIOPHARMACEUTICALS LTD.,Diagnostic radiopharmaceuticals,2016-04-09,319,1,306.3,257.5,300.2,687.0,0.8952,2017-02-03,2016-12-23,2018-02-25,12.70001220703125
201510,completed,NDS,KNIGHT THERAPEUTICS INC.,Ophthalmologicals,2017-02-17,644,1,318.3,262.8,300.1,676.5,0.8942,2017-12-14,2017-11-07,2018-12-25,325.70001220703125
211768,completed,NDS,HILL DERMACEUTICALS INC,Antineoplastic agents,2018-04-09,298,1,305.1,250.3,299.2,605.0,0.8569,2019-02-02,2018-12-15,2019-12-05,-7.100006103515625
198520,completed,NDS,PHARMASCIENCE INC,Psychoanaleptics,2016-12-15,180,1,318.9,260.1,300.4,743.6,0.8606,2017-10-11,2017-09-01,2018-12-29,-138.89999389648438
204880,completed,NDS,GLAXOSMITHKLINE INC,Drugs for obstructive airway diseases,2017-06-08,300,1,312.5,265.8,299.9,592.9,0.813,2018-04-04,2018-03-01,2019-01-22,-12.5
197873,completed,NDS,TEVA CANADA LIMITED,Drugs for obstructive airway diseases,2016-10-27,299,1,322.1,264.5,300.2,698.3,0.8753,2017-08-23,2017-07-18,2018-09-25,-23.100006103515625
197974,completed,NDS,TEVA CANADA LIMITED,Drugs for obstructive airway diseases,2016-11-29,493,1,320.8,265.7,300.2,670.6,0.8976,2017-09-25,2017-08-22,2018-10-01,172.20001220703125
188743,completed,NDS,FERRING INC,Sex hormones and modulators of the genital system,2016-01-29,783,1,327.5,264.2,300.1,727.6,0.9284,2016-11-24,2016-10-19,2018-01-26,455.5
201306,completed,NDS,ASTRAZENECA CANADA INC,Drugs for obstructive airway diseases,2017-02-24,374,1,311.7,266.4,299.9,591.3,0.9507,2017-12-21,2017-11-17,2018-10-08,62.29998779296875
263826,completed,NDS,ABBVIE CORPORATION,Anti-parkinson drugs,2022-07-08,299,1,326.3,262.1,301.0,652.6,0.9287,2023-05-05,2023-03-27,2024-04-21,-27.29998779296875
233046,completed,NDS,STERIMAX INC,Antivirals for systemic use,2019-12-12,298,1,308.2,263.9,299.9,585.0,0.8364,2020-10-07,2020-09-01,2021-07-19,-10.20001220703125
219662,completed,NDS,VERITY PHARMACEUTICALS INC,Antibacterials for systemic use,2018-11-02,180,1,201.9,175.0,186.9,384.1,0.9488,2019-05-08,2019-04-26,2019-11-21,-21.899993896484375
232078,completed,NDS,RIGEL PHARMACEUTICALS INC.,Antihemorrhagics,2020-01-24,300,1,309.2,261.0,300.1,557.4,0.8965,2020-11-19,2020-10-11,2021-08-03,-9.20001220703125
250213,completed,NDS,VIIV HEALTHCARE ULC,Antivirals for systemic use,2021-04-06,178,1,178.0,177.1,182.1,262.0,0.9575,2021-10-05,2021-09-30,2021-12-24,0.0
226828,completed,NDS,TEVA CANADA LIMITED,Analgesics,2019-06-17,297,1,318.9,263.8,300.2,641.1,0.778,2020-04-12,2020-03-07,2021-03-19,-21.899993896484375
275803,completed,NDS,TAKEDA CANADA INC,Antineoplastic agents,2023-11-21,294,1,308.0,254.5,300.6,471.8,0.9161,2024-09-17,2024-08-02,2025-03-07,-14.0
298073,completed,NDS,RUBICON RESEARCH CANADA LIMITED,Analgesics,2025-11-21,231,1,308.3,264.9,299.1,388.7,0.9387,2026-09-16,2026-08-13,2026-12-15,-77.29998779296875
293318,completed,NDS,BRACCO IMAGING CANADA,Contrast media,2025-04-17,358,1,297.3,259.8,301.0,382.4,0.9573,2026-02-12,2026-01-02,2026-05-04,60.70001220703125
300845,completed,NDS,BAYER INC,Contrast media,2025-09-26,306,1,298.1,265.4,300.5,390.3,0.9523,2026-07-23,2026-06-18,2026-10-21,7.899993896484375
186333,completed,NDS,GUERBET,Contrast media,2015-12-17,344,1,306.9,260.4,300.4,656.1,0.8743,2016-10-12,2016-09-02,2017-10-03,37.100006103515625
219521,completed,NDS,ELI LILLY CANADA INC,Analgesics,2018-10-05,298,1,317.1,267.9,299.9,568.7,0.8148,2019-08-01,2019-06-30,2020-04-26,-19.100006103515625
221824,completed,NDS,IRE ELIT S.A.,Diagnostic radiopharmaceuticals,2019-04-15,212,1,301.8,257.4,300.1,621.8,0.864,2020-02-09,2019-12-28,2020-12-27,-89.79998779296875
227804,completed,NDS,ECKERT & ZIEGLER RADIOPHARMA GMBH,Diagnostic radiopharmaceuticals,2019-10-25,300,1,306.4,257.1,300.2,636.0,0.8562,2020-08-20,2020-07-08,2021-07-22,-6.399993896484375
242332,completed,NDS,TELIX PHARMACEUTICALS (US) INC,Diagnostic radiopharmaceuticals,2021-02-05,615,1,347.3,259.5,302.3,629.5,0.8798,2021-12-04,2021-10-23,2022-10-28,267.70001220703125
263638,completed,NDS,"ADVANCED ACCELERATOR APPLICATIONS USA, INC.",Diagnostic radiopharmaceuticals,2022-06-10,299,1,333.6,265.4,301.7,647.8,0.846,2023-04-08,2023-03-02,2024-03-19,-34.600006103515625
248874,completed,NDS,CANADIAN MOLECULAR IMAGING PROBE CONSORTIUM (CANPROBE),Diagnostic radiopharmaceuticals,2021-05-03,297,1,342.2,259.2,302.4,628.1,0.8457,2022-03-01,2022-01-17,2023-01-21,-45.20001220703125
221456,completed,NDS,LABORATOIRES THEA,Ophthalmologicals,2019-02-12,1304,1,319.1,259.7,300.1,704.8,0.8896,2019-12-09,2019-10-30,2021-01-17,984.8999938964844
280174,completed,NDS,CSL BEHRING CANADA INC,Antithrombotic agents,2023-12-29,586,1,330.4,268.1,301.8,592.2,0.9155,2024-10-26,2024-09-22,2025-08-12,255.60000610351562
255697,completed,NDS,MERCK CANADA INC,Cough and cold preparations,2021-12-16,909,0,353.5,266.9,302.6,879.7,0.8584,2022-10-15,2022-09-09,2024-05-14,555.5
223091,completed,NDS,PFIZER CANADA ULC,Antineoplastic agents,2019-02-01,300,1,301.9,257.0,298.9,454.9,0.9416,2019-11-27,2019-10-16,2020-05-01,-1.899993896484375
227918,completed,NDS,ASTELLAS PHARMA CANADA INC,Antineoplastic agents,2019-06-27,179,1,175.5,176.2,176.3,292.7,0.9403,2019-12-20,2019-12-20,2020-04-15,3.5
237194,completed,NDS,ALNYLAM NETHERLANDS B.V.,Bile and liver therapy,2020-04-15,177,1,180.1,176.6,182.1,348.1,0.9578,2020-10-14,2020-10-09,2021-03-29,-3.100006103515625
225793,completed,NDS,PFIZER CANADA ULC,Antineoplastic agents,2019-07-05,298,1,295.0,254.5,298.9,417.6,0.9109,2020-04-29,2020-03-15,2020-08-26,3.0
202233,completed,NDS,ABBVIE CORPORATION,Antivirals for systemic use,2017-02-10,187,1,178.3,177.6,180.0,239.3,0.9773,2017-08-09,2017-08-07,2017-10-07,8.699996948242188
265517,completed,NDS,HOFFMANN-LA ROCHE LIMITED,Antineoplastic agents,2022-07-25,242,1,250.4,225.8,246.5,393.3,0.8822,2023-03-28,2023-03-08,2023-08-22,-8.399993896484375
220839,completed,NDS,ELI LILLY CANADA INC,Pancreatic hormones,2018-11-30,299,1,315.6,268.1,300.5,776.1,0.8022,2019-09-26,2019-08-25,2021-01-14,-16.600006103515625
290371,completed,NDS,LUPIN PHARMA CANADA LIMITED,Pancreatic hormones,2024-11-06,581,1,355.7,262.2,303.7,589.8,0.9471,2025-09-06,2025-07-26,2026-06-19,225.29998779296875
231585,completed,NDS,FRESENIUS KABI CANADA LTD,Blood substitutes and perfusion solutions,2020-03-05,300,1,318.5,264.6,300.8,747.6,0.868,2020-12-31,2020-11-25,2022-03-23,-18.5
197038,completed,NDS,PEDIAPHARM INC,Drugs for functional gastrointestinal disorders,2017-01-03,300,1,317.9,256.7,300.7,798.8,0.9023,2017-10-31,2017-09-17,2019-03-13,-17.899993896484375
228353,completed,NDS,NOVARTIS PHARMACEUTICALS CANADA INC,Drugs for obstructive airway diseases,2019-09-06,300,1,311.4,266.2,299.9,600.3,0.9322,2020-07-02,2020-05-29,2021-04-28,-11.399993896484375
294382,completed,NDS,JAMP PHARMA CORPORATION,Immunosuppressants,2025-06-16,298,1,309.1,268.3,302.1,457.8,0.9475,2026-04-14,2026-03-11,2026-09-17,-11.100006103515625
232286,completed,NDS,JAMP PHARMA CORPORATION,Endocrine therapy,2020-07-28,449,0,315.4,262.6,300.2,663.0,0.8072,2021-05-24,2021-04-17,2022-05-22,133.60000610351562
200590,completed,NDS,JANSSEN INC,Immunosuppressants,2017-01-16,298,1,298.8,262.8,299.4,408.9,0.9453,2017-11-11,2017-10-06,2018-03-01,-0.79998779296875
235556,completed,NDS,SEQIRUS UK LIMITED,Vaccines,2020-03-13,300,1,302.9,246.1,299.8,545.3,0.8625,2021-01-07,2020-11-14,2021-09-09,-2.899993896484375
289304,completed,NDS,SEQIRUS UK LIMITED,Vaccines,2024-09-25,69,1,319.9,245.8,301.9,516.5,0.941,2025-07-24,2025-05-29,2026-02-23,-250.89999389648438
200726,completed,NDS,BGP PHARMA ULC,Vaccines,2017-05-26,644,1,314.2,246.5,300.2,607.6,0.8717,2018-03-22,2018-01-28,2019-01-24,329.79998779296875
203436,completed,NDS,SEQIRUS PTY LTD,Vaccines,2017-04-28,300,1,309.8,251.8,300.0,604.2,0.8608,2018-02-22,2018-01-05,2018-12-23,-9.79998779296875
222669,completed,NDS,SEQIRUS UK LIMITED,Vaccines,2019-01-28,298,1,304.7,251.6,299.8,554.5,0.9058,2019-11-24,2019-10-07,2020-08-05,-6.70001220703125
234113,completed,NDS,SEQIRUS UK LIMITED,Vaccines,2020-01-30,292,0,304.8,251.3,299.8,544.7,0.8934,2020-11-25,2020-10-07,2021-07-28,-12.79998779296875
212718,completed,NDS,"BAUSCH HEALTH, CANADA INC.","Corticosteroids, dermatological preparations",2018-05-25,746,1,334.2,263.6,300.8,800.9,0.8573,2019-03-22,2019-02-13,2020-08-03,411.79998779296875
212276,completed,NDS,RECORDATI RARE DISEASES CANADA INC,Other alimentary tract and metabolism products,2018-01-16,178,1,192.0,177.3,190.4,405.5,0.9738,2018-07-25,2018-07-12,2019-02-26,-14.0
259302,completed,NDS,VBI VACCINES INC.,Vaccines,2022-02-09,300,1,319.5,249.9,300.3,515.3,0.877,2022-12-06,2022-10-17,2023-07-09,-19.5
205160,completed,NDS,PROMETHERA BIOSCIENCES S.A./N.V.,Other alimentary tract and metabolism products,2017-06-16,389,0,318.6,260.1,300.2,646.1,0.7696,2018-04-12,2018-03-03,2019-03-24,70.39999389648438
251360,completed,NDS,BAXTER CORPORATION,Drugs used in diabetes,2021-05-28,432,1,424.9,264.5,378.0,702.4,0.8496,2022-06-10,2022-02-16,2023-04-30,7.100006103515625
247727,completed,NDS,TAKEDA CANADA INC,Immune sera and immunoglobulins,2021-02-05,343,1,334.2,264.2,300.7,676.7,0.8919,2021-12-03,2021-10-27,2022-12-14,8.79998779296875
212396,completed,NDS,BIOSYENT PHARMA INC,Agents acting on the renin-angiotensin system,2018-06-08,383,0,334.8,259.3,300.7,732.8,0.7631,2019-04-05,2019-02-22,2020-06-10,48.20001220703125
216854,completed,NDS,CIPHER PHARMACEUTICALS INC,Other dermatological preparations,2018-12-14,255,0,315.3,262.2,300.2,648.5,0.8174,2019-10-10,2019-09-02,2020-09-22,-60.29998779296875
227235,completed,NDS,HLS THERAPEUTICS INC,Lipid modifying agents,2019-07-05,178,1,176.6,176.7,178.7,397.2,0.9497,2019-12-31,2019-12-29,2020-08-05,1.399993896484375
182503,completed,NDS,BOEHRINGER INGELHEIM (CANADA) LTD LTEE,All other therapeutic products,2015-05-19,346,1,262.6,227.8,245.8,691.6,0.8832,2016-01-20,2016-01-02,2017-04-10,83.39999389648438
244266,completed,NDS,CELGENE INC,Antineoplastic agents,2020-10-19,219,1,177.5,176.6,178.7,280.8,0.9551,2021-04-16,2021-04-14,2021-07-27,41.5
194291,completed,NDS,INSTITUTO GRIFOLS S.A.,Immune sera and immunoglobulins,2016-10-21,300,1,320.7,260.5,300.2,702.8,0.8776,2017-08-17,2017-07-09,2018-09-24,-20.70001220703125
226576,completed,NDS,GRIFOLS THERAPEUTICS LLC,Immune sera and immunoglobulins,2019-06-14,179,1,315.8,259.4,300.2,699.9,0.769,2020-04-09,2020-02-28,2021-05-14,-136.79998779296875
202924,completed,NDS,OCTAPHARMA PHARMAZEUTIKA PRODUKTIONSGES M B H,Immune sera and immunoglobulins,2017-04-21,300,1,313.9,262.4,300.1,664.2,0.8654,2018-02-15,2018-01-08,2019-02-14,-13.899993896484375
288071,completed,NDS,HOFFMANN-LA ROCHE LIMITED,Antineoplastic agents,2024-08-22,176,1,186.5,174.8,194.2,270.5,0.9807,2025-03-04,2025-02-13,2025-05-19,-10.5
243470,completed,NDS,NOVARTIS PHARMACEUTICALS CANADA INC,Lipid modifying agents,2020-09-30,299,1,308.9,267.5,299.8,604.6,0.8798,2021-07-27,2021-06-25,2022-05-28,-9.899993896484375
227987,completed,NDS,NOVARTIS PHARMACEUTICALS CANADA INC,Drugs for obstructive airway diseases,2019-07-11,300,1,311.0,266.0,299.9,596.2,0.933,2020-05-06,2020-04-02,2021-02-26,-11.0
271065,completed,NDS,HORIZON THERAPEUTICS IRELAND DAC,Immunosuppressants,2023-02-17,301,1,320.0,261.4,301.5,521.6,0.9204,2023-12-16,2023-11-05,2024-07-23,-19.0
246904,completed,NDS,"QED THERAPEUTICS, INC.",Antineoplastic agents,2021-01-15,255,1,213.6,148.4,220.7,476.5,0.9036,2021-08-24,2021-06-12,2022-05-06,41.399993896484375
226189,completed,NDS,AMGEN CANADA INC,Immunosuppressants,2019-05-17,300,1,390.4,268.0,311.5,780.7,0.9293,2020-03-24,2020-02-09,2021-07-06,-90.39999389648438
248134,completed,NDS,PFIZER CANADA ULC,Immunosuppressants,2021-02-25,299,1,360.4,266.8,307.9,652.6,0.94,2021-12-30,2021-11-19,2022-12-10,-61.399993896484375
267444,completed,NDS,SANOFI PASTEUR LIMITED,Vaccines,2022-10-21,371,1,315.1,248.5,300.3,559.2,0.8625,2023-08-17,2023-06-27,2024-05-02,55.899993896484375
214274,completed,NDS,AKCEA THERAPEUTICS INC,Other nervous system drugs,2018-04-06,180,1,185.5,176.6,182.6,398.3,0.9602,2018-10-06,2018-09-30,2019-05-09,-5.5
204077,completed,NDS,PFIZER CANADA INC,Antineoplastic agents,2017-05-19,300,1,306.5,250.4,299.3,500.5,0.8456,2018-03-14,2018-01-24,2018-10-01,-6.5
226573,completed,NDS,SANOFI-AVENTIS CANADA INC,Drugs used in diabetes,2019-12-20,300,1,364.4,273.6,311.3,685.3,0.9269,2020-10-26,2020-09-19,2021-11-04,-64.39999389648438
243229,completed,NDS,BGP PHARMA ULC,Drugs used in diabetes,2020-12-17,299,1,372.3,272.4,309.7,635.0,0.8352,2021-10-23,2021-09-15,2022-09-13,-73.29998779296875
198124,completed,NDS,NOVO NORDISK CANADA INC,Drugs used in diabetes,2016-10-31,298,1,306.6,268.9,299.5,454.9,0.928,2017-08-26,2017-07-27,2018-01-29,-8.600006103515625
194513,completed,NDS,NOVO NORDISK CANADA INC,Drugs used in diabetes,2017-06-15,300,1,301.4,265.9,299.5,504.1,0.9072,2018-04-10,2018-03-08,2018-11-01,-1.399993896484375
202772,completed,NDS,BGP PHARMA ULC,Drugs used in diabetes,2017-04-20,666,0,432.0,271.9,363.4,748.9,0.8476,2018-04-18,2018-01-17,2019-05-09,234.0
252068,completed,NDS,BGP PHARMA ULC,Drugs used in diabetes,2021-06-14,298,1,377.2,269.2,309.9,648.4,0.7885,2022-04-20,2022-03-10,2023-03-24,-79.20001220703125
207006,completed,NDS,SANOFI-AVENTIS CANADA INC,Drugs used in diabetes,2017-09-13,296,1,302.2,266.1,299.5,517.0,0.9326,2018-07-09,2018-06-06,2019-02-12,-6.20001220703125
273850,completed,NDS,NOVO NORDISK CANADA INC,Drugs used in diabetes,2023-05-17,300,1,311.1,271.2,301.0,414.5,0.9229,2024-03-13,2024-02-12,2024-07-05,-11.100006103515625
189076,completed,NDS,ELI LILLY CANADA INC,Drugs used in diabetes,2016-09-30,300,1,306.0,266.9,299.5,532.0,0.8632,2017-07-26,2017-06-24,2018-03-16,-6.0
200792,completed,NDS,SANOFI-AVENTIS CANADA INC,Drugs used in diabetes,2017-01-20,300,1,393.3,271.7,358.7,691.6,0.9509,2018-01-14,2017-10-19,2018-12-13,-93.29998779296875
244611,completed,NDS,ELI LILLY CANADA INC,Drugs used in diabetes,2020-11-18,300,1,302.6,269.7,299.4,483.9,0.8523,2021-09-13,2021-08-15,2022-03-17,-2.600006103515625
196107,completed,NDS,GUERBET,Contrast media,2016-09-19,297,1,309.2,256.9,300.2,738.8,0.861,2017-07-16,2017-06-03,2018-09-28,-12.20001220703125
201481,completed,NDS,GE HEALTHCARE CANADA INC,Diagnostic radiopharmaceuticals,2017-02-10,300,1,307.4,257.7,300.1,626.7,0.8953,2017-12-07,2017-10-26,2018-10-30,-7.399993896484375
283206,completed,NDS,NOVARTIS PHARMACEUTICALS CANADA INC,Immunosuppressants,2024-03-14,298,1,322.1,267.8,301.9,439.5,0.9548,2025-01-10,2024-12-07,2025-05-27,-24.100006103515625
189897,completed,NDS,SANDOZ CANADA INCORPORATED,Antianemic preparations,2016-05-09,395,0,321.6,261.2,300.7,770.6,0.8715,2017-03-06,2017-01-25,2018-06-19,73.39999389648438
193890,completed,NDS,PHARMACOSMOS A/S,Antianemic preparations,2016-07-13,709,1,310.2,257.5,300.3,702.7,0.8575,2017-05-09,2017-03-28,2018-06-16,398.79998779296875
229245,completed,NDS,SANOFI-AVENTIS CANADA INC,Antineoplastic agents,2019-07-29,275,1,290.1,254.5,298.7,417.2,0.9089,2020-05-23,2020-04-08,2020-09-18,-15.100006103515625
208919,completed,NDS,AVIR PHARMA INC,Antimycotics for systemic use,2018-02-27,295,1,325.9,265.0,300.7,778.7,0.8295,2018-12-25,2018-11-19,2020-04-16,-30.899993896484375
263460,completed,NDS,SUN PHARMACEUTICAL INDUSTRIES LIMITED,Anti-acne preparations,2022-08-26,300,1,346.2,263.2,301.4,770.9,0.8658,2023-06-23,2023-05-16,2024-10-05,-46.20001220703125
211292,completed,NDS,VERTEX PHARMACEUTICALS (CANADA) INCORPORATED,Other respiratory system products,2017-12-29,180,1,179.4,176.8,180.7,312.3,0.9548,2018-06-28,2018-06-24,2018-11-06,0.600006103515625
211000,completed,NDS,MERCK CANADA INC,Anthelmintics,2017-12-19,260,1,345.3,267.3,301.8,939.1,0.8772,2018-10-17,2018-09-12,2020-07-15,-85.29998779296875
277139,completed,NDS,SERVIER CANADA INC,Antineoplastic agents,2023-09-26,297,1,327.9,254.6,300.9,502.5,0.9041,2024-07-23,2024-06-07,2025-02-10,-30.899993896484375
190498,completed,NDS,TAKEDA CANADA INC,Antineoplastic agents,2016-02-09,177,1,176.9,176.5,178.5,271.3,0.9758,2016-08-05,2016-08-03,2016-11-06,0.100006103515625
184993,completed,NDS,ELI LILLY CANADA INC,Immunosuppressants,2015-07-30,300,1,300.2,262.3,299.6,434.4,0.8559,2016-05-25,2016-04-17,2016-10-06,-0.20001220703125
276831,completed,NDS,HIKMA CANADA LIMITED,Beta blocking agents,2023-11-23,518,1,356.5,262.2,302.9,685.2,0.9075,2024-09-21,2024-08-11,2025-10-08,161.5
213920,completed,NDS,SHIRE PHARMA CANADA ULC,Other hematological agents,2018-03-23,180,1,182.3,176.7,179.1,342.2,0.9649,2018-09-18,2018-09-16,2019-02-28,-2.3000030517578125
259953,completed,NDS,TRIMEDIC THERAPEUTICS INC.,Beta blocking agents,2022-02-21,637,1,390.4,261.4,303.0,710.8,0.8849,2022-12-21,2022-11-09,2024-02-02,246.60000610351562
219998,completed,NDS,BAYER INC,Antineoplastic agents,2018-11-05,247,1,249.1,229.4,246.3,476.1,0.8765,2019-07-09,2019-06-22,2020-02-24,-2.100006103515625
236369,completed,NDS,ELI LILLY CANADA INC,Analgesics,2020-04-09,292,0,312.6,267.4,299.8,552.0,0.7944,2021-02-03,2021-01-01,2021-10-13,-20.600006103515625
289987,completed,NDS,ORIMED PHARMA INC,Ophthalmologicals,2025-01-03,333,1,317.5,262.8,301.2,443.9,0.9608,2025-10-31,2025-09-23,2026-03-23,15.5
211732,completed,NDS,BAUSCH & LOMB INC,Ophthalmologicals,2018-03-08,294,1,338.5,269.1,300.2,669.9,0.8769,2019-01-02,2018-12-02,2020-01-07,-44.5
285014,completed,NDS,JANSSEN INC,Antineoplastic agents,2024-04-23,317,1,302.4,247.6,300.7,381.5,0.9549,2025-02-18,2024-12-27,2025-05-10,14.600006103515625
272660,completed,NDS,ELI LILLY CANADA INC,Other dermatological preparations,2023-05-23,398,1,346.6,273.3,302.0,618.5,0.9041,2024-03-20,2024-02-20,2025-01-31,51.399993896484375
273840,completed,NDS,EISAI LIMITED,Psychoanaleptics,2023-05-15,893,1,354.4,267.8,302.2,694.3,0.9201,2024-03-12,2024-02-07,2025-04-08,538.6000061035156
233292,completed,NDS,SUNOVION PHARMACEUTICALS CANADA INC,Antibacterials for systemic use,2020-01-13,179,1,184.5,176.5,186.9,365.5,0.966,2020-07-18,2020-07-08,2021-01-12,-5.5
231286,completed,NDS,EISAI LIMITED,Psycholeptics,2020-01-10,299,1,314.2,263.4,300.1,630.6,0.8767,2020-11-05,2020-09-29,2021-10-02,-15.20001220703125
262999,completed,NDS,GILEAD SCIENCES CANADA INC,Antivirals for systemic use,2022-05-06,180,1,184.3,177.7,183.7,243.4,0.9615,2022-11-06,2022-10-31,2023-01-04,-4.3000030517578125
297407,completed,NDS,GILEAD SCIENCES CANADA INC,Antivirals for systemic use,2025-06-13,300,1,307.6,272.5,300.4,401.5,0.956,2026-04-09,2026-03-13,2026-07-19,-7.600006103515625
277578,completed,NDS,PHARMING TECHNOLOGIES BV,Immunostimulants,2023-10-25,987,1,240.4,177.9,222.3,678.0,0.9636,2024-06-03,2024-04-20,2025-09-02,746.6000061035156
250805,completed,NDS,"CYTODYN, INC.",Immune sera and immunoglobulins,2021-03-22,178,0,180.4,109.3,177.5,889.1,0.6241,2021-09-15,2021-07-09,2023-08-28,-2.399993896484375
204165,completed,NDS,MERCK CANADA INC,Antivirals for systemic use,2017-05-05,180,1,181.2,177.6,180.5,258.4,0.9676,2017-11-02,2017-10-30,2018-01-18,-1.1999969482421875
251157,completed,NDS,"CROMA AESTHETICS CANADA, LTD.",Muscle relaxants,2021-08-18,300,1,322.5,259.4,300.6,679.2,0.8098,2022-06-15,2022-05-04,2023-06-28,-22.5
246800,completed,NDS,ACCORD HEALTHCARE INC,Endocrine therapy,2021-01-20,300,1,321.8,263.7,300.5,680.1,0.8949,2021-11-17,2021-10-11,2022-12-01,-21.79998779296875
295847,completed,NDS,ACCORD HEALTHCARE INC,Endocrine therapy,2025-06-04,300,1,317.0,270.2,300.9,420.7,0.9513,2026-04-01,2026-03-01,2026-07-30,-17.0
213656,completed,NDS,PENDOPHARM DIVISION OF PHARMASCIENCE INC,Antiepileptics,2018-09-14,300,1,311.1,262.2,300.2,660.2,0.7986,2019-07-11,2019-06-03,2020-07-05,-11.100006103515625
232047,completed,NDS,IBSA INSTITUT BIOCHIMIQUE SA,Thyroid therapy,2020-01-31,299,1,345.3,259.5,300.7,800.0,0.895,2020-11-27,2020-10-16,2022-04-10,-46.29998779296875
298537,completed,NDS,BIOSYENT PHARMA INC,Thyroid therapy,2025-07-15,304,1,361.9,265.4,302.8,421.5,0.9502,2026-05-14,2026-04-06,2026-09-09,-57.899993896484375
265823,completed,NDS,SEAFORD PHARMACEUTICALS INC,Vasoprotectives,2022-11-17,560,1,398.0,259.3,303.5,719.6,0.8652,2023-09-16,2023-08-03,2024-11-06,162.0
293019,completed,NDS,"IOVANCE BIOTHERAPEUTICS, INC",Antineoplastic agents,2025-01-07,220,1,248.9,221.5,251.7,352.8,0.9551,2025-09-16,2025-08-16,2025-12-26,-28.899993896484375
199810,completed,NDS,SHIRE PHARMA CANADA ULC,Ophthalmologicals,2016-12-19,368,1,338.2,267.7,300.4,625.8,0.8783,2017-10-15,2017-09-13,2018-09-06,29.79998779296875
247562,completed,NDS,CELGENE INC,Antineoplastic agents,2021-02-05,455,1,304.2,250.7,299.4,453.5,0.8759,2021-12-01,2021-10-14,2022-05-05,150.79998779296875
193862,completed,NDS,SANOFI-AVENTIS CANADA INC,Drugs used in diabetes,2016-06-17,342,1,304.3,268.1,299.5,440.9,0.8999,2017-04-13,2017-03-12,2017-09-01,37.70001220703125
284436,completed,NDS,SWEDISH ORPHAN BIOVITRUM AB (PUBL),Antineoplastic agents,2024-06-07,273,1,262.5,228.4,257.0,481.8,0.9437,2025-02-19,2025-01-21,2025-10-02,10.5
190891,completed,NDS,CSL BEHRING CANADA INC,Antihemorrhagics,2016-02-17,299,1,306.8,263.9,300.1,545.5,0.9218,2016-12-13,2016-11-07,2017-08-15,-7.79998779296875
198689,completed,NDS,EISAI LIMITED,"Antiobesity preparations, excluding diet products",2016-11-25,434,0,321.8,263.1,300.7,808.8,0.8164,2017-09-22,2017-08-15,2019-02-12,112.20001220703125
215733,completed,NDS,PFIZER CANADA ULC,Antineoplastic agents,2018-06-18,249,1,241.2,225.2,243.2,404.2,0.8944,2019-02-16,2019-01-29,2019-07-27,7.8000030517578125
254883,completed,NDS,ALNYLAM NETHERLANDS B.V.,Other alimentary tract and metabolism products,2021-08-25,194,1,203.6,177.5,184.2,403.4,0.9488,2022-02-25,2022-02-19,2022-10-02,-9.600006103515625
247485,completed,NDS,JAZZ PHARMACEUTICALS IRELAND LIMITED,Antineoplastic agents,2021-01-21,251,1,247.1,221.4,250.3,439.0,0.9121,2021-09-28,2021-08-30,2022-04-05,3.899993896484375
236441,completed,NDS,CELGENE INC,Antianemic preparations,2020-03-30,179,1,171.9,175.6,176.3,316.6,0.9527,2020-09-22,2020-09-22,2021-02-10,7.100006103515625
236625,completed,NDS,CELGENE INC,Antianemic preparations,2020-04-17,300,1,306.7,260.2,300.1,642.9,0.8357,2021-02-11,2021-01-02,2022-01-20,-6.70001220703125
217184,completed,NDS,"ADVANCED ACCELERATOR APPLICATIONS USA, INC.",Therapeutic radiopharmaceuticals,2018-07-13,180,1,176.3,176.6,178.4,415.1,0.9378,2019-01-07,2019-01-06,2019-09-01,3.6999969482421875
260951,completed,NDS,"ADVANCED ACCELERATOR APPLICATIONS USA, INC.",Therapeutic radiopharmaceuticals,2022-02-28,178,1,189.1,174.5,178.2,405.1,0.9667,2022-08-25,2022-08-21,2023-04-09,-11.100006103515625
245848,completed,NDS,JANSSEN INC,Antihypertensives,2020-12-18,300,1,321.3,264.5,300.4,693.2,0.9263,2021-10-14,2021-09-08,2022-11-11,-21.29998779296875
217446,completed,NDS,PHARMAXIS LTD,Diagnostic agents,2018-08-17,300,1,340.6,256.4,300.8,797.1,0.7811,2019-06-14,2019-04-30,2020-10-22,-40.600006103515625
271030,completed,NDS,"MIRUM PHARMACEUTICALS, INC.",Bile and liver therapy,2023-01-26,176,1,193.2,176.7,181.6,393.6,0.9734,2023-07-27,2023-07-22,2024-02-24,-17.199996948242188
259676,completed,NDS,TAKEDA CANADA INC,Antivirals for systemic use,2022-03-22,177,1,179.0,176.5,177.3,254.8,0.963,2022-09-15,2022-09-14,2022-12-02,-2.0
280462,completed,NDS,PFIZER CANADA ULC,Antihemorrhagics,2023-12-15,300,0,315.1,273.4,301.8,468.2,0.9128,2024-10-12,2024-09-13,2025-03-27,-15.100006103515625
263505,completed,NDS,AB SCIENCE S.A.,Antineoplastic agents,2022-05-24,636,0,273.4,227.7,256.5,583.3,0.849,2023-02-04,2023-01-07,2023-12-28,362.6000061035156
258772,completed,NDS,BRISTOL-MYERS SQUIBB CANADA,Cardiac therapy,2022-01-12,300,1,321.0,264.4,300.8,643.5,0.8863,2022-11-09,2022-10-03,2023-10-17,-21.0
235023,completed,NDS,IPSEN BIOPHARMACEUTICALS CANADA INC,Pituitary and hypothalamic hormones and analogues,2020-02-24,297,1,308.4,261.9,300.1,615.8,0.8799,2020-12-20,2020-11-12,2021-11-01,-11.399993896484375
287534,completed,NDS,NEURIM PHARMACEUTICALS LTD.,Psycholeptics,2024-08-01,403,1,335.2,261.8,302.7,600.8,0.9448,2025-05-31,2025-04-20,2026-03-25,67.79998779296875
233632,completed,NDS,SANOFI PASTEUR LIMITED,Vaccines,2020-01-03,300,1,304.4,250.0,299.8,535.6,0.8997,2020-10-29,2020-09-09,2021-06-22,-4.399993896484375
191347,completed,NDS,HORIZON PHARMA IRELAND LTD,Other alimentary tract and metabolism products,2016-03-16,454,1,209.1,177.1,195.2,552.3,0.972,2016-09-27,2016-09-09,2017-09-19,244.89999389648438
266553,completed,NDS,B.BRAUN MEDICAL INC,Antibacterials for systemic use,2023-03-10,300,1,319.4,259.7,302.1,664.9,0.9093,2024-01-06,2023-11-25,2025-01-03,-19.399993896484375
280730,completed,NDS,XEDITON PHARMACEUTICALS INC,Antibacterials for systemic use,2024-01-29,326,1,222.0,178.7,189.1,379.7,0.9813,2024-08-05,2024-07-26,2025-02-12,104.0
204605,completed,NDS,AVIR PHARMA INC,"Antidiarrheals, intestinal anti-inflammatory/anti-infective agents ",2017-05-25,299,1,314.8,259.4,300.2,675.8,0.8338,2018-03-21,2018-02-08,2019-04-01,-15.79998779296875
198475,completed,NDS,AVIR PHARMA INC,"Antidiarrheals, intestinal anti-inflammatory/anti-infective agents ",2017-02-02,1279,0,312.6,259.7,300.1,679.2,0.8677,2017-11-29,2017-10-20,2018-12-13,966.3999938964844
194646,completed,NDS,TILLOTTS PHARMA AG,"Antidiarrheals, intestinal anti-inflammatory/anti-infective agents ",2016-09-06,1715,1,311.1,256.9,300.2,752.1,0.8491,2017-07-03,2017-05-21,2018-09-28,1403.8999938964844
247241,completed,NDS,AVIR PHARMA INC,"Antidiarrheals, intestinal anti-inflammatory/anti-infective agents ",2021-03-25,299,1,315.8,260.3,300.6,666.3,0.8372,2022-01-20,2021-12-10,2023-01-20,-16.79998779296875
263913,completed,NDS,PHARMARIS CANADA INC,Drugs used in diabetes,2022-07-20,188,1,321.0,262.0,300.4,599.1,0.8339,2023-05-16,2023-04-08,2024-03-10,-133.0
262108,completed,NDS,NORDIC GROUP B.V.,Immunosuppressants,2022-05-24,672,1,373.9,262.5,302.1,616.1,0.8526,2023-03-22,2023-02-11,2024-01-30,298.1000061035156
254599,completed,NDS,ACCORD HEALTHCARE INC,Immunosuppressants,2021-11-23,296,1,338.4,263.0,301.1,563.9,0.8398,2022-09-20,2022-08-13,2023-06-10,-42.399993896484375
204879,completed,NDS,PURDUE PHARMA,Analgesics,2017-06-12,299,1,333.2,262.7,300.2,683.9,0.7791,2018-04-08,2018-03-02,2019-04-27,-34.20001220703125
219788,completed,NDS,PENDOPHARM DIVISION OF PHARMASCIENCE INC,Diagnostic agents,2018-10-26,938,0,338.1,261.0,300.8,788.5,0.7937,2019-08-23,2019-07-14,2020-12-23,599.8999938964844
243224,completed,NDS,KYE PHARMACEUTICALS INC,Psychoanaleptics,2021-01-08,986,1,325.7,260.9,300.5,710.0,0.8767,2021-11-05,2021-09-26,2022-12-19,660.2999877929688
281510,completed,NDS,IRONSHORE PHARMACEUTICALS & DEVELOPMENT INC,Psychoanaleptics,2024-01-18,300,1,329.7,260.3,302.8,614.1,0.9598,2024-11-16,2024-10-04,2025-09-23,-29.70001220703125
273908,completed,NDS,AMRYT PHARMACEUTICALS DAC,Other alimentary tract and metabolism products,2023-04-28,264,1,227.5,177.1,219.1,594.2,0.9635,2023-12-03,2023-10-22,2024-12-12,36.5
283160,completed,NDS,"NEURAXPHARM PHARMACEUTICALS, S.L.",Psycholeptics,2024-06-14,403,1,375.0,263.8,303.7,605.4,0.9364,2025-04-14,2025-03-05,2026-02-09,28.0
201101,completed,NDS,NOVARTIS PHARMACEUTICALS CANADA INC,Antineoplastic agents,2017-01-06,196,1,180.3,176.2,187.6,268.0,0.9775,2017-07-13,2017-07-01,2017-10-01,15.699996948242188
196956,completed,NDS,AMICUS THERAPEUTICS UK LTD,Other alimentary tract and metabolism products,2016-11-08,301,1,323.6,263.4,300.2,673.2,0.8682,2017-09-04,2017-07-29,2018-09-12,-22.600006103515625
276366,completed,NDS,AMICUS THERAPEUTICS CANADA INC.,Other alimentary tract and metabolism products,2024-06-17,297,1,340.5,266.5,302.8,630.7,0.9466,2025-04-16,2025-03-11,2026-03-10,-43.5
266471,completed,NDS,ELI LILLY CANADA INC,Immunosuppressants,2022-09-15,308,1,316.1,266.8,300.0,495.0,0.8386,2023-07-12,2023-06-09,2024-01-23,-8.100006103515625
294637,completed,NDS,ABBVIE CORPORATION,Antineoplastic agents,2025-03-03,179,1,185.3,178.5,181.3,232.2,0.9801,2025-08-31,2025-08-29,2025-10-21,-6.3000030517578125
251277,completed,NDS,"KYOWA KIRIN, INC.",Antineoplastic agents,2021-05-17,381,1,323.6,255.7,299.8,604.1,0.8187,2022-03-13,2022-01-28,2023-01-11,57.399993896484375
255584,completed,NDS,MERCK CANADA INC,Antivirals for systemic use,2021-08-20,614,0,320.5,130.1,177.5,502.1,0.6324,2022-02-14,2021-12-28,2023-01-04,293.5
281695,completed,NDS,GLAXOSMITHKLINE INC,Antineoplastic agents,2024-01-17,296,1,316.3,260.2,301.1,430.4,0.9565,2024-11-13,2024-10-03,2025-03-22,-20.29998779296875
199704,completed,NDS,AVIR PHARMA INC,"Corticosteroids, dermatological preparations",2017-09-20,761,0,326.6,259.5,300.6,810.8,0.741,2018-07-18,2018-06-06,2019-12-10,434.3999938964844
238027,completed,NDS,GLENMARK SPECIALTY SA,Nasal preparations,2020-07-31,782,1,336.5,255.1,300.7,789.4,0.8305,2021-05-28,2021-04-12,2022-09-28,445.5
298079,completed,NDS,HOFFMANN-LA ROCHE LIMITED,Antineoplastic agents,2025-06-17,234,1,246.3,228.3,247.4,345.5,0.9516,2026-02-19,2026-01-31,2026-05-28,-12.300003051757812
299915,completed,NDS,HOFFMANN-LA ROCHE LIMITED,Antineoplastic agents,2025-08-15,238,1,245.1,228.1,246.8,385.3,0.9634,2026-04-19,2026-03-31,2026-09-04,-7.100006103515625
293542,completed,NDS,MODERNA BIOPHARMA CANADA CORPORATION,Vaccines,2025-02-06,144,0,122.2,90.8,142.6,323.7,0.8268,2025-06-29,2025-05-08,2025-12-27,21.800003051757812
291323,completed,NDS,MODERNA BIOPHARMA CANADA CORPORATION,Vaccines,2024-12-03,300,1,109.5,70.6,119.3,429.9,0.8041,2025-04-01,2025-02-12,2026-02-06,190.5
295688,completed,NDS,FERRING INC,Antineoplastic agents,2025-04-24,326,1,324.1,258.5,300.1,370.2,0.9458,2026-02-18,2026-01-07,2026-04-29,1.899993896484375
193199,completed,NDS,ADAPT PHARMA OPERATIONS LIMITED,All other therapeutic products,2016-04-22,164,1,306.0,256.5,300.2,734.9,0.8935,2017-02-16,2017-01-04,2018-04-27,-142.0
211970,completed,NDS,PURDUE PHARMA,All other therapeutic products,2018-01-26,507,0,318.6,262.1,300.1,672.6,0.9051,2018-11-22,2018-10-15,2019-11-30,188.39999389648438
281754,completed,NDS,HIKMA CANADA LIMITED,All other therapeutic products,2024-04-18,300,1,320.0,259.4,302.9,578.2,0.9526,2025-02-15,2025-01-02,2025-11-17,-20.0
225848,completed,NDS,ARALEZ PHARMACEUTICALS CANADA INC,Analgesics,2019-05-03,300,1,314.8,257.8,300.2,695.5,0.8596,2020-02-27,2020-01-16,2021-03-29,-14.79998779296875
286523,completed,NDS,POLPHARMA BIOLOGICS S.A.,Immunosuppressants,2024-06-24,457,1,427.7,265.0,382.5,639.5,0.9186,2025-07-12,2025-03-16,2026-03-26,29.29998779296875
193689,completed,NDS,ELI LILLY CANADA INC,Antineoplastic agents,2016-05-20,300,1,299.4,254.4,299.0,425.3,0.8751,2017-03-15,2017-01-29,2017-07-19,0.600006103515625
195550,completed,NDS,PFIZER CANADA INC,Vaccines,2016-07-22,440,1,311.0,245.9,299.9,520.3,0.8819,2017-05-18,2017-03-25,2017-12-24,129.0
286429,completed,NDS,GALDERMA CANADA INC,Other dermatological preparations,2024-06-24,542,1,342.0,267.0,302.8,611.9,0.9453,2025-04-23,2025-03-18,2026-02-26,200.0
218224,completed,NDS,PUMA BIOTECHNOLOGY INC,Antineoplastic agents,2018-09-19,300,1,308.1,251.8,299.3,544.5,0.794,2019-07-15,2019-05-29,2020-03-17,-8.100006103515625
196495,completed,NDS,PURDUE PHARMA,Antiemetics and antinauseants,2016-12-02,300,1,334.6,263.4,301.4,825.5,0.8602,2017-09-29,2017-08-22,2019-03-08,-34.600006103515625
216257,completed,NDS,PENDOPHARM DIVISION OF PHARMASCIENCE INC,Calcium channel blockers,2018-07-20,622,0,321.2,260.3,300.8,773.0,0.7655,2019-05-17,2019-04-06,2020-08-31,300.79998779296875
293081,completed,NDS,JANSSEN INC,Immunosuppressants,2025-01-21,318,1,303.3,265.5,300.2,332.4,0.9656,2025-11-17,2025-10-14,2025-12-19,14.70001220703125
216792,completed,NDS,GLAXOSMITHKLINE INC,Antineoplastic agents,2018-09-28,272,1,290.6,254.4,298.6,433.6,0.8039,2019-07-24,2019-06-09,2019-12-06,-18.600006103515625
259186,completed,NDS,PFIZER CANADA ULC,Antivirals for systemic use,2021-12-01,47,1,250.0,61.0,172.6,577.1,0.7363,2022-05-23,2022-01-31,2023-07-01,-203.0
269388,completed,NDS,ASTRAZENECA CANADA INC,Immune sera and immunoglobulins,2022-12-13,127,1,334.3,274.5,300.5,602.4,0.8948,2023-10-10,2023-09-13,2024-08-06,-207.29998779296875
190564,completed,NDS,MENDELIKABS INC,Other alimentary tract and metabolism products,2016-03-24,180,1,207.7,166.1,195.2,552.3,0.9716,2016-10-05,2016-09-06,2017-09-27,-27.699996948242188
193770,completed,NDS,CYCLE PHARMACEUTICALS LTD,Other alimentary tract and metabolism products,2016-05-09,179,1,206.7,168.8,194.5,566.5,0.9682,2016-11-19,2016-10-25,2017-11-27,-27.699996948242188
193226,completed,NDS,SWEDISH ORPHAN BIOVITRUM AB (PUBL),Other alimentary tract and metabolism products,2016-07-08,158,1,185.2,176.6,178.0,408.1,0.9606,2017-01-02,2017-01-01,2017-08-20,-27.199996948242188
253630,completed,NDS,SANOTIZE RESEARCH & DEVELOPMENT CORP.,Other nervous system drugs,2021-06-15,78,0,154.2,98.4,144.2,765.9,0.567,2021-11-06,2021-09-21,2023-07-21,-76.19999694824219
256629,completed,NDS,BRISTOL-MYERS SQUIBB CANADA,Antineoplastic agents,2022-09-13,365,1,303.4,250.4,299.3,432.5,0.8899,2023-07-09,2023-05-21,2023-11-19,61.600006103515625
200070,completed,NDS,BIOGEN CANADA INC,Other drugs for disorders of the musculo-skeletal system,2016-12-12,199,1,271.0,229.9,246.7,764.1,0.8516,2017-08-16,2017-07-30,2019-01-15,-72.0
198418,completed,NDS,INTERCEPT PHARMACEUTICALS INC,Bile and liver therapy,2016-10-18,218,1,208.3,177.0,198.9,605.7,0.9625,2017-05-05,2017-04-13,2018-06-16,9.699996948242188
230825,completed,NDS,ELUSYS THERAPEUTICS INC,Immune sera and immunoglobulins,2019-10-04,300,1,316.2,261.4,300.2,656.2,0.8252,2020-07-30,2020-06-21,2021-07-21,-16.20001220703125
198094,completed,NDS,HOFFMANN LA ROCHE LIMITED,Immunosuppressants,2016-10-18,300,1,304.0,262.5,299.5,453.0,0.8897,2017-08-14,2017-07-08,2018-01-14,-4.0
197969,completed,NDS,HOFFMANN LA ROCHE LIMITED,Immunosuppressants,2016-10-04,498,1,181.5,176.0,176.5,416.0,0.9732,2017-03-30,2017-03-29,2017-11-24,316.5
273741,completed,NDS,MEDISON PHARMA CANADA INC.,Bile and liver therapy,2023-05-04,179,1,207.2,176.5,212.1,533.0,0.9682,2023-12-02,2023-10-28,2024-10-18,-28.199996948242188
237346,completed,NDS,NOVARTIS PHARMACEUTICALS CANADA INC,Antineoplastic agents,2020-05-07,260,1,300.1,256.3,298.8,536.0,0.9238,2021-03-02,2021-01-18,2021-10-25,-40.100006103515625
182823,completed,NDS,ASTRAZENECA CANADA INC,Antineoplastic agents,2015-06-04,330,1,241.2,224.9,242.8,397.7,0.9167,2016-02-02,2016-01-15,2016-07-06,88.80000305175781
203478,completed,NDS,ELI LILLY CANADA INC,Antineoplastic agents,2017-04-06,231,1,239.3,224.8,241.7,384.5,0.8576,2017-12-04,2017-11-17,2018-04-25,-8.300003051757812
297894,completed,NDS,THERATECHNOLOGIES INC,Lipid modifying agents,2025-06-19,180,1,196.4,177.8,213.1,433.0,0.9762,2026-01-18,2025-12-14,2026-08-26,-16.399993896484375
275236,completed,NDS,SANOFI-AVENTIS CANADA INC,Other alimentary tract and metabolism products,2023-06-12,261,1,199.7,178.5,203.8,332.5,0.964,2024-01-02,2023-12-07,2024-05-10,61.30000305175781
279053,completed,NDS,CELLTRION INC,Drugs for obstructive airway diseases,2024-02-12,298,1,413.1,270.3,371.3,650.0,0.9555,2025-02-17,2024-11-08,2025-11-23,-115.10000610351562
289541,completed,NDS,BIOGEN CANADA INC,Other nervous system drugs,2024-09-16,178,1,201.5,178.4,200.0,359.2,0.9773,2025-04-04,2025-03-13,2025-09-10,-23.5
239719,completed,NDS,NOVARTIS PHARMACEUTICALS CANADA INC,Other drugs for disorders of the musculo-skeletal system,2020-06-18,180,1,180.4,176.7,179.6,357.1,0.9394,2020-12-15,2020-12-12,2021-06-10,-0.399993896484375
288760,completed,NDS,XEDITON PHARMACEUTICALS INC,Antibacterials for systemic use,2024-08-23,385,1,227.0,178.8,211.8,380.2,0.9781,2025-03-23,2025-02-18,2025-09-07,158.0
269568,completed,NDS,RECORDATI RARE DISEASES CANADA INC,Corticosteroids for systemic use,2023-02-21,863,1,351.7,264.5,303.2,729.5,0.928,2023-12-21,2023-11-12,2025-02-19,511.29998779296875
188171,completed,NDS,ASTRAZENECA CANADA INC,Antineoplastic agents,2015-11-13,235,1,242.5,226.6,243.4,407.0,0.9412,2016-07-13,2016-06-27,2016-12-24,-7.5
222001,completed,NDS,DUCHESNAY INC,Sex hormones and modulators of the genital system,2019-03-08,861,1,315.1,264.1,300.1,634.1,0.8699,2020-01-02,2019-11-27,2020-12-01,545.8999938964844
198865,completed,NDS,COLLEGIUM PHARMACEUTICAL INC,Analgesics,2016-11-18,616,0,322.1,262.0,300.2,732.6,0.8629,2017-09-14,2017-08-07,2018-11-21,293.8999938964844
232761,completed,NDS,CELGENE INC,Immunosuppressants,2019-12-09,298,1,311.4,264.1,299.9,547.7,0.8362,2020-10-04,2020-08-29,2021-06-09,-13.399993896484375
192925,completed,NDS,FERRER INTERNACIONAL SA,Antibiotics and chemotherapy for dermatological use,2016-07-05,300,1,323.2,257.5,300.8,839.9,0.8333,2017-05-02,2017-03-20,2018-10-23,-23.20001220703125
294475,completed,NDS,PENDOPHARM DIVISION OF PHARMASCIENCE INC,Calcium homeostasis,2025-03-28,306,1,314.6,268.5,303.3,418.2,0.9493,2026-01-25,2025-12-21,2026-05-20,-8.600006103515625
252065,completed,NDS,IPSEN BIOPHARMACEUTICALS CANADA INC,Other drugs for disorders of the musculo-skeletal system,2021-07-26,179,1,181.2,176.8,177.2,362.6,0.9438,2022-01-19,2022-01-19,2022-07-24,-2.1999969482421875
187504,completed,NDS,NOVARTIS PHARMACEUTICALS CANADA INC,Antineoplastic agents,2015-11-02,234,0,294.8,255.7,299.0,424.4,0.9317,2016-08-27,2016-07-15,2016-12-30,-60.79998779296875
210368,completed,NDS,VIFOR FRESENIUS MEDICAL CARE RENAL PHARMA LTD,All other therapeutic products,2017-12-07,300,1,318.6,264.2,300.2,596.1,0.8287,2018-10-03,2018-08-28,2019-07-26,-18.600006103515625
221896,completed,NDS,ALNYLAM NETHERLANDS B.V.,Other nervous system drugs,2018-12-11,178,1,203.0,176.9,181.1,373.3,0.9506,2019-06-10,2019-06-06,2019-12-19,-25.0
189795,completed,NDS,BAXALTA CANADA CORPORATION,Antineoplastic agents,2016-05-02,298,1,309.9,250.4,299.3,630.8,0.8916,2017-02-25,2017-01-07,2018-01-23,-11.899993896484375
263432,completed,NDS,SWEDISH ORPHAN BIOVITRUM AB (PUBL),Immunosuppressants,2022-06-13,178,1,182.7,177.9,180.8,300.8,0.9505,2022-12-11,2022-12-08,2023-04-10,-4.6999969482421875
272381,completed,NDS,"APELLIS PHARMACEUTICALS, INC",Immunosuppressants,2023-03-24,672,0,330.5,265.3,301.5,676.1,0.8909,2024-01-19,2023-12-14,2025-01-28,341.5
204841,completed,NDS,APOTEX INC,Immunostimulants,2017-06-09,300,1,418.1,266.1,366.7,731.8,0.7604,2018-06-11,2018-03-02,2019-06-11,-118.10000610351562
200807,completed,NDS,BGP PHARMA ULC,Immunostimulants,2017-01-27,696,1,446.5,271.6,364.6,787.8,0.8843,2018-01-27,2017-10-26,2019-03-26,249.5
220445,completed,NDS,SANDOZ CANADA INCORPORATED,Immunostimulants,2019-05-27,330,1,391.7,267.9,319.3,753.3,0.8369,2020-04-10,2020-02-19,2021-06-18,-61.70001220703125
233373,completed,NDS,PFIZER CANADA ULC,Immunostimulants,2020-01-02,300,1,367.8,272.0,312.8,697.0,0.9384,2020-11-10,2020-09-30,2021-11-29,-67.79998779296875
232048,completed,NDS,PURDUE PHARMA,Immunostimulants,2019-11-15,613,0,435.0,270.3,372.0,694.8,0.8406,2020-11-21,2020-08-11,2021-10-10,178.0
262438,completed,NDS,NORA PHARMA INC,Immunostimulants,2022-05-16,702,1,428.0,265.6,377.3,753.4,0.8538,2023-05-28,2023-02-06,2024-06-07,274.0
271699,completed,NDS,CURATEQ BIOLOGICS PRIVATE LIMITED,Immunostimulants,2023-06-08,410,0,425.1,266.2,381.4,736.5,0.897,2024-06-23,2024-02-29,2025-06-13,-15.100006103515625
262990,completed,NDS,LUPIN PHARMA CANADA LIMITED,Immunostimulants,2022-05-20,819,1,427.9,265.6,378.5,743.9,0.8657,2023-06-02,2023-02-10,2024-06-02,391.1000061035156
273871,completed,NDS,JAMP PHARMA CORPORATION,Immunostimulants,2023-12-04,375,1,409.2,276.7,316.5,715.8,0.9152,2024-10-16,2024-09-06,2025-11-19,-34.20001220703125
294441,completed,NDS,CURATEQ BIOLOGICS PRIVATE LIMITED,Immunostimulants,2025-03-12,300,1,332.9,266.5,366.3,436.3,0.9514,2026-03-13,2025-12-04,2026-05-22,-32.899993896484375
287986,completed,NDS,CHIESI FARMACEUTICI S.P.A.,Other alimentary tract and metabolism products,2024-11-08,396,1,353.5,269.7,302.5,553.5,0.946,2025-09-07,2025-08-05,2026-05-16,42.5
251687,completed,NDS,BIOMARIN INTERNATIONAL LIMITED,Other alimentary tract and metabolism products,2021-06-04,299,1,323.4,260.2,300.7,645.5,0.786,2022-04-01,2022-02-19,2023-03-12,-24.399993896484375
302066,completed,NDS,IMMEDICA PHARMA AB,Other alimentary tract and metabolism products,2025-10-24,217,1,223.9,179.5,217.2,512.6,0.9738,2026-05-29,2026-04-21,2027-03-21,-6.899993896484375
242569,completed,NDS,INCYTE CORPORATION,Antineoplastic agents,2020-10-15,337,1,309.6,256.7,299.3,541.5,0.8541,2021-08-10,2021-06-29,2022-04-10,27.399993896484375
191280,completed,NDS,BIOCRYST PHARMACEUTICALS INC,Antivirals for systemic use,2016-03-11,300,1,307.8,260.7,299.8,511.6,0.9082,2017-01-05,2016-11-27,2017-08-05,-7.79998779296875
272066,completed,NDS,BAUSCH & LOMB INC,Ophthalmologicals,2023-08-11,390,1,350.3,266.9,302.1,635.5,0.9099,2024-06-08,2024-05-04,2025-05-08,39.70001220703125
201189,completed,NDS,APOTEX INC,Agents acting on the renin-angiotensin system,2017-08-25,196,1,326.1,259.4,301.1,741.5,0.7477,2018-06-22,2018-05-11,2019-09-05,-130.10000610351562
237402,completed,NDS,HOFFMANN LA ROCHE LIMITED,Antineoplastic agents,2020-05-06,299,1,299.0,251.8,298.9,486.5,0.8839,2021-03-01,2021-01-13,2021-09-05,0.0
304089,completed,NDS,EMD SERONO A DIVISION OF EMD INC CANADA,Antineoplastic agents,2025-12-15,179,1,172.4,158.4,189.3,239.1,0.9773,2026-06-22,2026-05-22,2026-08-11,6.600006103515625
293854,completed,NDS,ELI LILLY CANADA INC,Antineoplastic agents,2025-03-13,218,1,242.9,225.2,240.4,338.8,0.9471,2025-11-08,2025-10-24,2026-02-15,-24.899993896484375
238175,completed,NDS,ENDO VENTURES LTD,Other nervous system drugs,2020-05-22,368,1,321.1,264.0,300.2,635.0,0.8415,2021-03-18,2021-02-10,2022-02-16,46.899993896484375
215288,completed,NDS,CIPHER PHARMACEUTICALS INC,Drugs for constipation,2018-12-14,300,1,325.3,260.2,300.7,664.3,0.7962,2019-10-11,2019-08-31,2020-10-08,-25.29998779296875
298667,completed,NDS,"ARROWHEAD PHARMACEUTICALS, INC.",Lipid modifying agents,2025-07-08,178,1,196.4,177.6,211.4,443.8,0.9783,2026-02-04,2026-01-02,2026-09-25,-18.399993896484375
232303,completed,NDS,HOFFMANN LA ROCHE LIMITED,Antineoplastic agents,2019-11-08,244,1,243.9,226.9,245.1,405.3,0.8819,2020-07-10,2020-06-22,2020-12-17,0.100006103515625
239537,completed,NDS,JANSSEN INC,Immunosuppressants,2020-07-02,300,1,300.0,262.7,299.5,421.9,0.8972,2021-04-28,2021-03-22,2021-08-28,0.0
208364,completed,NDS,EVOLUS INCORPORATED,Muscle relaxants,2017-10-20,300,1,317.9,259.7,300.2,676.6,0.8191,2018-08-16,2018-07-07,2019-08-28,-17.899993896484375
207545,completed,NDS,SERVIER CANADA INC,Antineoplastic agents,2017-11-15,345,1,273.0,230.3,255.6,542.1,0.8547,2018-07-29,2018-07-03,2019-05-11,72.0
243731,completed,NDS,HOFFMANN LA ROCHE LIMITED,Antineoplastic agents,2020-11-03,239,1,244.0,227.2,245.9,396.8,0.8797,2021-07-07,2021-06-18,2021-12-05,-5.0
252270,completed,NDS,HOFFMANN-LA ROCHE LIMITED,Antineoplastic agents,2021-06-28,281,0,247.6,223.8,248.7,456.0,0.838,2022-03-04,2022-02-07,2022-09-27,33.399993896484375
198822,completed,NDS,ENDOCEUTICS INC,Anabolic agents for systemic use,2016-12-05,1061,1,339.5,260.4,301.4,828.3,0.8465,2017-10-02,2017-08-22,2019-03-13,721.5
293526,completed,NDS,ODAN LABORATORIES LTD,Analgesics,2025-02-21,179,1,308.0,262.2,300.9,418.0,0.9531,2025-12-19,2025-11-10,2026-04-15,-129.0
211548,completed,NDS,PHARMASCIENCE INC,Sex hormones and modulators of the genital system,2018-02-28,175,1,314.6,259.1,300.1,689.4,0.8864,2018-12-25,2018-11-14,2020-01-18,-139.60000610351562
239820,completed,NDS,IBSA INSTITUT BIOCHIMIQUE SA,Sex hormones and modulators of the genital system,2020-07-08,296,1,314.8,259.6,300.2,683.9,0.8102,2021-05-04,2021-03-25,2022-05-23,-18.79998779296875
188323,completed,NDS,DUCHESNAY INC,Urologicals,2016-03-11,300,1,310.1,261.8,300.7,803.0,0.8857,2017-01-06,2016-11-28,2018-05-23,-10.100006103515625
288150,completed,NDS,DAIICHI SANKYO PHARMA CANADA LIMITED,Antineoplastic agents,2024-08-13,300,1,324.6,258.1,301.4,555.4,0.9299,2025-06-10,2025-04-28,2026-02-19,-24.600006103515625
211541,completed,NDS,KAMADA LTD,Immune sera and immunoglobulins,2018-01-11,300,1,312.6,259.7,300.1,695.7,0.9118,2018-11-07,2018-09-28,2019-12-08,-12.600006103515625
251162,completed,NDS,"SAMSUNG BIOEPIS CO., LTD",Ophthalmologicals,2021-05-12,300,1,394.6,269.3,311.5,755.5,0.8471,2022-03-19,2022-02-05,2023-06-06,-94.60000610351562
254848,completed,NDS,HOFFMANN-LA ROCHE LIMITED,Ophthalmologicals,2021-09-03,376,1,324.2,265.0,300.4,604.4,0.8424,2022-06-30,2022-05-26,2023-04-30,51.79998779296875
268288,completed,NDS,TEVA CANADA LIMITED,Ophthalmologicals,2022-12-09,306,1,406.9,273.5,360.7,691.6,0.8496,2023-12-05,2023-09-09,2024-10-31,-100.89999389648438
297955,completed,NDS,APOTEX INC,Ophthalmologicals,2025-08-19,295,1,325.7,274.4,303.1,472.5,0.9586,2026-06-18,2026-05-20,2026-12-05,-30.70001220703125
239943,completed,NDS,KYE PHARMACEUTICALS INC,Cardiac therapy,2020-07-06,178,1,179.6,166.1,174.2,366.3,0.9335,2020-12-27,2020-12-19,2021-07-07,-1.600006103515625
217955,completed,NDS,ALEXION PHARMA GMBH,Immunosuppressants,2018-11-02,299,1,305.9,259.8,299.7,510.8,0.8344,2019-08-29,2019-07-20,2020-03-27,-6.899993896484375
276302,completed,NDS,BIONTECH MANUFACTURING GMBH,Vaccines,2023-06-30,90,1,88.4,64.8,100.3,464.9,0.779,2023-10-08,2023-09-03,2024-10-07,1.5999984741210938
180793,completed,NDS,CSL BEHRING CANADA INC,Antihemorrhagics,2015-04-01,300,1,304.6,263.6,300.1,532.7,0.9013,2016-01-26,2015-12-21,2016-09-15,-4.600006103515625
230211,completed,NDS,MEDICAGO INC,Vaccines,2019-09-23,711,0,314.3,253.1,300.4,567.1,0.8235,2020-07-19,2020-06-02,2021-04-12,396.70001220703125
235672,completed,NDS,SANOFI PASTEUR LIMITED,Vaccines,2020-03-20,300,1,304.7,251.1,299.9,470.8,0.8664,2021-01-14,2020-11-26,2021-07-04,-4.70001220703125
252929,completed,NDS,CELLTRION HEALTHCARE CO LTD,Immune sera and immunoglobulins,2021-05-28,1160,0,331.1,106.5,173.9,903.5,0.5631,2021-11-18,2021-09-11,2023-11-17,828.8999938964844
271756,completed,NDS,GALDERMA SA,Muscle relaxants,2023-03-29,293,0,327.8,262.2,302.1,673.6,0.9093,2024-01-25,2023-12-16,2025-01-31,-34.79998779296875
269372,completed,NDS,SUMITOMO PHARMA SWITZERLAND GMBH,Endocrine therapy,2022-12-15,299,1,329.2,264.8,300.7,605.8,0.8442,2023-10-12,2023-09-06,2024-08-12,-30.20001220703125
240551,completed,NDS,GILEAD SCIENCES CANADA INC,Antivirals for systemic use,2020-06-19,38,1,245.9,231.4,244.3,397.6,0.8165,2021-02-18,2021-02-05,2021-07-22,-207.89999389648438
300491,completed,NDS,NOVARTIS PHARMACEUTICALS CANADA INC,Immunosuppressants,2025-09-22,297,1,308.4,267.6,300.6,381.2,0.9511,2026-07-20,2026-06-17,2026-10-08,-11.399993896484375
284373,completed,NDS,BRISTOL-MYERS SQUIBB CANADA,Antineoplastic agents,2024-05-28,344,1,313.4,255.2,301.1,394.3,0.9505,2025-03-25,2025-02-07,2025-06-26,30.600006103515625
185873,completed,NDS,TEVA CANADA LIMITED,Immunosuppressants,2015-09-25,299,1,306.2,259.8,299.9,512.7,0.8569,2016-07-21,2016-06-11,2017-02-19,-7.20001220703125
269021,completed,NDS,GLAXOSMITHKLINE INC,Vaccines,2022-11-29,248,1,310.5,253.6,299.9,424.6,0.8354,2023-09-25,2023-08-10,2024-01-28,-62.5
284125,completed,NDS,INCYTE CORPORATION,Antineoplastic agents,2024-04-12,300,1,314.6,254.1,301.4,442.2,0.9466,2025-02-07,2024-12-22,2025-06-28,-14.600006103515625
203884,completed,NDS,NOVARTIS PHARMACEUTICALS CANADA INC,Antineoplastic agents,2017-05-08,298,1,298.2,254.5,299.0,418.5,0.9141,2018-03-03,2018-01-17,2018-07-01,-0.20001220703125
293336,completed,NDS,MACLEODS PHARMACEUTICALS LIMITED,Antimycobacterials,2025-03-28,321,1,318.9,260.1,303.2,418.8,0.9505,2026-01-25,2025-12-13,2026-05-21,2.100006103515625
266189,completed,NDS,BIONTECH MANUFACTURING GMBH,Vaccines,2022-07-25,88,1,87.9,61.6,100.7,467.8,0.7324,2022-11-03,2022-09-25,2023-11-05,0.09999847412109375
268384,completed,NDS,PFIZER CANADA ULC,Analgesics,2023-01-18,317,1,346.9,273.2,301.8,627.4,0.9457,2023-11-16,2023-10-18,2024-10-06,-29.899993896484375
234688,completed,NDS,DECIPHERA PHARMACEUTICALS. LLC,Antineoplastic agents,2020-03-11,100,1,159.2,126.7,173.2,443.4,0.9543,2020-08-31,2020-07-16,2021-05-28,-59.19999694824219
215753,completed,NDS,ABBVIE CORPORATION,Immunosuppressants,2018-06-21,300,1,300.8,262.5,299.5,435.2,0.8721,2019-04-16,2019-03-10,2019-08-30,-0.79998779296875
242373,completed,NDS,HOFFMANN LA ROCHE LIMITED,Other drugs for disorders of the musculo-skeletal system,2020-10-16,180,1,184.3,177.3,185.1,359.9,0.9473,2021-04-19,2021-04-11,2021-10-11,-4.3000030517578125
233331,completed,NDS,HLS THERAPEUTICS INC,Psycholeptics,2020-01-21,303,1,312.3,259.9,300.1,687.7,0.8955,2020-11-16,2020-10-07,2021-12-09,-9.29998779296875
264840,completed,NDS,"LABORATORIOS FARMACEUTICOS ROVI, S.A.",Psycholeptics,2022-12-29,448,1,327.5,264.3,300.7,642.4,0.835,2023-10-26,2023-09-19,2024-10-01,120.5
259861,completed,NDS,TEVA CANADA LIMITED,Psycholeptics,2022-03-11,1195,1,341.9,270.0,300.8,716.8,0.8662,2023-01-06,2022-12-06,2024-02-26,853.1000061035156
268723,completed,NDS,PFIZER CANADA ULC,Immunosuppressants,2023-02-02,300,1,311.8,265.5,301.2,405.7,0.9435,2023-11-30,2023-10-26,2024-03-14,-11.79998779296875
207702,completed,NDS,CELLTRION HEALTHCARE CO LTD,Antineoplastic agents,2017-09-08,552,0,423.0,256.8,365.6,718.8,0.8002,2018-09-09,2018-05-23,2019-08-28,129.0
208107,completed,NDS,CELLTRION HEALTHCARE CO LTD,Antineoplastic agents,2017-09-08,552,0,423.0,256.8,365.6,718.8,0.8002,2018-09-09,2018-05-23,2019-08-28,129.0
224672,completed,NDS,PFIZER CANADA ULC,Antineoplastic agents,2019-03-25,8,0,361.3,259.5,310.6,656.7,0.9412,2020-01-30,2019-12-09,2021-01-10,-353.29998779296875
208204,completed,NDS,CELLTRION HEALTHCARE CO LTD,Antineoplastic agents,2017-09-08,573,1,423.0,256.8,365.6,718.8,0.8002,2018-09-09,2018-05-23,2019-08-28,150.0
214058,completed,NDS,SANDOZ CANADA INCORPORATED,Antineoplastic agents,2018-04-20,739,1,418.0,256.7,358.1,708.6,0.8601,2019-04-13,2019-01-02,2020-03-29,321.0
224164,completed,NDS,PFIZER CANADA ULC,Antineoplastic agents,2019-03-25,406,1,361.3,259.5,310.6,656.7,0.9412,2020-01-30,2019-12-09,2021-01-10,44.70001220703125
237814,completed,NDS,AMGEN CANADA INC,Antineoplastic agents,2020-05-15,300,1,383.0,262.2,309.7,771.6,0.9246,2021-03-21,2021-02-01,2022-06-26,-83.0
280385,completed,NDS,DR. REDDY'S LABORATORIES SA,Antineoplastic agents,2024-02-15,729,1,447.4,263.8,380.4,714.7,0.9387,2025-03-01,2024-11-05,2026-01-30,281.6000061035156
264296,completed,NDS,"ARCUTIS BIOTHERAPEUTICS, INC",Other dermatological preparations,2022-07-04,298,1,333.4,266.0,300.8,735.5,0.8454,2023-05-01,2023-03-27,2024-07-08,-35.399993896484375
197713,completed,NDS,AMGEN CANADA INC,Drugs for treatment of bone diseases,2016-10-07,983,1,320.4,268.3,299.9,640.3,0.9175,2017-08-03,2017-07-02,2018-07-09,662.6000061035156
300017,completed,NDS,FORUS THERAPEUTICS INC,Immunostimulants,2025-09-05,300,1,311.8,262.6,300.8,398.0,0.945,2026-07-03,2026-05-26,2026-10-08,-11.79998779296875
271972,completed,NDS,FORMATIVE PHARMA INC.,Anesthetics,2023-05-05,685,1,415.6,261.4,304.9,748.5,0.917,2024-03-05,2024-01-21,2025-05-22,269.3999938964844
236566,completed,NDS,ASTRAZENECA CANADA INC,Antianemic preparations,2020-03-31,577,0,310.8,267.7,299.7,578.8,0.8871,2021-01-25,2020-12-24,2021-10-31,266.20001220703125
274979,completed,NDS,UCB CANADA INC,Other drugs for disorders of the musculo-skeletal system,2023-11-24,490,1,332.7,269.8,302.6,660.7,0.9165,2024-09-22,2024-08-20,2025-09-15,157.29998779296875
279310,completed,NDS,MODERNA BIOPHARMA CANADA CORPORATION,Vaccines,2024-01-11,300,1,328.5,246.3,302.0,457.3,0.9531,2024-11-08,2024-09-13,2025-04-12,-28.5
272785,completed,NDS,PFIZER CANADA ULC,Vaccines,2023-03-24,272,1,308.5,249.8,301.2,400.8,0.9411,2024-01-19,2023-11-29,2024-04-28,-36.5
186488,completed,NDS,PEDIAPHARM INC,Antihistamines for systemic use,2015-09-24,300,1,322.7,257.9,300.8,840.1,0.8252,2016-07-21,2016-06-08,2018-01-11,-22.70001220703125
269729,completed,NDS,INCYTE CORPORATION,Other dermatological preparations,2023-03-17,574,1,344.2,270.9,302.2,713.9,0.9201,2024-01-13,2023-12-13,2025-02-28,229.79998779296875
270055,completed,NDS,VERU INC.,Antivirals for systemic use,2022-11-24,196,0,168.0,91.9,160.2,562.6,0.6052,2023-05-03,2023-02-24,2024-06-09,28.0
248753,completed,NDS,GILEAD SCIENCES CANADA INC,Antineoplastic agents,2021-03-31,177,1,174.4,172.9,175.2,251.5,0.9606,2021-09-22,2021-09-20,2021-12-07,2.600006103515625
207115,completed,NDS,VALEO PHARMA INC,Anti-parkinson drugs,2018-03-16,300,1,323.7,257.7,300.7,734.8,0.8518,2019-01-11,2018-11-29,2020-03-20,-23.70001220703125
189577,completed,NDS,TEVA CANADA LIMITED,Drugs for obstructive airway diseases,2016-11-18,348,1,322.1,266.7,300.2,668.3,0.8739,2017-09-14,2017-08-12,2018-09-17,25.899993896484375
191745,completed,NDS,SANOFI-AVENTIS CANADA INC,Immunosuppressants,2016-03-18,300,1,298.6,262.9,299.5,411.1,0.9389,2017-01-11,2016-12-06,2017-05-03,1.399993896484375
254715,completed,NDS,SANOFI PASTEUR LIMITED,Vaccines,2021-07-21,586,0,93.2,62.9,105.6,473.4,0.6556,2021-11-04,2021-09-22,2022-11-06,492.8000030517578
269939,completed,NDS,SANOFI PASTEUR LIMITED,Vaccines,2022-12-16,73,0,79.2,47.7,106.3,462.4,0.7154,2023-04-01,2023-02-02,2024-03-22,-6.1999969482421875
278519,completed,NDS,NOVAVAX INC.,Vaccines,2023-09-01,95,1,110.4,70.5,118.7,464.8,0.7604,2023-12-29,2023-11-10,2024-12-09,-15.400001525878906
255370,completed,NDS,NOVAVAX INC.,Vaccines,2021-08-30,171,1,126.4,91.2,123.7,469.6,0.6323,2022-01-01,2021-11-29,2022-12-13,44.599998474121094
233642,completed,NDS,HOFFMANN LA ROCHE LIMITED,Immunosuppressants,2019-12-04,180,1,179.0,177.1,178.2,260.8,0.9596,2020-05-30,2020-05-29,2020-08-21,1.0
204085,completed,NDS,ALEXION PHARMA GMBH,Other alimentary tract and metabolism products,2017-04-21,238,1,257.5,228.9,243.7,590.4,0.8799,2017-12-21,2017-12-06,2018-12-02,-19.5
294551,completed,NDS,GILEAD SCIENCES CANADA INC,Bile and liver therapy,2025-02-28,230,1,246.0,229.6,240.7,396.6,0.961,2025-10-27,2025-10-16,2026-04-01,-16.0
253182,completed,NDS,FORUS THERAPEUTICS INC,Antineoplastic agents,2021-08-06,298,1,310.7,251.5,299.6,527.9,0.8155,2022-06-02,2022-04-14,2023-01-16,-12.70001220703125
243748,completed,NDS,LOXO ONCOLOGY INC,Antineoplastic agents,2020-10-19,239,1,261.8,228.4,255.4,560.9,0.8468,2021-07-01,2021-06-04,2022-05-03,-22.79998779296875
243733,completed,NDS,ASTRAZENECA CANADA INC,Antineoplastic agents,2020-11-23,646,1,302.3,258.0,299.0,483.9,0.9232,2021-09-18,2021-08-08,2022-03-22,343.70001220703125
202059,completed,NDS,NOVO NORDISK CANADA INC,Drugs used in diabetes,2017-03-10,300,1,298.5,268.3,299.4,403.6,0.9116,2018-01-03,2017-12-03,2018-04-18,1.5
226906,completed,NDS,NOVO NORDISK CANADA INC,Drugs used in diabetes,2019-06-06,299,1,300.9,266.9,299.5,488.6,0.8858,2020-03-31,2020-02-28,2020-10-07,-1.899993896484375
247235,completed,NDS,NOVO NORDISK CANADA INC,Drugs used in diabetes,2021-01-29,298,1,304.3,267.9,299.7,466.4,0.9417,2021-11-25,2021-10-24,2022-05-10,-6.29998779296875
287973,completed,NDS,PTC THERAPEUTICS INTERNATIONAL LIMITED,Other alimentary tract and metabolism products,2024-07-24,440,1,218.7,179.5,208.2,426.0,0.9784,2025-02-17,2025-01-19,2025-09-23,221.3000030517578
268412,completed,NDS,"RHYTHM PHARMACEUTICALS, INC","Antiobesity preparations, excluding diet products",2022-11-09,177,1,216.4,176.0,199.5,571.6,0.9571,2023-05-27,2023-05-04,2024-06-03,-39.399993896484375
297051,completed,NDS,BAYER INC,Antineoplastic agents,2025-05-08,266,1,212.9,156.8,221.1,350.3,0.9563,2025-12-15,2025-10-12,2026-04-23,53.100006103515625
283047,completed,NDS,ASTRAZENECA CANADA INC,Immune sera and immunoglobulins,2024-03-05,381,1,347.6,132.0,199.3,654.8,0.8235,2024-09-20,2024-07-15,2025-12-20,33.399993896484375
223225,completed,NDS,NOVARTIS PHARMACEUTICALS CANADA INC,Immunosuppressants,2019-02-07,378,1,308.4,265.0,299.5,468.6,0.9348,2019-12-04,2019-10-30,2020-05-21,69.60000610351562
205568,completed,NDS,GLAXOSMITHKLINE INC,Immunosuppressants,2017-06-30,111,0,301.6,262.2,299.5,434.0,0.7575,2018-04-26,2018-03-19,2018-09-07,-190.60000610351562
270800,completed,NDS,EMERGENT PRODUCT DEVELOPMENT GAITHERSBURG INC.,Vaccines,2023-02-08,300,1,317.3,249.6,301.6,589.6,0.9114,2023-12-07,2023-10-16,2024-09-20,-17.29998779296875
225953,completed,NDS,BAXTER CORPORATION,Blood substitutes and perfusion solutions,2019-05-08,300,1,324.8,256.9,300.8,741.6,0.8667,2020-03-04,2020-01-20,2021-05-19,-24.79998779296875
231915,completed,NDS,"BC CANCER, PART OF THE PROVINCIAL HEALTH SERVICES AUTHORITY",Diagnostic radiopharmaceuticals,2020-01-31,300,1,303.2,257.5,300.1,667.8,0.903,2020-11-26,2020-10-15,2021-11-29,-3.20001220703125
253502,completed,NDS,AMYLYX PHARMACEUTICALS INC.,Other nervous system drugs,2021-08-23,291,1,329.5,260.2,300.7,700.2,0.8217,2022-06-20,2022-05-10,2023-07-24,-38.5
218799,completed,NDS,ASTRAZENECA CANADA INC,All other therapeutic products,2018-09-28,300,1,307.5,267.3,300.0,591.8,0.8801,2019-07-25,2019-06-22,2020-05-12,-7.5
190521,completed,NDS,GILEAD SCIENCES CANADA INC,Antivirals for systemic use,2016-01-15,178,1,183.4,177.5,188.2,267.9,0.9791,2016-07-21,2016-07-10,2016-10-09,-5.399993896484375
202324,completed,NDS,GILEAD SCIENCES CANADA INC,Antivirals for systemic use,2017-02-17,180,1,178.6,177.3,184.3,240.6,0.9726,2017-08-20,2017-08-13,2017-10-16,1.399993896484375
237511,completed,NDS,JAZZ PHARMACEUTICALS IRELAND LIMITED,Psychoanaleptics,2020-07-17,300,1,319.9,262.1,300.2,641.2,0.8135,2021-05-13,2021-04-05,2022-04-19,-19.899993896484375
267443,completed,NDS,NOVO NORDISK CANADA INC,Pituitary and hypothalamic hormones and analogues,2022-09-29,300,1,316.5,267.0,300.4,547.2,0.8856,2023-07-26,2023-06-23,2024-03-29,-16.5
246729,completed,NDS,PFIZER CANADA ULC,Pituitary and hypothalamic hormones and analogues,2020-12-31,299,1,305.2,267.1,299.7,522.7,0.8931,2021-10-27,2021-09-24,2022-06-07,-6.20001220703125
229407,completed,NDS,SUN PHARMA GLOBAL FZE,Antineoplastic agents,2019-08-20,297,1,310.7,255.6,299.3,600.6,0.8308,2020-06-14,2020-05-02,2021-04-12,-13.70001220703125
217853,completed,NDS,SANOFI-AVENTIS CANADA INC,Drugs used in diabetes,2018-08-20,290,0,301.3,268.0,299.4,434.6,0.8946,2019-06-15,2019-05-15,2019-10-29,-11.29998779296875
283307,completed,NDS,MERCK CANADA INC,Antihypertensives,2024-03-01,180,1,200.9,178.3,182.0,341.2,0.9748,2024-08-30,2024-08-26,2025-02-05,-20.899993896484375
248435,completed,NDS,AMGEN CANADA INC,Antineoplastic agents,2021-02-11,211,1,201.7,147.4,211.1,370.5,0.9387,2021-09-10,2021-07-08,2022-02-17,9.300003051757812
251285,completed,NDS,GLAXOSMITHKLINE INC,Immune sera and immunoglobulins,2021-04-01,120,1,297.4,105.4,166.1,860.0,0.5782,2021-09-14,2021-07-15,2023-08-09,-177.39999389648438
257895,completed,NDS,GLAXOSMITHKLINE INC,Immune sera and immunoglobulins,2021-10-25,917,0,300.5,64.5,175.7,892.9,0.5373,2022-04-19,2021-12-28,2024-04-05,616.5
267362,completed,NDS,BOEHRINGER INGELHEIM (CANADA) LTD LTEE,Immunosuppressants,2022-09-23,180,1,182.8,177.9,181.0,297.4,0.9589,2023-03-23,2023-03-20,2023-07-17,-2.8000030517578125
201492,completed,NDS,VIFOR FRESENIUS MEDICAL CARE RENAL PHARMA LTD,All other therapeutic products,2017-02-16,323,1,313.5,261.6,300.1,624.8,0.8926,2017-12-13,2017-11-05,2018-11-03,9.5
180385,completed,NDS,MERCK CANADA INC,All other therapeutic products,2015-04-13,298,1,327.9,265.1,300.8,734.5,0.9146,2016-02-08,2016-01-03,2017-04-16,-29.899993896484375
196367,completed,NDS,MERCK CANADA INC,Psycholeptics,2016-08-26,825,1,335.6,267.5,300.8,798.8,0.9016,2017-06-23,2017-05-21,2018-11-03,489.3999938964844
209210,completed,NDS,ENDO VENTURES LTD,Immunosuppressants,2018-04-23,298,1,306.0,258.3,299.8,576.9,0.8622,2019-02-17,2019-01-06,2019-11-21,-8.0
240239,completed,NDS,PFIZER CANADA ULC,Other nervous system drugs,2020-09-14,298,1,312.2,267.3,299.9,589.3,0.9083,2021-07-11,2021-06-08,2022-04-26,-14.20001220703125
228368,completed,NDS,PFIZER CANADA ULC,Other nervous system drugs,2019-07-24,180,1,185.7,177.0,178.4,343.6,0.9635,2020-01-18,2020-01-17,2020-07-02,-5.6999969482421875
247025,completed,NDS,INCYTE CORPORATION,Antineoplastic agents,2020-12-24,238,1,250.5,227.0,255.1,463.5,0.8586,2021-09-05,2021-08-08,2022-04-01,-12.5
220584,completed,NDS,PFIZER CANADA ULC,Antineoplastic agents,2018-11-15,295,1,296.9,255.6,298.9,432.1,0.9179,2019-09-10,2019-07-29,2020-01-21,-1.899993896484375
278277,completed,NDS,JANSSEN INC,Antineoplastic agents,2023-09-13,230,1,250.5,227.7,245.3,402.0,0.934,2024-05-15,2024-04-28,2024-10-19,-20.5
272063,completed,NDS,DERMAVANT SCIENCES GMBH,Antipsoriatics,2023-05-19,686,1,342.9,259.8,303.1,695.0,0.9153,2024-03-17,2024-02-03,2025-04-13,343.1000061035156
281963,completed,NDS,AMGEN CANADA INC,Antineoplastic agents,2024-01-10,245,1,247.1,219.2,241.8,414.1,0.9718,2024-09-08,2024-08-16,2025-02-27,-2.100006103515625
236286,completed,NDS,"BAUSCH HEALTH, CANADA INC.",Antipsoriatics,2020-09-11,300,1,329.3,261.5,300.8,781.1,0.7974,2021-07-09,2021-05-31,2022-11-01,-29.29998779296875
258717,completed,NDS,IMMUNOCORE IRELAND LIMITED,Antineoplastic agents,2021-12-13,176,1,196.0,171.3,193.5,509.6,0.9432,2022-06-24,2022-06-02,2023-05-07,-20.0
269369,completed,NDS,JANSSEN INC,Antineoplastic agents,2022-12-01,237,1,249.3,228.1,245.7,399.7,0.9203,2023-08-04,2023-07-17,2024-01-05,-12.300003051757812
247561,completed,NDS,"SIGA TECHNOLOGIES, INC.",Antivirals for systemic use,2021-02-02,300,1,311.1,260.6,300.2,510.2,0.8709,2021-11-29,2021-10-21,2022-06-27,-11.100006103515625
208730,completed,NDS,IPSEN BIOPHARMACEUTICALS CANADA INC,"Antidiarrheals, intestinal anti-inflammatory/anti-infective agents ",2017-12-15,299,1,312.0,268.6,300.3,612.6,0.8369,2018-10-11,2018-09-10,2019-08-20,-13.0
224850,completed,NDS,KNIGHT THERAPEUTICS INC.,Drugs for constipation,2019-06-20,300,1,320.1,260.4,300.7,682.5,0.758,2020-04-16,2020-03-06,2021-05-02,-20.100006103515625
193066,completed,NDS,GILEAD SCIENCES CANADA INC,Antivirals for systemic use,2016-07-21,300,1,305.5,266.2,299.5,513.8,0.8861,2017-05-17,2017-04-13,2017-12-17,-5.5
289990,completed,NDS,SANOFI-AVENTIS CANADA INC,Drugs used in diabetes,2024-10-02,215,1,196.6,180.2,202.9,272.7,0.9766,2025-04-23,2025-03-31,2025-07-02,18.399993896484375
242300,completed,NDS,EMD SERONO A DIVISION OF EMD INC CANADA,Antineoplastic agents,2020-10-05,234,1,187.1,135.3,214.3,455.5,0.8678,2021-05-07,2021-02-17,2022-01-03,46.899993896484375
285296,completed,NDS,AMGEN CANADA INC,Immunosuppressants,2024-05-17,335,1,326.8,267.5,301.9,462.1,0.9532,2025-03-15,2025-02-08,2025-08-22,8.20001220703125
281005,completed,NDS,MEDEXUS PHARMACEUTICALS INC.,Antifungals for dermatological use,2024-01-04,453,0,360.7,264.0,305.2,648.9,0.9638,2024-11-04,2024-09-24,2025-10-14,92.29998779296875
215409,completed,NDS,AVIR PHARMA INC,Calcium homeostasis,2018-06-01,591,1,401.5,261.7,359.1,829.2,0.7075,2019-05-26,2019-02-18,2020-09-07,189.5
290038,completed,NDS,"MARIUS PHARMACEUTICALS, LLC",Sex hormones and modulators of the genital system,2024-12-18,327,1,335.5,264.9,302.7,567.1,0.9354,2025-10-17,2025-09-09,2026-07-08,-8.5
293552,completed,NDS,TOLMAR INTERNATIONAL LTD.,Sex hormones and modulators of the genital system,2025-01-31,315,1,305.9,262.2,300.8,422.4,0.9606,2025-11-28,2025-10-20,2026-03-29,9.100006103515625
256188,completed,NDS,ASTRAZENECA CANADA INC,Drugs for obstructive airway diseases,2021-10-04,297,1,331.4,271.2,300.5,625.3,0.8991,2022-07-31,2022-07-02,2023-06-21,-34.399993896484375
206099,completed,NDS,BIOSYENT PHARMA INC,Sex hormones and modulators of the genital system,2017-10-02,585,1,334.7,264.7,300.2,642.4,0.8322,2018-07-29,2018-06-24,2019-07-06,250.29998779296875
224036,completed,NDS,SUN PHARMA GLOBAL FZE,Immunosuppressants,2019-02-27,812,1,321.3,263.7,299.8,595.8,0.8932,2019-12-24,2019-11-18,2020-10-15,490.70001220703125
205852,completed,NDS,"TAIHO PHARMA CANADA, INC.",Antineoplastic agents,2017-07-31,178,1,185.1,176.2,180.9,358.2,0.9419,2018-01-28,2018-01-23,2018-07-24,-7.100006103515625
262080,completed,NDS,AVIR PHARMA INC,Antibiotics and chemotherapy for dermatological use,2022-07-27,289,1,323.0,262.3,301.3,708.3,0.8214,2023-05-24,2023-04-15,2024-07-04,-34.0
259103,completed,NDS,ELI LILLY CANADA INC,Drugs used in diabetes,2022-02-24,273,1,318.5,272.6,299.7,463.0,0.8674,2022-12-21,2022-11-24,2023-06-02,-45.5
275333,completed,NDS,ELI LILLY CANADA INC,Drugs used in diabetes,2024-07-18,299,1,315.9,270.5,301.6,451.5,0.946,2025-05-16,2025-04-14,2025-10-13,-16.899993896484375
213547,completed,NDS,NOVARTIS PHARMACEUTICALS CANADA INC,Antineoplastic agents,2018-03-09,180,1,176.8,176.0,179.2,249.9,0.971,2018-09-04,2018-09-01,2018-11-14,3.1999969482421875
213698,completed,NDS,NOVARTIS PHARMACEUTICALS CANADA INC,Antineoplastic agents,2018-03-09,180,1,177.3,174.5,179.2,292.6,0.973,2018-09-04,2018-08-30,2018-12-27,2.6999969482421875
293878,completed,NDS,BEONE MEDICINES I GMBH,Antineoplastic agents,2025-02-24,297,1,313.9,258.4,300.2,411.1,0.9401,2025-12-21,2025-11-09,2026-04-11,-16.899993896484375
297588,completed,NDS,BEONE MEDICINES I GMBH,Antineoplastic agents,2025-06-20,300,1,305.5,253.3,300.1,408.6,0.9165,2026-04-16,2026-02-28,2026-08-03,-5.5
280011,completed,NDS,FRESENIUS KABI CANADA LTD,Immunosuppressants,2023-12-08,308,1,388.6,270.1,310.7,685.7,0.9185,2024-10-14,2024-09-03,2025-10-24,-80.60000610351562
283028,completed,NDS,CELLTRION INC,Immunosuppressants,2024-07-08,465,1,418.3,268.3,369.5,628.1,0.9431,2025-07-13,2025-04-02,2026-03-28,46.70001220703125
286094,completed,NDS,BIOGEN CANADA INC,Immunosuppressants,2024-10-11,371,0,401.9,264.3,362.4,581.5,0.9361,2025-10-08,2025-07-02,2026-05-15,-30.899993896484375
283158,completed,NDS,BIOGEN CANADA INC,Other nervous system drugs,2024-03-18,347,1,335.2,265.6,302.7,570.5,0.952,2025-01-15,2024-12-09,2025-10-09,11.79998779296875
290985,completed,NDS,APOTEX INC,Antineoplastic agents,2024-12-23,298,1,323.5,258.8,301.8,498.9,0.9441,2025-10-21,2025-09-08,2026-05-06,-25.5
301603,completed,NDS,IPSEN BIOPHARMACEUTICALS CANADA INC,Antineoplastic agents,2025-10-07,279,1,252.1,229.5,253.2,362.0,0.9459,2026-06-17,2026-05-25,2026-10-04,26.899993896484375
244906,completed,NDS,BIONTECH MANUFACTURING GMBH,Vaccines,2020-10-09,61,1,73.6,40.3,102.6,521.9,0.7065,2021-01-20,2020-11-18,2022-03-15,-12.599998474121094
252736,completed,NDS,PFIZER CANADA ULC/BIONTECH SE,Vaccines,2021-06-10,98,1,114.8,85.7,119.4,494.4,0.6026,2021-10-07,2021-09-04,2022-10-17,-16.800003051757812
245877,completed,NDS,LEO PHARMA INC,Other dermatological preparations,2020-12-18,299,1,327.8,272.0,300.3,642.7,0.8433,2021-10-14,2021-09-16,2022-09-22,-28.79998779296875
204579,completed,NDS,BGP PHARMA ULC,Antineoplastic agents,2017-06-02,700,1,422.0,256.7,365.6,716.3,0.7739,2018-06-03,2018-02-14,2019-05-19,278.0
212140,completed,NDS,PFIZER CANADA ULC,Antineoplastic agents,2018-02-01,560,1,400.7,259.5,354.0,710.6,0.9484,2019-01-21,2018-10-18,2020-01-13,159.29998779296875
210238,completed,NDS,CELLTRION HEALTHCARE CO LTD,Antineoplastic agents,2017-11-17,655,1,423.6,258.5,365.6,716.6,0.8282,2018-11-18,2018-08-03,2019-11-04,231.39999389648438
208836,completed,NDS,AMGEN CANADA INC,Antineoplastic agents,2017-10-13,867,1,409.0,259.6,363.1,796.7,0.9273,2018-10-11,2018-06-30,2019-12-19,458.0
235995,completed,NDS,"SAMSUNG BIOEPIS CO., LTD",Antineoplastic agents,2020-04-17,651,1,365.6,257.5,310.2,641.3,0.8584,2021-02-21,2020-12-31,2022-01-18,285.3999938964844
253850,completed,NDS,PRESTIGE BIOPHARMA LTD.,Antineoplastic agents,2021-08-27,672,0,412.3,256.7,373.1,693.4,0.7977,2022-09-04,2022-05-11,2023-07-21,259.70001220703125
275910,completed,NDS,ACCORD HEALTHCARE INC,Antineoplastic agents,2023-07-20,397,1,406.6,259.4,382.3,642.5,0.9079,2024-08-05,2024-04-04,2025-04-22,-9.600006103515625
209878,completed,NDS,CELLTRION HEALTHCARE CO LTD,Antineoplastic agents,2017-11-17,3056,0,423.6,258.5,365.6,716.6,0.8282,2018-11-18,2018-08-03,2019-11-04,2632.3999938964844
210677,completed,NDS,CELLTRION HEALTHCARE CO LTD,Antineoplastic agents,2017-11-17,3056,0,423.6,258.5,365.6,716.6,0.8282,2018-11-18,2018-08-03,2019-11-04,2632.3999938964844
212273,completed,NDS,PFIZER CANADA ULC,Antineoplastic agents,2018-02-01,3095,0,400.7,259.5,354.0,710.6,0.9484,2019-01-21,2018-10-18,2020-01-13,2694.2999877929688
242104,completed,NDS,ASTRAZENECA CANADA INC,Antineoplastic agents,2020-08-21,237,1,244.9,227.6,243.0,459.6,0.9201,2021-04-21,2021-04-06,2021-11-24,-7.899993896484375
262740,completed,NDS,ASTRAZENECA CANADA INC,Antineoplastic agents,2022-05-16,472,1,315.2,259.1,299.4,470.9,0.9149,2023-03-11,2023-01-30,2023-08-30,156.79998779296875
300062,completed,NDS,ABBVIE CORPORATION,Muscle relaxants,2025-09-04,291,1,312.9,270.7,300.5,392.8,0.9516,2026-07-02,2026-06-02,2026-10-02,-21.899993896484375
244137,completed,NDS,MEDEXUS INC,Antineoplastic agents,2020-12-21,186,1,190.1,174.5,184.3,383.2,0.9511,2021-06-23,2021-06-13,2022-01-08,-4.100006103515625
231223,completed,NDS,MARCAN PHARMACEUTICALS INC,Antineoplastic agents,2020-01-08,538,0,337.7,253.7,299.1,548.2,0.897,2020-11-02,2020-09-18,2021-07-09,200.29998779296875
280633,completed,NDS,BAUSCH & LOMB INC,"Corticosteroids, dermatological preparations",2024-03-28,473,1,350.7,263.7,303.7,626.5,0.9527,2025-01-26,2024-12-17,2025-12-15,122.29998779296875
201546,completed,NDS,MEDEXUS INC,Corticosteroids for systemic use,2017-02-15,300,1,333.9,258.2,300.8,786.2,0.883,2017-12-13,2017-10-31,2019-04-12,-33.899993896484375
228708,completed,NDS,MARCAN PHARMACEUTICALS INC,Other alimentary tract and metabolism products,2019-11-21,298,1,326.9,268.7,300.2,617.1,0.8388,2020-09-16,2020-08-16,2021-07-30,-28.899993896484375
237287,completed,NDS,WAYMADE PLC,All other therapeutic products,2020-06-24,300,1,303.8,259.4,300.3,632.0,0.7813,2021-04-20,2021-03-10,2022-03-18,-3.79998779296875
221945,completed,NDS,GALDERMA CANADA INC,Anti-acne preparations,2019-01-31,298,1,323.8,257.7,300.6,748.9,0.9052,2019-11-28,2019-10-16,2021-02-18,-25.79998779296875
242196,completed,NDS,ULTRAGENYX PHARMACEUTICAL INC,Other alimentary tract and metabolism products,2020-08-20,179,1,192.3,177.4,185.3,430.1,0.9488,2021-02-21,2021-02-13,2021-10-24,-13.300003051757812
285051,completed,NDS,ACADIA PHARMACEUTICALS INC,Other nervous system drugs,2024-04-18,176,1,232.7,177.8,220.8,557.9,0.9769,2024-11-25,2024-10-13,2025-10-28,-56.69999694824219
235295,completed,NDS,SEATTLE GENETICS INC,Antineoplastic agents,2020-02-07,119,1,150.7,128.4,163.4,327.7,0.9644,2020-07-19,2020-06-14,2020-12-31,-31.699996948242188
256191,completed,NDS,ABBVIE CORPORATION,Analgesics,2021-10-18,388,1,324.1,268.2,300.4,558.7,0.8874,2022-08-14,2022-07-13,2023-04-30,63.899993896484375
223734,completed,NDS,ABBVIE CORPORATION,Immunosuppressants,2019-03-01,297,1,297.9,262.8,299.4,407.1,0.9233,2019-12-25,2019-11-19,2020-04-11,-0.899993896484375
268742,completed,NDS,JAMP PHARMA CORPORATION,Immunosuppressants,2023-01-13,300,1,391.7,268.6,309.0,689.1,0.9413,2023-11-18,2023-10-09,2024-12-02,-91.70001220703125
269097,completed,NDS,AMGEN CANADA INC,Immunosuppressants,2023-03-03,299,1,385.6,271.8,309.2,736.4,0.9434,2024-01-06,2023-11-30,2025-03-08,-86.60000610351562
274939,completed,NDS,"CELLTRION HEALTHCARE CO LTD, CELLTRION INC",Immunosuppressants,2023-08-21,344,1,438.8,269.4,378.2,782.0,0.8922,2024-09-02,2024-05-16,2025-10-11,-94.79998779296875
277532,completed,NDS,"SAMSUNG BIOEPIS CO., LTD",Immunosuppressants,2023-10-12,300,1,379.6,266.7,311.1,642.6,0.9275,2024-08-18,2024-07-05,2025-07-16,-79.60000610351562
278712,completed,NDS,"SAMSUNG BIOEPIS CO., LTD",Immunosuppressants,2023-10-12,300,1,379.6,266.7,311.1,642.6,0.9275,2024-08-18,2024-07-05,2025-07-16,-79.60000610351562
279373,completed,NDS,FRESENIUS KABI CANADA LTD,Immunosuppressants,2024-03-05,300,1,396.2,268.6,311.4,623.5,0.9537,2025-01-10,2024-11-29,2025-11-19,-96.20001220703125
284892,completed,NDS,BIOSIMILAR COLLABORATIONS IRELAND LIMITED,Immunosuppressants,2024-05-27,508,1,478.5,269.8,385.1,652.0,0.9439,2025-06-16,2025-02-21,2026-03-10,29.5
281536,completed,NDS,ACCORD HEALTHCARE INC,Immunosuppressants,2024-05-14,617,1,446.5,269.7,385.1,640.4,0.9455,2025-06-03,2025-02-08,2026-02-13,170.5
295463,completed,NDS,KYE PHARMACEUTICALS INC,Corticosteroids for systemic use,2025-04-03,179,1,180.3,177.7,195.9,265.2,0.979,2025-10-16,2025-09-28,2025-12-24,-1.3000030517578125
200244,completed,NDS,GLAXOSMITHKLINE INC,Vaccines,2016-12-22,295,1,305.7,252.0,299.7,450.8,0.8633,2017-10-18,2017-08-31,2018-03-18,-10.70001220703125
190761,completed,NDS,ABBVIE CORPORATION,Antineoplastic agents,2016-02-03,240,1,238.7,222.5,238.6,385.3,0.9566,2016-09-29,2016-09-12,2017-02-22,1.3000030517578125
240862,completed,NDS,BAYER INC,Cardiac therapy,2021-01-27,821,1,318.1,262.5,300.8,696.5,0.8647,2021-11-24,2021-10-17,2022-12-25,502.8999938964844
190817,completed,NDS,CARDIOME UK LIMITED,Cardiac therapy,2016-05-17,300,1,333.4,257.5,300.8,832.4,0.8746,2017-03-14,2017-01-30,2018-08-27,-33.399993896484375
264995,completed,NDS,EMERGENT TRAVEL HEALTH INC.,Vaccines,2022-07-22,300,1,314.0,245.2,300.3,597.1,0.8353,2023-05-18,2023-03-24,2024-03-10,-14.0
288032,completed,NDS,KNIGHT THERAPEUTICS INC.,Psychoanaleptics,2024-12-13,507,0,339.3,266.2,302.7,556.8,0.941,2025-10-12,2025-09-05,2026-06-23,167.70001220703125
254598,completed,NDS,MEDICAGO INC,Vaccines,2021-08-09,199,1,125.3,94.3,128.8,498.4,0.6323,2021-12-16,2021-11-11,2022-12-20,73.69999694824219
219321,completed,NDS,GALEPHAR PHARMACEUTICAL RESEARCH INC,Vitamins,2019-01-04,763,1,329.0,256.7,300.7,804.4,0.9101,2019-11-01,2019-09-18,2021-03-18,434.0
225983,completed,NDS,MARCAN PHARMACEUTICALS INC,Antihemorrhagics,2019-08-06,681,0,334.8,264.9,300.2,653.3,0.819,2020-06-01,2020-04-27,2021-05-20,346.20001220703125
209280,completed,NDS,AKCEA THERAPEUTICS INC,Lipid modifying agents,2017-11-02,378,0,188.6,176.8,187.2,380.9,0.9478,2018-05-08,2018-04-28,2018-11-18,189.39999389648438
213188,completed,NDS,SHIRE PHARMA CANADA ULC,Antihemorrhagics,2018-03-16,300,1,318.7,264.7,300.1,554.9,0.8784,2019-01-10,2018-12-06,2019-09-22,-18.70001220703125
282910,completed,NDS,SERVIER CANADA INC,Antineoplastic agents,2024-03-06,174,1,191.6,158.6,174.4,279.6,0.9763,2024-08-27,2024-08-12,2024-12-11,-17.600006103515625
233097,completed,NDS,NOVARTIS PHARMACEUTICALS CANADA INC,Ophthalmologicals,2019-12-18,300,1,323.1,272.6,300.0,596.0,0.9027,2020-10-13,2020-09-16,2021-08-05,-23.100006103515625
290788,completed,NDS,BIOMARIN INTERNATIONAL LIMITED,Drugs for treatment of bone diseases,2025-02-05,350,1,311.1,262.6,300.9,411.5,0.9543,2025-12-03,2025-10-26,2026-03-23,38.899993896484375
267923,completed,NDS,ALNYLAM NETHERLANDS B.V.,Other nervous system drugs,2022-12-23,299,1,352.1,273.3,300.8,652.9,0.8523,2023-10-20,2023-09-22,2024-10-06,-53.100006103515625
254518,completed,NDS,VACCIGEN LTD,Vaccines,2021-07-13,409,0,123.6,98.0,125.0,492.9,0.597,2021-11-15,2021-10-19,2022-11-18,285.4000015258789
296499,completed,NDS,JAZZ PHARMACEUTICALS IRELAND LIMITED,Antineoplastic agents,2025-04-29,261,1,247.9,224.7,253.5,322.0,0.9518,2026-01-07,2025-12-10,2026-03-17,13.100006103515625
242748,completed,NDS,BEIGENE SWITZERLAND GMBH,Antineoplastic agents,2020-09-03,179,1,187.8,176.2,183.9,376.7,0.9431,2021-03-06,2021-02-26,2021-09-15,-8.800003051757812
242885,completed,NDS,BEIGENE SWITZERLAND GMBH,Antineoplastic agents,2020-09-29,296,1,306.2,251.5,299.2,600.5,0.8127,2021-07-25,2021-06-07,2022-05-22,-10.20001220703125
276757,completed,NDS,UCB CANADA INC,Immunosuppressants,2023-08-21,325,1,321.9,264.3,301.6,548.5,0.9206,2024-06-18,2024-05-11,2025-02-19,3.100006103515625
212392,completed,NDS,BIOSYENT PHARMA INC,Agents acting on the renin-angiotensin system,2018-06-08,383,0,328.2,261.3,300.7,686.7,0.7381,2019-04-05,2019-02-24,2020-04-25,54.79998779296875
282144,completed,NDS,ASTELLAS PHARMA CANADA INC,Antineoplastic agents,2024-02-05,312,1,325.1,258.6,301.5,478.5,0.9488,2024-12-02,2024-10-21,2025-05-29,-13.100006103515625
290103,completed,NDS,BIOGEN CANADA INC,Psychoanaleptics,2024-12-13,357,1,339.3,266.2,302.7,556.8,0.941,2025-10-12,2025-09-05,2026-06-23,17.70001220703125
208070,completed,SNDS,VIIV HEALTHCARE ULC,Antivirals for systemic use,2017-08-11,61,1,298.5,261.0,299.0,478.0,0.908,2018-06-06,2018-04-29,2018-12-02,-237.5
204313,completed,SNDS,BRISTOL-MYERS SQUIBB CANADA,Immunosuppressants,2017-05-19,300,1,299.1,258.6,298.9,418.3,0.9068,2018-03-14,2018-02-02,2018-07-11,0.899993896484375
255926,completed,SNDS,BRISTOL-MYERS SQUIBB CANADA,Immunosuppressants,2021-09-16,308,1,294.3,249.6,298.2,408.4,0.9303,2022-07-11,2022-05-24,2022-10-29,13.70001220703125
249557,completed,SNDS,ELI LILLY CANADA INC,Antineoplastic agents,2021-03-24,294,1,294.1,254.0,298.4,369.8,0.908,2022-01-16,2021-12-03,2022-03-29,-0.100006103515625
270898,completed,SNDS,ELI LILLY CANADA INC,Antineoplastic agents,2023-03-03,278,1,300.5,257.1,299.6,371.3,0.947,2023-12-28,2023-11-15,2024-03-08,-22.5
207915,completed,SNDS,JANSSEN INC,Endocrine therapy,2017-08-22,175,1,179.6,174.3,177.4,289.7,0.9818,2018-02-15,2018-02-12,2018-06-08,-4.600006103515625
202245,completed,SNDS,IPSEN BIOPHARM LIMITED,Muscle relaxants,2017-03-10,286,1,301.2,262.9,299.3,536.2,0.9193,2018-01-03,2017-11-28,2018-08-28,-15.20001220703125
204299,completed,SNDS,IPSEN BIOPHARM LIMITED,Muscle relaxants,2017-05-15,298,1,307.1,262.6,299.5,549.7,0.9105,2018-03-10,2018-02-02,2018-11-16,-9.100006103515625
206921,completed,SNDS,IPSEN BIOPHARM LIMITED,Muscle relaxants,2017-08-10,257,1,305.0,262.6,299.4,557.0,0.8903,2018-06-05,2018-04-30,2019-02-18,-48.0
236999,completed,SNDS,IPSEN BIOPHARM LIMITED,Muscle relaxants,2020-04-27,298,1,302.1,263.6,299.3,531.0,0.9118,2021-02-20,2021-01-16,2021-10-10,-4.100006103515625
231228,completed,SNDS,ASTRAZENECA CANADA INC,Antineoplastic agents,2019-10-01,58,1,219.4,134.5,242.6,458.6,0.9747,2020-05-31,2020-02-13,2021-01-02,-161.39999389648438
289986,completed,SNDS,ASTRAZENECA CANADA INC,Antineoplastic agents,2024-10-08,259,1,259.9,154.4,260.5,441.8,0.9791,2025-06-26,2025-03-11,2025-12-24,-0.899993896484375
291668,completed,SNDS,ASTRAZENECA CANADA INC,Antineoplastic agents,2024-11-28,287,1,310.1,260.3,300.0,449.3,0.9789,2025-09-24,2025-08-15,2026-02-20,-23.100006103515625
259715,completed,SNDS,JANSSEN INC,Vaccines,2021-12-17,146,1,142.1,78.6,131.2,423.3,0.8808,2022-04-27,2022-03-06,2023-02-13,3.899993896484375
197529,completed,SNDS,ABBVIE CORPORATION,Immunosuppressants,2016-09-19,298,1,297.8,261.6,298.9,445.8,0.9686,2017-07-15,2017-06-08,2017-12-09,0.20001220703125
201423,completed,SNDS,ABBVIE CORPORATION,Immunosuppressants,2017-02-08,300,1,296.2,261.6,298.8,403.4,0.9623,2017-12-04,2017-10-28,2018-03-18,3.79998779296875
212133,completed,SNDS,ABBVIE CORPORATION,Immunosuppressants,2018-02-05,298,1,296.1,261.6,298.8,404.2,0.9635,2018-12-01,2018-10-25,2019-03-16,1.899993896484375
213550,completed,SNDS,ABBVIE CORPORATION,Immunosuppressants,2018-03-29,300,1,294.6,261.6,298.8,397.5,0.9618,2019-01-22,2018-12-16,2019-05-01,5.399993896484375
219453,completed,SNDS,AMGEN CANADA INC,Immunosuppressants,2018-10-04,762,1,320.1,261.3,340.3,624.4,0.967,2019-09-09,2019-06-22,2020-06-19,441.8999938964844
234183,completed,SNDS,AMGEN CANADA INC,Immunosuppressants,2019-12-19,321,1,304.3,262.0,300.3,556.0,0.969,2020-10-14,2020-09-06,2021-06-27,16.70001220703125
234258,completed,SNDS,"SAMSUNG BIOEPIS CO., LTD",Immunosuppressants,2020-01-31,300,1,296.9,259.4,301.1,466.5,0.9305,2020-11-27,2020-10-16,2021-05-12,3.100006103515625
239280,completed,SNDS,ABBVIE CORPORATION,Immunosuppressants,2020-06-25,300,1,296.5,262.3,298.9,395.8,0.9472,2021-04-20,2021-03-14,2021-07-26,3.5
244618,completed,SNDS,SANDOZ CANADA INCORPORATED,Immunosuppressants,2020-11-19,295,1,300.5,260.9,299.8,479.5,0.9267,2021-09-15,2021-08-07,2022-03-13,-5.5
257327,completed,SNDS,BGP PHARMA ULC,Immunosuppressants,2021-11-22,263,1,298.8,260.7,299.9,476.0,0.9214,2022-09-18,2022-08-10,2023-03-13,-35.79998779296875
256159,completed,SNDS,AMGEN CANADA INC,Immunosuppressants,2021-10-19,325,1,318.2,264.3,300.3,606.2,0.9714,2022-08-15,2022-07-10,2023-06-17,6.79998779296875
258125,completed,SNDS,SANDOZ CANADA INCORPORATED,Immunosuppressants,2021-12-13,302,1,298.0,260.7,299.9,479.5,0.9189,2022-10-09,2022-08-31,2023-04-06,4.0
259979,completed,SNDS,PFIZER CANADA ULC,Immunosuppressants,2022-02-18,269,1,306.1,263.8,301.8,481.0,0.9661,2022-12-17,2022-11-09,2023-06-14,-37.100006103515625
282461,completed,SNDS,"SAMSUNG BIOEPIS CO., LTD",Immunosuppressants,2024-03-13,308,1,303.9,261.8,304.2,455.2,0.9636,2025-01-11,2024-11-30,2025-06-11,4.100006103515625
281626,completed,SNDS,CELLTRION HEALTHCARE CO LTD,Immunosuppressants,2024-09-23,269,1,301.0,261.6,302.1,471.0,0.9685,2025-07-22,2025-06-12,2026-01-07,-32.0
209785,completed,SNDS,BOEHRINGER INGELHEIM (CANADA) LTD LTEE,Antineoplastic agents,2017-12-19,275,1,297.5,252.6,298.4,501.3,0.9144,2018-10-13,2018-08-29,2019-05-04,-22.5
278211,completed,SNDS,BAYER INC,Ophthalmologicals,2023-09-26,584,1,321.8,268.1,300.8,528.5,0.9644,2024-07-23,2024-06-20,2025-03-08,262.20001220703125
210816,completed,SNDS,HOFFMANN LA ROCHE LIMITED,Antineoplastic agents,2017-12-21,172,1,179.6,172.8,176.2,268.3,0.9757,2018-06-15,2018-06-12,2018-09-15,-7.600006103515625
282375,completed,SNDS,HOFFMANN-LA ROCHE LIMITED,Antineoplastic agents,2024-01-04,175,1,171.8,166.9,174.1,225.1,0.985,2024-06-26,2024-06-19,2024-08-16,3.1999969482421875
239220,completed,SNDS,"SANOFI GENZYME, A DIVISION OF SANOFI-AVENTIS CANADA INC",Immunosuppressants,2020-07-03,299,1,303.4,258.9,299.1,493.1,0.8958,2021-04-28,2021-03-19,2021-11-08,-4.399993896484375
219669,completed,SNDS,SANOFI-AVENTIS CANADA INC,Lipid modifying agents,2018-10-05,299,1,298.8,264.2,299.2,505.8,0.9627,2019-07-31,2019-06-26,2020-02-23,0.20001220703125
205855,completed,SNDS,GRIFOLS THERAPEUTICS INC,Antihemorrhagics,2017-06-08,22,1,305.2,259.3,299.5,539.6,0.817,2018-04-03,2018-02-22,2018-11-30,-283.20001220703125
288056,completed,SNDS,KYE PHARMACEUTICALS INC,Other nervous system drugs,2024-08-14,300,1,322.9,264.9,301.3,530.6,0.9739,2025-06-11,2025-05-06,2026-01-27,-22.899993896484375
282121,completed,SNDS,JANSSEN INC,Antineoplastic agents,2024-01-02,178,1,182.0,173.4,177.5,239.2,0.9867,2024-06-27,2024-06-23,2024-08-28,-4.0
283969,completed,SNDS,JANSSEN INC,Antineoplastic agents,2024-03-19,300,1,295.3,247.3,299.8,367.0,0.9745,2025-01-13,2024-11-21,2025-03-21,4.70001220703125
299558,completed,SNDS,JANSSEN INC,Antineoplastic agents,2025-08-25,297,1,298.6,257.1,298.9,339.4,0.9799,2026-06-20,2026-05-09,2026-07-30,-1.600006103515625
195649,completed,SNDS,SWEDISH ORPHAN BIOVITRUM AB (PUBL),Immunosuppressants,2016-07-25,297,1,301.2,258.3,299.2,490.3,0.8963,2017-05-20,2017-04-09,2017-11-27,-4.20001220703125
237738,completed,SNDS,SWEDISH ORPHAN BIOVITRUM AB (PUBL),Immunosuppressants,2020-05-08,539,0,329.6,265.4,299.2,546.2,0.8786,2021-03-03,2021-01-28,2021-11-05,209.39999389648438
262044,completed,SNDS,PFIZER CANADA ULC,Antimycotics for systemic use,2022-07-13,299,1,319.1,266.4,300.3,593.6,0.9664,2023-05-09,2023-04-05,2024-02-27,-20.100006103515625
234257,completed,SNDS,EMERGENT BIODEFENSE OPERATIONS LANSING LLC,Vaccines,2020-01-27,297,1,307.3,248.3,298.9,449.4,0.9074,2020-11-21,2020-10-01,2021-04-20,-10.29998779296875
250002,completed,SNDS,BAYER INC,Antihemorrhagics,2021-03-29,296,1,299.8,265.2,299.5,432.2,0.9089,2022-01-22,2021-12-19,2022-06-04,-3.79998779296875
211971,completed,SNDS,BAXALTA CANADA CORPORATION,Antihemorrhagics,2018-01-25,300,1,297.6,258.7,299.2,525.5,0.9182,2018-11-20,2018-10-11,2019-07-05,2.399993896484375
245031,completed,SNDS,SHIRE PHARMA CANADA ULC,Antihemorrhagics,2020-11-30,340,1,319.1,265.2,299.4,511.7,0.9091,2021-09-25,2021-08-22,2022-04-26,20.899993896484375
291800,completed,SNDS,BAYER INC,Antihemorrhagics,2024-12-23,301,1,309.1,266.5,301.1,443.9,0.9761,2025-10-20,2025-09-15,2026-03-12,-8.100006103515625
268221,completed,SNDS,NOVO NORDISK CANADA INC,Antihemorrhagics,2022-11-17,298,1,305.7,267.3,299.6,439.3,0.9691,2023-09-13,2023-08-11,2024-01-30,-7.70001220703125
228077,completed,SNDS,JANSSEN INC,Endocrine therapy,2019-06-17,178,1,179.5,174.8,178.1,290.2,0.9733,2019-12-12,2019-12-09,2020-04-02,-1.5
198842,completed,SNDS,BRISTOL-MYERS SQUIBB CANADA,Antithrombotic agents,2016-11-18,698,1,306.9,266.5,299.2,567.3,0.9341,2017-09-13,2017-08-11,2018-06-08,391.1000061035156
233030,completed,SNDS,AMGEN CANADA INC,Immunosuppressants,2019-12-19,235,1,297.6,262.4,298.8,419.2,0.969,2020-10-13,2020-09-06,2021-02-10,-62.600006103515625
200292,completed,SNDS,OTSUKA PHARMACEUTICAL CO LTD,Psycholeptics,2017-01-06,300,1,302.0,262.9,299.3,562.1,0.9273,2017-11-01,2017-09-26,2018-07-22,-2.0
266917,completed,SNDS,OTSUKA PHARMACEUTICAL CO LTD,Psycholeptics,2022-09-29,841,1,327.5,270.1,300.0,605.7,0.9216,2023-07-26,2023-06-26,2024-05-27,513.5
290676,completed,SNDS,NOVARTIS PHARMACEUTICALS CANADA INC,Antineoplastic agents,2024-10-15,283,1,294.9,249.5,299.0,444.4,0.9787,2025-08-10,2025-06-21,2026-01-02,-11.899993896484375
205038,completed,SNDS,HOFFMANN LA ROCHE LIMITED,Antineoplastic agents,2017-06-12,298,1,293.2,252.9,298.3,411.0,0.8644,2018-04-06,2018-02-20,2018-07-28,4.79998779296875
217324,completed,SNDS,HOFFMANN LA ROCHE LIMITED,Antineoplastic agents,2018-07-30,298,1,293.3,252.9,298.3,410.0,0.9235,2019-05-24,2019-04-09,2019-09-13,4.70001220703125
223753,completed,SNDS,HOFFMANN LA ROCHE LIMITED,Antineoplastic agents,2019-02-11,178,1,175.8,174.1,178.8,220.0,0.9771,2019-08-09,2019-08-04,2019-09-19,2.1999969482421875
223911,completed,SNDS,HOFFMANN LA ROCHE LIMITED,Antineoplastic agents,2019-02-22,209,1,175.8,174.1,178.8,220.0,0.9771,2019-08-20,2019-08-15,2019-09-30,33.19999694824219
226905,completed,SNDS,HOFFMANN LA ROCHE LIMITED,Antineoplastic agents,2019-06-07,300,1,292.5,252.9,298.3,394.0,0.8813,2020-03-31,2020-02-15,2020-07-05,7.5
235450,completed,SNDS,HOFFMANN LA ROCHE LIMITED,Antineoplastic agents,2020-02-20,172,1,216.8,142.3,238.6,368.8,0.925,2020-10-16,2020-07-11,2021-02-23,-44.80000305175781
237371,completed,SNDS,HOFFMANN LA ROCHE LIMITED,Antineoplastic agents,2020-05-08,297,1,295.0,253.9,298.3,385.4,0.9158,2021-03-02,2021-01-17,2021-05-28,2.0
254361,completed,SNDS,HOFFMANN-LA ROCHE LIMITED,Antineoplastic agents,2021-07-23,175,1,150.8,145.0,161.6,218.4,0.9796,2022-01-01,2021-12-15,2022-02-26,24.199996948242188
254159,completed,SNDS,HOFFMANN-LA ROCHE LIMITED,Antineoplastic agents,2021-08-10,231,1,296.0,251.6,298.5,388.1,0.9346,2022-06-05,2022-04-19,2022-09-02,-65.0
300483,completed,SNDS,HOFFMANN-LA ROCHE LIMITED,Antineoplastic agents,2025-09-11,323,1,293.8,245.0,298.5,348.3,0.9733,2026-07-06,2026-05-14,2026-08-25,29.20001220703125
273484,completed,SNDS,ABBVIE CORPORATION,Analgesics,2023-07-07,300,1,318.1,270.2,300.9,491.5,0.9752,2024-05-03,2024-04-02,2024-11-09,-18.100006103515625
297240,completed,SNDS,BLUEPRINT MEDICINES CORPORATION,Antineoplastic agents,2025-05-16,339,1,205.5,177.1,204.6,333.1,0.9749,2025-12-07,2025-11-09,2026-04-14,133.5
225974,completed,SNDS,EMD SERONO A DIVISION OF EMD INC CANADA,Antineoplastic agents,2019-04-05,215,1,240.1,219.1,244.3,422.2,0.917,2019-12-05,2019-11-10,2020-05-31,-25.100006103515625
226954,completed,SNDS,EMD SERONO A DIVISION OF EMD INC CANADA,Antineoplastic agents,2019-06-07,389,0,292.8,249.1,298.4,452.1,0.85,2020-03-31,2020-02-11,2020-09-01,96.20001220703125
240024,completed,SNDS,EMD SERONO A DIVISION OF EMD INC CANADA,Antineoplastic agents,2020-06-15,178,1,173.2,174.5,177.6,243.8,0.957,2020-12-10,2020-12-06,2021-02-14,4.8000030517578125
256106,completed,SNDS,GILEAD SCIENCES CANADA INC,Antineoplastic agents,2021-10-14,350,1,304.4,256.6,298.6,461.1,0.9432,2022-08-09,2022-06-28,2023-01-18,45.600006103515625
259651,completed,SNDS,GILEAD SCIENCES CANADA INC,Antineoplastic agents,2022-02-04,305,1,308.6,258.8,298.6,430.6,0.9334,2022-11-30,2022-10-21,2023-04-11,-3.600006103515625
245813,completed,SNDS,PFIZER CANADA ULC,Antineoplastic agents,2020-12-09,299,1,292.0,255.3,298.3,399.4,0.9717,2021-10-03,2021-08-21,2022-01-12,7.0
221498,completed,SNDS,BGP PHARMA ULC,Nasal preparations,2018-12-14,294,1,310.2,262.7,299.9,669.2,0.921,2019-10-10,2019-09-03,2020-10-13,-16.20001220703125
254371,completed,SNDS,BGP PHARMA ULC,Nasal preparations,2021-08-20,271,1,314.6,257.9,300.3,693.7,0.936,2022-06-16,2022-05-05,2023-07-15,-43.600006103515625
245874,completed,SNDS,ELI LILLY CANADA INC,Immunosuppressants,2020-12-18,406,0,297.8,263.2,298.8,407.8,0.9194,2021-10-13,2021-09-07,2022-01-30,108.20001220703125
270684,completed,SNDS,ELI LILLY CANADA INC,Immunosuppressants,2023-04-03,298,1,306.6,264.5,300.3,382.7,0.9448,2024-01-28,2023-12-24,2024-04-20,-8.600006103515625
256724,completed,SNDS,ELI LILLY CANADA INC,Immunosuppressants,2021-10-15,606,0,142.5,59.2,132.7,431.6,0.7914,2022-02-25,2021-12-13,2022-12-21,463.5
210469,completed,SNDS,PFIZER CANADA INC,Sex hormones and modulators of the genital system,2017-11-30,288,1,306.9,263.6,299.4,553.3,0.9257,2018-09-25,2018-08-21,2019-06-06,-18.899993896484375
243390,completed,SNDS,GLAXOSMITHKLINE INC,Immunosuppressants,2020-10-02,300,1,298.5,262.5,298.8,408.7,0.9239,2021-07-28,2021-06-21,2021-11-15,1.5
279522,completed,SNDS,GLAXOSMITHKLINE INC,Immunosuppressants,2023-11-15,769,1,308.4,265.5,300.3,407.1,0.955,2024-09-10,2024-08-07,2024-12-26,460.6000061035156
270609,completed,SNDS,MERCK CANADA INC,Antineoplastic agents,2023-01-16,176,1,186.5,175.3,179.9,259.8,0.986,2023-07-15,2023-07-10,2023-10-03,-10.5
282593,completed,SNDS,MERCK CANADA INC,Antineoplastic agents,2024-02-15,306,1,316.9,259.6,300.6,452.2,0.975,2024-12-12,2024-11-01,2025-05-12,-10.899993896484375
284185,completed,SNDS,ASTRAZENECA CANADA INC,Drugs for obstructive airway diseases,2024-04-12,462,1,320.3,270.8,301.4,468.6,0.9753,2025-02-07,2025-01-08,2025-07-25,141.70001220703125
247673,completed,SNDS,LEO PHARMA INC,"Corticosteroids, dermatological preparations",2021-01-29,269,1,315.0,257.4,300.2,662.9,0.9298,2021-11-25,2021-10-13,2022-11-23,-46.0
207259,completed,SNDS,HOFFMANN LA ROCHE LIMITED,Antineoplastic agents,2017-08-10,300,1,293.4,252.9,298.3,413.6,0.919,2018-06-04,2018-04-20,2018-09-28,6.600006103515625
218844,completed,SNDS,AMGEN CANADA INC,Antineoplastic agents,2018-09-12,266,1,320.0,254.5,340.5,604.6,0.966,2019-08-18,2019-05-24,2020-05-09,-54.0
230254,completed,SNDS,AMGEN CANADA INC,Antineoplastic agents,2019-09-19,155,1,313.8,256.6,300.5,601.3,0.9724,2020-07-15,2020-06-02,2021-05-12,-158.79998779296875
232977,completed,SNDS,AMGEN CANADA INC,Antineoplastic agents,2019-11-20,412,1,305.7,255.4,300.8,549.7,0.9725,2020-09-16,2020-08-01,2021-05-23,106.29998779296875
257734,completed,SNDS,APOTEX INC,Antineoplastic agents,2021-12-13,297,1,294.5,252.8,299.9,468.8,0.9184,2022-10-09,2022-08-23,2023-03-27,2.5
259936,completed,SNDS,BGP PHARMA ULC,Antineoplastic agents,2022-02-01,295,1,298.6,255.3,301.9,451.3,0.9273,2022-11-30,2022-10-14,2023-04-28,-3.600006103515625
226658,completed,SNDS,GILEAD SCIENCES CANADA INC,Antivirals for systemic use,2019-05-08,299,1,298.7,265.0,298.8,399.5,0.9322,2020-03-02,2020-01-28,2020-06-10,0.29998779296875
240953,completed,SNDS,GILEAD SCIENCES CANADA INC,Antivirals for systemic use,2020-07-29,296,1,296.5,264.7,298.8,390.4,0.9467,2021-05-24,2021-04-20,2021-08-23,-0.5
288709,completed,SNDS,GILEAD SCIENCES CANADA INC,Antivirals for systemic use,2024-08-14,300,1,307.5,265.5,300.5,391.3,0.9816,2025-06-11,2025-05-06,2025-09-09,-7.5
241318,completed,SNDS,ARALEZ PHARMACEUTICALS CANADA INC,Antihistamines for systemic use,2020-10-15,300,1,327.9,257.9,300.0,692.7,0.9174,2021-08-11,2021-06-30,2022-09-08,-27.899993896484375
290817,completed,SNDS,ARALEZ PHARMACEUTICALS CANADA INC,Ophthalmologicals,2024-12-05,300,1,324.5,265.5,301.3,522.2,0.9483,2025-10-02,2025-08-28,2026-05-11,-24.5
273184,completed,SNDS,UCB CANADA INC,Immunosuppressants,2023-05-01,298,1,319.5,263.9,300.6,504.5,0.9472,2024-02-26,2024-01-20,2024-09-17,-21.5
273663,completed,SNDS,UCB CANADA INC,Immunosuppressants,2023-05-16,300,1,319.5,263.9,300.6,504.5,0.9472,2024-03-12,2024-02-04,2024-10-02,-19.5
286289,completed,SNDS,UCB CANADA INC,Immunosuppressants,2024-06-17,543,1,315.7,263.9,301.0,488.0,0.954,2025-04-14,2025-03-08,2025-10-18,227.29998779296875
243497,completed,SNDS,SANDOZ CANADA INCORPORATED,Beta blocking agents,2021-01-11,1088,1,360.2,264.0,302.6,776.8,0.9284,2021-11-10,2021-10-02,2023-02-27,727.7999877929688
197615,completed,SNDS,AMGEN CANADA INC,Antineoplastic agents,2016-09-16,224,1,243.3,222.9,242.2,432.3,0.9727,2017-05-16,2017-04-27,2017-11-22,-19.300003051757812
204154,completed,SNDS,AMGEN CANADA INC,Antineoplastic agents,2017-05-09,300,1,294.7,253.2,298.3,412.9,0.9581,2018-03-03,2018-01-17,2018-06-26,5.29998779296875
210780,completed,SNDS,AMGEN CANADA INC,Antineoplastic agents,2017-12-15,734,1,248.1,226.0,244.1,500.2,0.9699,2018-08-16,2018-07-29,2019-04-29,485.8999938964844
283004,completed,SNDS,AMGEN CANADA INC,Antineoplastic agents,2024-02-26,305,1,264.8,162.5,258.3,422.9,0.9753,2024-11-10,2024-08-06,2025-04-24,40.20001220703125
211317,completed,SNDS,PFIZER CANADA INC,Antineoplastic agents,2018-02-15,298,1,295.3,249.4,298.3,448.6,0.9117,2018-12-10,2018-10-22,2019-05-10,2.70001220703125
213996,completed,SNDS,SEATTLE GENETICS INC,Antineoplastic agents,2018-04-19,246,1,294.3,250.2,298.3,479.9,0.8989,2019-02-11,2018-12-25,2019-08-12,-48.29998779296875
216513,completed,SNDS,SEATTLE GENETICS INC,Antineoplastic agents,2018-07-06,300,1,297.7,250.2,298.5,503.4,0.8818,2019-05-01,2019-03-13,2019-11-21,2.29998779296875
227030,completed,SNDS,SEATTLE GENETICS INC,Antineoplastic agents,2019-05-27,179,1,183.4,173.9,179.4,313.4,0.9659,2019-11-22,2019-11-17,2020-04-04,-4.399993896484375
268334,completed,SNDS,SEAGEN INC.,Antineoplastic agents,2022-12-01,286,0,310.7,259.4,298.9,535.0,0.9068,2023-09-26,2023-08-17,2024-05-19,-24.70001220703125
205854,completed,SNDS,OTSUKA PHARMACEUTICAL CO LTD,Psycholeptics,2017-07-07,595,1,305.2,262.6,299.5,556.8,0.8854,2018-05-02,2018-03-27,2019-01-15,289.79998779296875
257995,completed,SNDS,OTSUKA PHARMACEUTICAL CO LTD,Psycholeptics,2021-12-17,182,0,312.8,266.5,299.8,539.6,0.8989,2022-10-13,2022-09-10,2023-06-10,-130.79998779296875
272694,completed,SNDS,OTSUKA PHARMACEUTICAL CO LTD,Psycholeptics,2023-04-12,286,1,318.8,265.8,301.0,534.2,0.951,2024-02-07,2024-01-03,2024-09-27,-32.79998779296875
262249,completed,SNDS,GILEAD SCIENCES CANADA INC,Antineoplastic agents,2022-04-12,218,1,182.5,175.1,183.2,232.1,0.9767,2022-10-12,2022-10-04,2022-11-30,35.5
237680,completed,SNDS,TAKEDA CANADA INC,Antineoplastic agents,2020-05-11,296,1,296.5,250.0,298.5,440.2,0.9035,2021-03-06,2021-01-16,2021-07-25,-0.5
226734,completed,SNDS,UCB CANADA INC,Antiepileptics,2019-05-29,300,1,296.4,259.2,299.4,532.3,0.9212,2020-03-23,2020-02-12,2020-11-11,3.600006103515625
259754,completed,SNDS,NOVARTIS PHARMACEUTICALS CANADA INC,Ophthalmologicals,2022-02-04,299,1,328.1,272.2,299.7,558.0,0.9579,2022-12-01,2022-11-03,2023-08-16,-29.100006103515625
218994,completed,SNDS,TILLOTTS PHARMA GMBH,"Antidiarrheals, intestinal anti-inflammatory/anti-infective agents ",2018-09-18,547,0,297.3,256.6,299.4,564.9,0.8943,2019-07-14,2019-06-02,2020-04-05,249.70001220703125
238101,completed,SNDS,AVIR PHARMA INC,"Antidiarrheals, intestinal anti-inflammatory/anti-infective agents ",2020-05-20,300,1,306.4,264.5,299.5,568.8,0.9127,2021-03-16,2021-02-09,2021-12-10,-6.399993896484375
220998,completed,SNDS,ASTRAZENECA CANADA INC,Drugs for obstructive airway diseases,2018-11-29,300,1,302.0,268.1,299.2,493.2,0.9704,2019-09-24,2019-08-24,2020-04-05,-2.0
292450,completed,SNDS,INDIVIOR UK LIMITED,Other nervous system drugs,2025-01-10,326,1,302.2,262.1,299.9,408.4,0.9606,2025-11-06,2025-09-29,2026-02-22,23.79998779296875
229313,completed,SNDS,KYOWA KIRIN LIMITED,Drugs for treatment of bone diseases,2019-08-22,299,1,302.9,258.6,299.4,568.2,0.903,2020-06-16,2020-05-07,2021-03-12,-3.899993896484375
249112,completed,SNDS,KYOWA KIRIN LIMITED,Drugs for treatment of bone diseases,2021-03-05,174,1,185.6,174.7,180.8,355.1,0.9702,2021-09-02,2021-08-27,2022-02-23,-11.600006103515625
197440,completed,SNDS,CSL BEHRING CANADA INC,Other hematological agents,2016-09-15,197,1,298.0,259.5,299.4,612.5,0.9155,2017-07-11,2017-06-01,2018-05-20,-101.0
254233,completed,SNDS,VIIV HEALTHCARE ULC,Antivirals for systemic use,2021-08-19,300,1,301.2,258.8,299.4,451.1,0.9217,2022-06-14,2022-05-05,2022-11-13,-1.20001220703125
258574,completed,SNDS,VIIV HEALTHCARE ULC,Antivirals for systemic use,2022-02-14,298,1,303.1,260.6,299.4,425.8,0.9241,2022-12-10,2022-11-02,2023-04-16,-5.100006103515625
221859,completed,SNDS,IPSEN BIOPHARMACEUTICALS CANADA INC,Antineoplastic agents,2018-12-19,295,1,297.1,252.4,298.5,490.9,0.8818,2019-10-13,2019-08-28,2020-04-23,-2.100006103515625
222733,completed,SNDS,IPSEN BIOPHARMACEUTICALS CANADA INC,Antineoplastic agents,2019-01-14,298,1,301.8,254.9,298.4,488.3,0.9154,2019-11-08,2019-09-26,2020-05-16,-3.79998779296875
245824,completed,SNDS,IPSEN BIOPHARMACEUTICALS CANADA INC,Antineoplastic agents,2020-12-18,298,1,296.2,253.4,298.5,455.8,0.8977,2021-10-12,2021-08-28,2022-03-19,1.79998779296875
257143,completed,SNDS,IPSEN BIOPHARMACEUTICALS CANADA INC,Antineoplastic agents,2021-11-04,175,1,179.4,173.0,176.8,268.4,0.969,2022-04-30,2022-04-26,2022-07-30,-4.399993896484375
280615,completed,SNDS,IPSEN BIOPHARMACEUTICALS CANADA INC,Antineoplastic agents,2023-11-23,294,1,305.9,255.5,299.8,454.2,0.939,2024-09-18,2024-08-05,2025-02-19,-11.899993896484375
194762,completed,SNDS,JANSSEN INC,Drugs used in diabetes,2016-06-24,293,1,299.4,266.9,298.9,421.9,0.9422,2017-04-19,2017-03-18,2017-08-20,-6.399993896484375
210676,completed,SNDS,JANSSEN INC,Drugs used in diabetes,2017-12-20,299,1,298.4,269.0,298.9,428.9,0.9599,2018-10-15,2018-09-15,2019-02-22,0.600006103515625
229188,completed,SNDS,JANSSEN INC,Drugs used in diabetes,2019-08-02,175,1,178.0,174.6,176.6,236.1,0.9862,2020-01-26,2020-01-24,2020-03-25,-3.0
210969,completed,SNDS,JANSSEN INC,Drugs used in diabetes,2017-12-21,299,1,297.6,268.0,298.9,428.9,0.9702,2018-10-16,2018-09-15,2019-02-23,1.399993896484375
232307,completed,SNDS,JANSSEN INC,Drugs used in diabetes,2019-11-15,279,1,296.2,268.0,298.9,411.3,0.9764,2020-09-09,2020-08-09,2020-12-30,-17.20001220703125
195617,completed,SNDS,NOVARTIS PHARMACEUTICALS CANADA INC,Immunosuppressants,2016-07-12,178,1,179.8,175.9,176.6,260.9,0.9861,2017-01-05,2017-01-04,2017-03-30,-1.8000030517578125
237113,completed,SNDS,NOVARTIS PHARMACEUTICALS CANADA INC,Immunosuppressants,2020-04-29,299,1,295.1,262.3,298.8,378.6,0.9624,2021-02-22,2021-01-16,2021-05-13,3.899993896484375
225949,completed,SNDS,FERRING INC,Pituitary and hypothalamic hormones and analogues,2019-05-02,298,1,306.9,260.2,299.4,539.9,0.9214,2020-02-25,2020-01-17,2020-10-23,-8.899993896484375
237196,completed,SNDS,AMGEN CANADA INC,Antineoplastic agents,2020-04-08,296,1,290.7,254.2,298.2,373.5,0.9642,2021-01-31,2020-12-18,2021-04-17,5.29998779296875
267413,completed,SNDS,AMGEN CANADA INC,Antineoplastic agents,2022-10-07,292,1,330.0,258.6,300.1,432.3,0.9698,2023-08-03,2023-06-23,2023-12-13,-38.0
227936,completed,SNDS,RECORDATI RARE DISEASES,Other alimentary tract and metabolism products,2019-06-18,507,1,203.5,174.5,192.4,483.3,0.9452,2019-12-27,2019-12-09,2020-10-13,303.5
224729,completed,SNDS,MERCK CANADA INC,Antibacterials for systemic use,2019-03-07,176,1,189.6,174.4,182.2,312.5,0.9859,2019-09-05,2019-08-28,2020-01-13,-13.600006103515625
246918,completed,SNDS,SANOFI-AVENTIS CANADA INC,Antineoplastic agents,2020-12-31,299,1,289.4,255.3,298.1,400.4,0.9707,2021-10-25,2021-09-12,2022-02-04,9.600006103515625
256178,completed,SNDS,SANOFI-AVENTIS CANADA INC,Antineoplastic agents,2021-09-29,175,1,174.0,170.7,175.3,248.6,0.9862,2022-03-23,2022-03-19,2022-06-05,1.0
263700,completed,SNDS,SANOFI-AVENTIS CANADA INC,Antineoplastic agents,2022-05-20,342,1,303.4,256.3,298.6,387.5,0.9626,2023-03-15,2023-01-31,2023-06-11,38.600006103515625
299840,completed,SNDS,REGENERON CANADA COMPANY,Antineoplastic agents,2025-08-29,298,1,300.0,253.3,299.1,384.2,0.9464,2026-06-24,2026-05-09,2026-09-17,-2.0
209082,completed,SNDS,UCB CANADA INC,Immunosuppressants,2017-10-23,297,1,299.6,257.3,299.0,495.3,0.8932,2018-08-18,2018-07-07,2019-03-02,-2.600006103515625
222049,completed,SNDS,UCB CANADA INC,Immunosuppressants,2019-01-17,300,1,295.4,257.2,298.8,447.0,0.9199,2019-11-12,2019-10-01,2020-04-08,4.600006103515625
259446,completed,SNDS,ASTRAZENECA CANADA INC,Vaccines,2021-12-10,111,0,141.9,76.9,131.2,424.9,0.8828,2022-04-20,2022-02-25,2023-02-08,-30.899993896484375
290364,completed,SNDS,VALNEVA AUSTRIA GMBH,Vaccines,2024-10-18,300,1,315.0,249.9,300.9,458.6,0.9427,2025-08-15,2025-06-25,2026-01-20,-15.0
265382,completed,SNDS,ASTRAZENECA CANADA INC,Immune sera and immunoglobulins,2022-06-22,118,1,246.4,113.3,151.5,698.4,0.8639,2022-11-21,2022-10-13,2024-05-20,-128.39999389648438
277017,completed,SNDS,JANSSEN INC,Antineoplastic agents,2023-08-23,331,1,301.6,257.1,299.7,386.2,0.9769,2024-06-18,2024-05-06,2024-09-12,29.399993896484375
258126,completed,SNDS,NOVO NORDISK CANADA INC,Antihemorrhagics,2021-12-16,300,1,302.4,265.9,299.6,441.9,0.9678,2022-10-12,2022-09-08,2023-03-03,-2.399993896484375
274244,completed,SNDS,OCTAPHARMA PHARMAZEUTIKA PRODUKTIONSGES M B H,Antihemorrhagics,2023-05-03,300,1,312.6,261.2,301.0,499.1,0.9497,2024-02-28,2024-01-19,2024-09-13,-12.600006103515625
195789,completed,SNDS,GILEAD SCIENCES CANADA INC,Antivirals for systemic use,2016-07-28,301,1,300.5,271.4,299.0,424.4,0.9462,2017-05-23,2017-04-25,2017-09-25,0.5
207251,completed,SNDS,GILEAD SCIENCES CANADA INC,Antivirals for systemic use,2017-08-23,300,1,297.7,271.3,299.0,416.2,0.9371,2018-06-18,2018-05-21,2018-10-13,2.29998779296875
219784,completed,SNDS,GILEAD SCIENCES CANADA INC,Antivirals for systemic use,2018-10-04,288,1,301.2,272.1,299.4,437.8,0.9452,2019-07-30,2019-07-03,2019-12-16,-13.20001220703125
202488,completed,SNDS,ENDO VENTURES LTD,Other drugs for disorders of the musculo-skeletal system,2017-03-08,300,1,309.8,260.5,299.9,623.2,0.9085,2018-01-02,2017-11-23,2018-11-21,-9.79998779296875
285411,completed,SNDS,NOVO NORDISK CANADA INC,Antihemorrhagics,2024-05-03,35,0,314.9,270.8,301.3,425.7,0.9703,2025-02-28,2025-01-29,2025-07-03,-279.8999938964844
216208,completed,SNDS,PFIZER CANADA INC,Vaccines,2018-06-19,300,1,306.8,250.6,300.6,612.9,0.8706,2019-04-16,2019-02-25,2020-02-22,-6.79998779296875
270922,completed,SNDS,PFIZER CANADA ULC,Vaccines,2023-01-23,179,1,189.6,178.4,184.7,271.4,0.9861,2023-07-27,2023-07-20,2023-10-21,-10.600006103515625
259725,completed,SNDS,MERCK CANADA INC,Vaccines,2022-01-14,175,1,185.1,178.5,187.6,277.9,0.9852,2022-07-21,2022-07-11,2022-10-19,-10.100006103515625
291819,completed,SNDS,MERCK CANADA INC,Vaccines,2024-11-22,326,1,319.6,254.2,303.7,525.5,0.9801,2025-09-22,2025-08-03,2026-05-01,6.399993896484375
240171,completed,SNDS,PFIZER CANADA ULC,Other dermatological preparations,2020-07-17,305,1,301.5,267.6,299.2,487.9,0.9649,2021-05-12,2021-04-11,2021-11-17,3.5
198322,completed,SNDS,PFIZER CANADA INC,Antineoplastic agents,2016-11-01,300,1,299.1,251.0,298.5,490.3,0.9189,2017-08-27,2017-07-10,2018-03-06,0.899993896484375
199381,completed,SNDS,NOVARTIS PHARMACEUTICALS CANADA INC,Antineoplastic agents,2016-11-10,187,1,178.8,173.0,177.1,262.4,0.9861,2017-05-06,2017-05-02,2017-07-30,8.199996948242188
210753,completed,SNDS,NOVARTIS PHARMACEUTICALS CANADA INC,Antineoplastic agents,2017-11-22,177,1,177.2,172.6,176.2,247.1,0.9848,2018-05-17,2018-05-14,2018-07-27,-0.1999969482421875
213581,completed,SNDS,NOVARTIS PHARMACEUTICALS CANADA INC,Antineoplastic agents,2018-03-18,187,1,235.8,218.6,238.0,377.3,0.9678,2018-11-11,2018-10-23,2019-03-30,-48.80000305175781
270381,completed,SNDS,NOVARTIS PHARMACEUTICALS CANADA INC,Antineoplastic agents,2023-01-30,177,1,186.9,175.3,180.1,253.2,0.986,2023-07-29,2023-07-24,2023-10-10,-9.899993896484375
278103,completed,SNDS,ENDO VENTURES LTD,Antibacterials for systemic use,2023-09-28,300,1,313.4,263.7,301.1,551.1,0.9528,2024-07-25,2024-06-18,2025-04-01,-13.399993896484375
227213,completed,SNDS,ASTRAZENECA CANADA INC,Drugs used in diabetes,2019-06-10,297,1,295.9,266.8,298.9,399.0,0.9406,2020-04-04,2020-03-03,2020-07-13,1.100006103515625
234304,completed,SNDS,ASTRAZENECA CANADA INC,Drugs used in diabetes,2020-01-02,180,1,182.9,175.4,186.5,258.3,0.9833,2020-07-06,2020-06-25,2020-09-16,-2.899993896484375
248367,completed,SNDS,ASTRAZENECA CANADA INC,Drugs used in diabetes,2021-02-11,180,1,181.6,175.6,180.1,221.5,0.9822,2021-08-10,2021-08-06,2021-09-21,-1.600006103515625
268982,completed,SNDS,ASTRAZENECA CANADA INC,Drugs used in diabetes,2022-12-16,299,1,304.8,271.6,299.3,402.7,0.9644,2023-10-11,2023-09-14,2024-01-23,-5.79998779296875
228055,completed,SNDS,ASTRAZENECA CANADA INC,Drugs used in diabetes,2019-07-08,290,1,295.4,265.8,298.9,399.0,0.9756,2020-05-02,2020-03-30,2020-08-10,-5.399993896484375
214792,completed,SNDS,CUBIST PHARMACEUTCIALS LLC,Antibacterials for systemic use,2018-05-11,286,1,298.8,256.3,299.4,550.2,0.9145,2019-03-06,2019-01-22,2019-11-12,-12.79998779296875
198647,completed,SNDS,JANSSEN INC,Antineoplastic agents,2016-10-17,178,1,179.7,174.6,177.1,273.1,0.9861,2017-04-12,2017-04-10,2017-07-17,-1.6999969482421875
212559,completed,SNDS,JANSSEN INC,Antineoplastic agents,2018-01-31,300,1,290.8,253.5,298.1,396.3,0.9693,2018-11-25,2018-10-12,2019-03-03,9.20001220703125
226512,completed,SNDS,JANSSEN INC,Antineoplastic agents,2019-05-03,175,1,178.9,174.0,177.2,246.2,0.9835,2019-10-27,2019-10-24,2020-01-04,-3.899993896484375
234407,completed,SNDS,JANSSEN INC,Antineoplastic agents,2020-01-27,295,1,290.4,254.5,298.1,378.0,0.9704,2020-11-20,2020-10-07,2021-02-08,4.600006103515625
244119,completed,SNDS,JANSSEN INC,Antineoplastic agents,2020-11-02,161,1,271.9,244.4,297.2,395.7,0.9732,2021-08-26,2021-07-04,2021-12-03,-110.89999389648438
249815,completed,SNDS,JANSSEN INC,Antineoplastic agents,2021-03-29,298,1,294.4,254.3,298.5,366.8,0.9629,2022-01-21,2021-12-08,2022-03-31,3.600006103515625
259880,completed,SNDS,JANSSEN INC,Antineoplastic agents,2022-02-14,297,1,299.5,256.6,298.5,371.7,0.9666,2022-12-10,2022-10-29,2023-02-21,-2.5
286426,completed,SNDS,JANSSEN INC,Antineoplastic agents,2024-05-31,180,1,192.6,177.0,198.2,232.1,0.9857,2024-12-15,2024-11-24,2025-01-18,-12.600006103515625
293030,completed,SNDS,JANSSEN INC,Antineoplastic agents,2025-01-23,299,1,304.0,259.6,299.0,396.0,0.9781,2025-11-18,2025-10-10,2026-02-23,-5.0
262749,completed,SNDS,BAYER INC,Endocrine therapy,2022-04-20,162,1,166.2,156.0,165.0,285.9,0.9751,2022-10-02,2022-09-23,2023-01-31,-4.1999969482421875
291388,completed,SNDS,BAYER INC,Endocrine therapy,2024-11-13,278,1,280.0,167.6,259.9,513.5,0.9753,2025-07-31,2025-04-30,2026-04-11,-2.0
273747,completed,SNDS,"MODERNATX, INC.",Vaccines,2023-03-31,48,1,96.4,65.7,125.8,378.1,0.8814,2023-08-04,2023-06-05,2024-04-12,-48.400001525878906
274717,completed,SNDS,MODERNA BIOPHARMA CANADA CORPORATION,Vaccines,2023-05-03,176,0,113.6,80.5,115.6,410.2,0.8435,2023-08-27,2023-07-23,2024-06-16,62.400001525878906
244597,completed,SNDS,CHIESI CANADA CORP.,All other therapeutic products,2020-12-18,299,1,296.3,260.0,299.4,527.3,0.9107,2021-10-13,2021-09-04,2022-05-29,2.70001220703125
261912,completed,SNDS,CHIESI CANADA CORP.,All other therapeutic products,2022-06-03,300,1,302.3,258.9,299.9,542.7,0.9058,2023-03-30,2023-02-17,2023-11-28,-2.29998779296875
203717,completed,SNDS,AMGEN CANADA INC,Drugs for treatment of bone diseases,2017-04-19,300,1,300.7,266.2,299.1,480.2,0.9514,2018-02-12,2018-01-10,2018-08-12,-0.70001220703125
205235,completed,SNDS,AMGEN CANADA INC,Drugs for treatment of bone diseases,2017-06-08,300,1,302.1,266.2,299.2,491.7,0.9279,2018-04-03,2018-03-01,2018-10-13,-2.100006103515625
241617,completed,SNDS,ALK -  ABELLO A/S,Allergens,2020-09-10,840,1,324.9,255.4,299.9,702.5,0.9165,2021-07-07,2021-05-23,2022-08-13,515.1000061035156
285056,completed,SNDS,ALK- ABELLO A/S,Allergens,2024-05-09,300,1,331.6,255.2,302.5,566.8,0.9702,2025-03-07,2025-01-19,2025-11-27,-31.600006103515625
215955,completed,SNDS,TAKEDA CANADA INC,Drugs for acid related disorders,2018-06-14,292,1,303.8,259.2,299.9,647.5,0.8406,2019-04-10,2019-02-28,2020-03-22,-11.79998779296875
259869,completed,SNDS,BIOGEN CANADA INC,Immunosuppressants,2022-04-14,399,1,305.5,259.5,299.4,431.4,0.9036,2023-02-07,2022-12-29,2023-06-19,93.5
243463,completed,SNDS,GLAXOSMITHKLINE INC,Vaccines,2020-10-02,307,1,309.5,254.9,301.4,481.7,0.9386,2021-07-30,2021-06-14,2022-01-27,-2.5
243456,completed,SNDS,GLAXOSMITHKLINE INC,Vaccines,2020-10-02,307,1,300.8,254.9,299.4,406.3,0.9386,2021-07-28,2021-06-14,2021-11-12,6.20001220703125
220233,completed,SNDS,SANOFI PASTEUR LIMITED,Vaccines,2018-11-02,696,1,313.1,252.4,301.4,671.9,0.9122,2019-08-30,2019-07-12,2020-09-04,382.8999938964844
220103,completed,SNDS,SANOFI PASTEUR LIMITED,Vaccines,2018-11-02,696,1,313.9,252.4,301.4,661.3,0.9122,2019-08-30,2019-07-12,2020-08-24,382.1000061035156
207076,completed,SNDS,VIIV HEALTHCARE ULC,Antivirals for systemic use,2017-08-09,286,1,299.7,261.9,299.1,479.6,0.883,2018-06-04,2018-04-28,2018-12-02,-13.70001220703125
235583,completed,SNDS,VIIV HEALTHCARE ULC,Antivirals for systemic use,2020-04-02,300,1,296.4,262.9,299.0,427.6,0.8943,2021-01-26,2020-12-21,2021-06-04,3.600006103515625
264733,completed,SNDS,MERCK CANADA INC,Antivirals for systemic use,2022-07-22,312,1,310.7,269.2,299.7,422.1,0.9693,2023-05-18,2023-04-17,2023-09-17,1.29998779296875
266249,completed,SNDS,MERCK CANADA INC,Antivirals for systemic use,2022-09-12,297,1,310.4,265.0,299.6,437.6,0.977,2023-07-09,2023-06-04,2023-11-24,-13.399993896484375
274515,completed,SNDS,GLAXOSMITHKLINE INC,Antineoplastic agents,2023-05-19,180,1,170.3,160.4,179.7,244.6,0.981,2023-11-15,2023-10-26,2024-01-19,9.699996948242188
286361,completed,SNDS,GLAXOSMITHKLINE INC,Antineoplastic agents,2024-06-20,300,1,310.8,259.3,300.2,434.5,0.9516,2025-04-16,2025-03-06,2025-08-29,-10.79998779296875
201964,completed,SNDS,ELI LILLY CANADA INC,Drugs used in diabetes,2017-03-03,294,1,294.2,266.8,298.8,393.6,0.8905,2017-12-27,2017-11-25,2018-04-01,-0.20001220703125
232128,completed,SNDS,ELI LILLY CANADA INC,Drugs used in diabetes,2019-11-18,298,1,297.7,268.7,298.8,416.9,0.9218,2020-09-12,2020-08-13,2021-01-08,0.29998779296875
221043,completed,SNDS,SANOFI-AVENTIS CANADA INC,Other dermatological preparations,2018-11-30,299,1,303.9,268.7,299.2,493.9,0.9609,2019-09-25,2019-08-26,2020-04-07,-4.899993896484375
231268,completed,SNDS,SANOFI-AVENTIS CANADA INC,Other dermatological preparations,2019-10-18,299,1,304.0,267.3,299.2,510.2,0.9662,2020-08-12,2020-07-11,2021-03-11,-5.0
234105,completed,SNDS,SANOFI-AVENTIS CANADA INC,Other dermatological preparations,2020-01-17,300,1,300.4,267.9,299.1,507.8,0.9613,2020-11-11,2020-10-11,2021-06-08,-0.399993896484375
237081,completed,SNDS,SANOFI-AVENTIS CANADA INC,Other dermatological preparations,2020-03-17,342,1,304.4,267.4,305.4,528.3,0.9537,2021-01-16,2020-12-09,2021-08-27,37.600006103515625
252306,completed,SNDS,SANOFI-AVENTIS CANADA INC,Other dermatological preparations,2021-05-31,298,1,307.1,267.4,299.4,484.8,0.9499,2022-03-26,2022-02-22,2022-09-28,-9.100006103515625
264439,completed,SNDS,SANOFI-AVENTIS CANADA INC,Other dermatological preparations,2022-06-20,298,1,312.7,269.3,299.7,488.7,0.9444,2023-04-16,2023-03-16,2023-10-22,-14.70001220703125
268311,completed,SNDS,SANOFI-AVENTIS CANADA INC,Other dermatological preparations,2022-11-02,180,1,185.0,174.7,181.9,282.7,0.9838,2023-05-03,2023-04-26,2023-08-12,-5.0
266537,completed,SNDS,SANOFI-AVENTIS CANADA INC,Other dermatological preparations,2022-09-16,299,1,308.4,269.4,299.5,501.3,0.9668,2023-07-12,2023-06-12,2024-01-30,-9.399993896484375
283782,completed,SNDS,SANOFI-AVENTIS CANADA INC,Other dermatological preparations,2024-03-11,179,1,193.9,177.7,182.6,278.3,0.9859,2024-09-10,2024-09-05,2024-12-14,-14.899993896484375
286477,completed,SNDS,SANOFI-AVENTIS CANADA INC,Other dermatological preparations,2024-06-06,502,1,320.0,270.5,301.3,471.7,0.971,2025-04-03,2025-03-04,2025-09-21,182.0
292407,completed,SNDS,SANOFI-AVENTIS CANADA INC,Other dermatological preparations,2025-01-03,297,1,304.9,270.8,299.4,409.7,0.978,2025-10-29,2025-10-01,2026-02-17,-7.899993896484375
233107,completed,SNDS,ASTRAZENECA CANADA INC,Antineoplastic agents,2019-11-27,299,1,292.3,254.3,298.3,406.4,0.973,2020-09-20,2020-08-07,2021-01-06,6.70001220703125
262782,completed,SNDS,ASTRAZENECA CANADA INC,Antineoplastic agents,2022-04-21,160,1,182.5,172.5,182.3,235.6,0.9842,2022-10-20,2022-10-10,2022-12-13,-22.5
281318,completed,SNDS,ASTRAZENECA CANADA INC,Endocrine therapy,2024-01-12,270,1,318.3,270.5,301.5,489.9,0.9785,2024-11-08,2024-10-08,2025-05-16,-48.29998779296875
282097,completed,SNDS,ASTRAZENECA CANADA INC,Antineoplastic agents,2024-01-30,353,1,311.1,259.6,300.1,432.4,0.9785,2024-11-25,2024-10-16,2025-04-06,41.899993896484375
290251,completed,SNDS,ASTRAZENECA CANADA INC,Antineoplastic agents,2024-10-10,180,1,181.2,172.8,192.3,275.3,0.9883,2025-04-20,2025-04-01,2025-07-12,-1.1999969482421875
285745,completed,SNDS,ASTRAZENECA CANADA INC,Antineoplastic agents,2024-05-30,315,1,314.7,259.3,300.2,435.1,0.9743,2025-03-26,2025-02-13,2025-08-08,0.29998779296875
292883,completed,SNDS,ASTRAZENECA CANADA INC,Antineoplastic agents,2025-01-03,195,1,187.8,176.8,181.6,255.8,0.9869,2025-07-04,2025-06-29,2025-09-16,7.1999969482421875
299521,completed,SNDS,ASTRAZENECA CANADA INC,Antineoplastic agents,2025-07-30,176,1,181.2,172.9,192.7,254.4,0.9897,2026-02-08,2026-01-19,2026-04-10,-5.1999969482421875
281503,completed,SNDS,ASTRAZENECA CANADA INC,Antineoplastic agents,2024-01-16,766,1,311.1,259.6,300.1,432.4,0.9785,2024-11-11,2024-10-02,2025-03-23,454.8999938964844
212987,completed,SNDS,ALEXION PHARMA GMBH,Immunosuppressants,2018-02-21,180,1,175.6,175.4,176.9,248.3,0.9711,2018-08-17,2018-08-15,2018-10-27,4.399993896484375
225847,completed,SNDS,ALEXION PHARMA GMBH,Immunosuppressants,2019-04-01,176,1,174.7,175.3,177.9,242.6,0.9693,2019-09-26,2019-09-23,2019-11-30,1.3000030517578125
288497,completed,SNDS,ALEXION PHARMA GMBH,Immunosuppressants,2024-08-29,343,1,309.1,259.6,300.7,446.5,0.9651,2025-06-26,2025-05-16,2025-11-19,33.899993896484375
307001,completed,SNDS,"SAMSUNG BIOEPIS CO., LTD",Immunosuppressants,2026-04-16,77,1,264.5,261.5,295.9,375.6,0.9645,2027-02-06,2027-01-03,2027-04-27,-187.5
292379,completed,SNDS,ARGENX BV,Immunosuppressants,2025-01-08,299,1,313.0,265.3,299.7,439.5,0.9524,2025-11-04,2025-09-30,2026-03-24,-14.0
253430,completed,SNDS,"MODERNATX, INC.",Vaccines,2021-06-04,84,1,83.7,65.5,100.6,409.6,0.7291,2021-09-13,2021-08-08,2022-07-19,0.3000030517578125
257293,completed,SNDS,"MODERNATX, INC.",Vaccines,2021-10-06,37,1,78.9,44.3,106.3,417.7,0.8096,2022-01-20,2021-11-19,2022-11-28,-41.900001525878906
258658,completed,SNDS,"MODERNATX, INC.",Vaccines,2021-11-16,121,1,78.8,49.9,106.6,415.6,0.8078,2022-03-03,2022-01-05,2023-01-06,42.19999694824219
263775,completed,SNDS,"MODERNATX, INC.",Vaccines,2022-04-29,76,1,101.7,71.1,109.2,381.1,0.8049,2022-08-16,2022-07-09,2023-05-15,-25.699996948242188
262952,completed,SNDS,"MODERNATX, INC.",Vaccines,2022-04-21,148,0,117.6,75.0,115.3,408.3,0.7995,2022-08-14,2022-07-05,2023-06-03,30.400001525878906
262408,completed,SNDS,"MODERNATX, INC.",Vaccines,2022-03-16,302,1,104.3,74.4,127.7,377.6,0.8089,2022-07-22,2022-05-29,2023-03-29,197.6999969482422
269428,completed,SNDS,"MODERNATX, INC.",Vaccines,2022-11-24,85,1,76.3,47.6,102.2,411.1,0.8623,2023-03-06,2023-01-11,2024-01-09,8.699996948242188
255136,completed,SNDS,VERTEX PHARMACEUTICALS (CANADA) INCORPORATED,Other respiratory system products,2021-10-22,180,1,176.4,175.1,182.2,295.5,0.9787,2022-04-22,2022-04-15,2022-08-13,3.600006103515625
271750,completed,SNDS,VERTEX PHARMACEUTICALS (CANADA) INCORPORATED,Other respiratory system products,2023-04-14,185,1,180.9,175.5,196.7,272.1,0.9856,2023-10-28,2023-10-07,2024-01-11,4.100006103515625
282009,completed,SNDS,VERTEX PHARMACEUTICALS (CANADA) INCORPORATED,Other respiratory system products,2024-01-16,178,1,183.1,176.8,180.3,289.6,0.9872,2024-07-14,2024-07-11,2024-11-01,-5.100006103515625
195798,completed,SNDS,NOVARTIS PHARMACEUTICALS CANADA INC,Antihemorrhagics,2016-07-05,300,1,300.6,267.0,299.3,458.4,0.9626,2017-04-30,2017-03-29,2017-10-06,-0.600006103515625
217802,completed,SNDS,NOVARTIS PHARMACEUTICALS CANADA INC,Antihemorrhagics,2018-07-31,288,1,297.6,266.9,299.2,450.5,0.9579,2019-05-26,2019-04-24,2019-10-24,-9.600006103515625
216004,completed,SNDS,NOVARTIS PHARMACEUTICALS CANADA INC,Antihemorrhagics,2018-06-19,373,0,297.4,266.9,299.2,450.5,0.9277,2019-04-14,2019-03-13,2019-09-12,75.60000610351562
222209,completed,SNDS,HOFFMANN LA ROCHE LIMITED,Antihemorrhagics,2018-12-18,178,1,179.9,174.3,176.3,265.3,0.9738,2019-06-12,2019-06-10,2019-09-09,-1.899993896484375
193840,completed,SNDS,BOEHRINGER INGELHEIM (CANADA) LTD LTEE,Drugs used in diabetes,2016-05-20,696,1,306.4,264.1,299.0,507.6,0.9147,2017-03-15,2017-02-08,2017-10-10,389.6000061035156
221628,completed,SNDS,BOEHRINGER INGELHEIM (CANADA) LTD LTEE,Drugs used in diabetes,2019-01-15,93,1,296.6,264.3,298.8,462.2,0.9286,2019-11-10,2019-10-06,2020-04-21,-203.60000610351562
246457,completed,SNDS,BOEHRINGER INGELHEIM (CANADA) LTD LTEE,Drugs used in diabetes,2021-01-04,298,1,302.0,265.1,299.1,451.5,0.9256,2021-10-30,2021-09-26,2022-04-01,-4.0
256491,completed,SNDS,BOEHRINGER INGELHEIM (CANADA) LTD LTEE,Drugs used in diabetes,2021-10-08,180,1,182.3,175.9,179.5,275.4,0.979,2022-04-05,2022-04-02,2022-07-10,-2.3000030517578125
270652,completed,SNDS,BOEHRINGER INGELHEIM (CANADA) LTD LTEE,Drugs used in diabetes,2023-03-24,300,1,307.7,268.2,300.3,441.0,0.9525,2024-01-18,2023-12-17,2024-06-07,-7.70001220703125
204589,completed,SNDS,BOEHRINGER INGELHEIM (CANADA) LTD LTEE,Drugs used in diabetes,2017-06-09,315,1,300.5,263.0,299.0,498.3,0.8847,2018-04-04,2018-02-27,2018-10-20,14.5
234525,completed,SNDS,GILEAD SCIENCES CANADA INC,Antivirals for systemic use,2020-02-03,298,1,294.8,265.0,298.8,379.7,0.9345,2020-11-28,2020-10-25,2021-02-17,3.20001220703125
292474,completed,SNDS,PFIZER CANADA ULC,Antineoplastic agents,2024-12-17,220,1,231.8,219.8,245.3,394.2,0.9785,2025-08-19,2025-07-25,2026-01-15,-11.800003051757812
283003,completed,SNDS,SEAGEN INC.,Antineoplastic agents,2024-02-22,180,1,209.6,176.1,186.3,320.7,0.9742,2024-08-26,2024-08-16,2025-01-08,-29.600006103515625
304157,completed,SNDS,PFIZER CANADA ULC,Antineoplastic agents,2025-12-30,178,1,173.4,171.6,190.2,264.0,0.9872,2026-07-08,2026-06-20,2026-09-20,4.600006103515625
209807,completed,SNDS,SANOFI-AVENTIS CANADA INC,Antithrombotic agents,2017-11-15,300,1,303.5,269.9,299.9,528.7,0.9579,2018-09-11,2018-08-12,2019-04-28,-3.5
292028,completed,SNDS,SANOFI-AVENTIS CANADA INC,Antithrombotic agents,2024-12-27,238,0,320.5,272.3,301.3,466.7,0.9763,2025-10-24,2025-09-25,2026-04-08,-82.5
216719,completed,SNDS,ASTELLAS PHARMA CANADA INC,Endocrine therapy,2018-06-25,178,1,177.6,174.9,175.0,310.4,0.9491,2018-12-17,2018-12-17,2019-05-01,0.399993896484375
233563,completed,SNDS,ASTELLAS PHARMA CANADA INC,Endocrine therapy,2019-12-10,175,1,179.6,173.8,175.4,305.9,0.9669,2020-06-02,2020-06-01,2020-10-11,-4.600006103515625
277282,completed,SNDS,ASTELLAS PHARMA CANADA INC,Endocrine therapy,2023-08-17,141,1,172.4,140.9,179.6,316.1,0.9795,2024-02-13,2024-01-05,2024-06-28,-31.399993896484375
200866,completed,SNDS,NOVO NORDISK CANADA INC,Antihemorrhagics,2017-01-17,297,1,296.1,267.2,299.1,453.2,0.9538,2017-11-12,2017-10-11,2018-04-15,0.899993896484375
267878,completed,SNDS,NOVO NORDISK CANADA INC,Antihemorrhagics,2022-11-07,128,0,307.4,271.7,299.7,441.2,0.9589,2023-09-03,2023-08-06,2024-01-22,-179.39999389648438
197739,completed,SNDS,EISAI LIMITED,Antineoplastic agents,2016-10-14,294,1,297.1,249.7,298.5,485.3,0.9189,2017-08-09,2017-06-21,2018-02-11,-3.100006103515625
194018,completed,SNDS,HOFFMANN LA ROCHE LIMITED,Antineoplastic agents,2016-06-02,300,1,293.6,253.0,298.3,414.7,0.8873,2017-03-27,2017-02-10,2017-07-22,6.399993896484375
244338,completed,SNDS,JANSSEN INC,Psychoanaleptics,2020-11-12,294,1,303.7,267.5,299.2,505.1,0.9677,2021-09-07,2021-08-06,2022-04-01,-9.70001220703125
208086,completed,SNDS,SUNOVION PHARMACEUTICALS CANADA INC,Antiepileptics,2017-09-18,280,1,299.2,260.5,299.4,553.0,0.8924,2018-07-14,2018-06-06,2019-03-25,-19.20001220703125
209753,completed,SNDS,SUNOVION PHARMACEUTICALS CANADA INC,Antiepileptics,2017-11-16,300,1,300.4,263.0,299.4,532.2,0.9005,2018-09-11,2018-08-06,2019-05-02,-0.399993896484375
193787,completed,SNDS,IMMUNEX CORPORATION,Immunosuppressants,2016-05-18,300,1,307.0,258.1,299.2,519.0,0.9055,2017-03-13,2017-01-31,2017-10-19,-7.0
213347,completed,SNDS,SANDOZ CANADA INCORPORATED,Immunosuppressants,2018-03-23,300,1,311.2,258.4,343.1,509.4,0.9118,2019-03-01,2018-12-06,2019-08-14,-11.20001220703125
226145,completed,SNDS,SANDOZ CANADA INCORPORATED,Immunosuppressants,2019-05-13,393,1,299.9,258.1,302.3,487.7,0.9058,2020-03-10,2020-01-26,2020-09-12,93.10000610351562
231313,completed,SNDS,"SAMSUNG BIOEPIS CO., LTD",Immunosuppressants,2019-10-25,299,1,301.8,258.6,301.2,501.4,0.9343,2020-08-21,2020-07-10,2021-03-09,-2.79998779296875
200814,completed,SNDS,NOVARTIS PHARMACEUTICALS CANADA INC,Antineoplastic agents,2017-01-23,298,1,290.9,253.5,298.1,397.2,0.9676,2017-11-17,2017-10-04,2018-02-24,7.100006103515625
291743,completed,SNDS,ULTRAGENYX PHARMACEUTICAL INC,Lipid modifying agents,2024-11-20,226,1,209.2,176.2,210.8,340.7,0.9808,2025-06-19,2025-05-15,2025-10-27,16.800003051757812
207038,completed,SNDS,AMGEN CANADA INC,Lipid modifying agents,2017-08-10,299,1,298.0,263.7,299.2,487.9,0.9601,2018-06-05,2018-05-01,2018-12-11,1.0
208904,completed,SNDS,AMGEN CANADA INC,Lipid modifying agents,2017-10-16,298,1,299.6,264.2,299.2,504.9,0.9611,2018-08-11,2018-07-07,2019-03-05,-1.600006103515625
247936,completed,SNDS,AMGEN CANADA INC,Lipid modifying agents,2021-02-12,300,1,305.8,264.9,299.5,489.1,0.961,2021-12-09,2021-11-04,2022-06-16,-5.79998779296875
208034,completed,SNDS,ASTRAZENECA CANADA INC,Drugs used in diabetes,2017-09-19,288,1,297.2,266.9,298.9,431.5,0.9622,2018-07-15,2018-06-13,2018-11-24,-9.20001220703125
268826,completed,SNDS,BIONTECH MANUFACTURING GMBH,Vaccines,2022-10-27,43,1,74.4,40.9,100.8,414.3,0.8528,2023-02-05,2022-12-07,2023-12-15,-31.400001525878906
274152,completed,SNDS,BIONTECH MANUFACTURING GMBH,Vaccines,2023-03-31,97,1,92.9,62.2,124.5,379.1,0.8778,2023-08-02,2023-06-01,2024-04-13,4.099998474121094
275559,completed,SNDS,BIONTECH MANUFACTURING GMBH,Vaccines,2023-06-09,83,1,79.1,57.8,95.5,407.3,0.8712,2023-09-13,2023-08-06,2024-07-20,3.9000015258789062
278042,completed,SNDS,HOFFMANN-LA ROCHE LIMITED,Ophthalmologicals,2023-09-29,299,1,316.1,268.1,300.7,512.7,0.9657,2024-07-26,2024-06-23,2025-02-23,-17.100006103515625
230407,completed,SNDS,OCTAPHARMA PHARMAZEUTIKA PRODUKTIONSGES M B H,Antihemorrhagics,2019-09-20,300,1,300.5,262.4,299.4,524.3,0.8902,2020-07-15,2020-06-08,2021-02-25,-0.5
227551,completed,SNDS,CSL BEHRING CANADA INC,Antihemorrhagics,2019-06-26,523,0,298.8,262.3,299.4,510.3,0.8367,2020-04-20,2020-03-14,2020-11-17,224.20001220703125
281380,completed,SNDS,INSTITUTO GRIFOLS S.A.,Antihemorrhagics,2024-01-15,308,1,311.9,258.5,301.4,489.6,0.9566,2024-11-11,2024-09-30,2025-05-19,-3.899993896484375
295025,completed,SNDS,BAYER INC,Diuretics,2025-03-26,299,1,300.4,268.5,300.3,433.7,0.9715,2026-01-20,2025-12-20,2026-06-03,-1.399993896484375
215423,completed,SNDS,NOVARTIS PHARMACEUTICALS CANADA INC,Immunosuppressants,2018-05-11,180,1,179.9,175.6,177.0,242.6,0.9823,2018-11-04,2018-11-03,2019-01-09,0.100006103515625
229727,completed,SNDS,"SPROUT PHARMACEUTICALS CANADA, LTD",Other gynecologicals,2019-07-26,551,1,325.1,256.3,300.0,664.8,0.912,2020-05-21,2020-04-07,2021-05-21,225.89999389648438
208727,completed,SNDS,GLAXOSMITHKLINE INC,Drugs for obstructive airway diseases,2017-10-20,369,0,304.9,267.4,299.2,519.1,0.8953,2018-08-15,2018-07-14,2019-03-23,64.10000610351562
215148,completed,SNDS,GLAXOSMITHKLINE INC,Drugs for obstructive airway diseases,2018-05-24,300,1,304.0,265.6,299.2,497.8,0.9074,2019-03-19,2019-02-14,2019-10-04,-4.0
240101,completed,SNDS,GLAXOSMITHKLINE INC,Drugs for obstructive airway diseases,2020-07-15,300,1,301.7,265.4,299.2,498.4,0.9293,2021-05-10,2021-04-06,2021-11-25,-1.70001220703125
291390,completed,SNDS,EMD SERONO A DIVISION OF EMD INC CANADA,Sex hormones and modulators of the genital system,2024-11-25,259,1,317.2,263.4,301.5,508.6,0.9761,2025-09-22,2025-08-15,2026-04-18,-58.20001220703125
239493,completed,SNDS,MERCK CANADA INC,Drugs for obstructive airway diseases,2020-06-29,298,1,308.7,265.7,299.9,605.4,0.9527,2021-04-25,2021-03-22,2022-02-24,-10.70001220703125
256308,completed,SNDS,VERITY PHARMACEUTICALS INC,Antibacterials for systemic use,2021-12-07,315,1,335.4,265.8,300.7,571.1,0.9033,2022-10-04,2022-08-30,2023-07-01,-20.399993896484375
295245,completed,SNDS,TEVA CANADA LIMITED,Analgesics,2025-04-07,298,1,304.2,265.8,299.7,381.4,0.9648,2026-02-01,2025-12-29,2026-04-23,-6.20001220703125
201150,completed,SNDS,ASTRAZENECA CANADA INC,Endocrine therapy,2017-01-17,295,1,312.1,268.8,299.2,558.0,0.9604,2017-11-12,2017-10-13,2018-07-29,-17.100006103515625
205610,completed,SNDS,GUERBET,Contrast media,2017-06-28,300,1,295.5,256.3,299.5,541.4,0.8721,2018-04-23,2018-03-11,2018-12-21,4.5
252254,completed,SNDS,BRACCO IMAGING CANADA,Contrast media,2021-07-28,300,1,300.8,257.0,299.8,538.8,0.9168,2022-05-24,2022-04-11,2023-01-18,-0.79998779296875
232324,completed,SNDS,ELI LILLY CANADA INC,Analgesics,2019-11-22,300,1,303.7,268.1,299.2,496.1,0.9237,2020-09-16,2020-08-16,2021-04-01,-3.70001220703125
279567,completed,SNDS,TELIX PHARMACEUTICALS (US) INC,Diagnostic radiopharmaceuticals,2023-11-24,301,1,309.2,262.2,301.1,522.6,0.9532,2024-09-20,2024-08-12,2025-04-30,-8.20001220703125
222816,completed,SNDS,ABBVIE CORPORATION,Antivirals for systemic use,2018-12-31,176,1,178.7,174.1,176.2,250.7,0.986,2019-06-25,2019-06-23,2019-09-08,-2.6999969482421875
247707,completed,SNDS,ABBVIE CORPORATION,Antivirals for systemic use,2021-02-02,300,1,297.5,263.7,299.0,378.2,0.9668,2021-11-28,2021-10-24,2022-02-15,2.5
298254,completed,SNDS,ABBVIE CORPORATION,Antivirals for systemic use,2025-06-23,178,1,190.8,177.7,199.9,234.6,0.9865,2026-01-09,2025-12-18,2026-02-13,-12.800003051757812
289989,completed,SNDS,HOFFMANN-LA ROCHE LIMITED,Antineoplastic agents,2024-10-21,296,1,310.4,258.2,300.0,447.1,0.9734,2025-08-17,2025-07-06,2026-01-11,-14.399993896484375
259175,completed,SNDS,HORIZON THERAPEUTICS IRELAND DAC,Other alimentary tract and metabolism products,2022-02-07,290,1,311.3,262.0,299.8,550.2,0.9085,2022-12-04,2022-10-27,2023-08-11,-21.29998779296875
198552,completed,SNDS,NOVARTIS PHARMACEUTICALS CANADA INC,Drugs for obstructive airway diseases,2016-11-07,297,1,305.1,268.2,299.3,517.8,0.9712,2017-09-02,2017-08-02,2018-04-09,-8.100006103515625
197362,completed,SNDS,JANSSEN INC,Immunosuppressants,2016-09-23,278,1,297.1,261.6,298.9,438.9,0.9682,2017-07-19,2017-06-12,2017-12-06,-19.100006103515625
205724,completed,SNDS,JANSSEN INC,Immunosuppressants,2017-06-09,300,1,296.5,261.3,298.9,414.8,0.9366,2018-04-04,2018-02-25,2018-07-29,3.5
255908,completed,SNDS,JANSSEN INC,Immunosuppressants,2021-10-07,295,1,301.6,262.6,299.2,405.3,0.9695,2022-08-02,2022-06-27,2022-11-16,-6.600006103515625
275599,completed,SNDS,TERSERA THERAPEUTICS LLC,Endocrine therapy,2023-07-11,300,1,319.1,261.8,301.1,561.4,0.9491,2024-05-07,2024-03-29,2025-01-22,-19.100006103515625
232124,completed,SNDS,JANSSEN INC,Immunosuppressants,2019-11-15,294,1,296.9,262.4,298.9,413.1,0.9711,2020-09-09,2020-08-03,2021-01-01,-2.899993896484375
288802,completed,SNDS,JANSSEN INC,Immunosuppressants,2024-09-13,297,1,308.1,264.9,300.6,400.5,0.9793,2025-07-11,2025-06-05,2025-10-18,-11.100006103515625
285952,completed,SNDS,JANSSEN INC,Immunosuppressants,2024-06-06,454,1,308.3,264.8,300.8,389.9,0.9677,2025-04-03,2025-02-26,2025-07-01,145.70001220703125
293414,completed,SNDS,JANSSEN INC,Immunosuppressants,2025-01-21,300,1,303.0,265.1,299.7,351.5,0.9774,2025-11-17,2025-10-13,2026-01-07,-3.0
199807,completed,SNDS,BGP PHARMA ULC,Vaccines,2016-11-21,190,1,308.3,249.7,299.8,542.0,0.9301,2017-09-17,2017-07-29,2018-05-17,-118.29998779296875
295102,completed,SNDS,BGP PHARMA ULC,Vaccines,2025-04-03,299,1,306.2,246.5,299.6,360.4,0.9685,2026-01-28,2025-12-05,2026-03-29,-7.20001220703125
225528,completed,SNDS,BGP PHARMA ULC,Vaccines,2019-04-26,300,1,301.0,252.3,299.1,449.1,0.9208,2020-02-19,2020-01-03,2020-07-18,-1.0
229325,completed,SNDS,SANOFI PASTEUR LIMITED,Vaccines,2019-08-21,300,1,302.0,250.6,299.2,461.7,0.9159,2020-06-15,2020-04-28,2020-11-25,-2.0
238479,completed,SNDS,SEQIRUS UK LIMITED,Vaccines,2020-05-12,300,1,304.3,251.7,299.2,457.5,0.8939,2021-03-07,2021-01-19,2021-08-13,-4.29998779296875
246936,completed,SNDS,BGP PHARMA ULC,Vaccines,2021-01-14,320,1,303.6,249.8,299.4,445.5,0.9288,2021-11-09,2021-09-21,2022-04-05,16.399993896484375
251147,completed,SNDS,SEQIRUS UK LIMITED,Vaccines,2021-05-19,293,1,308.7,249.8,299.6,457.5,0.8939,2022-03-15,2022-01-24,2022-08-20,-15.70001220703125
218188,completed,SNDS,SANOFI PASTEUR LIMITED,Vaccines,2018-08-23,300,0,298.8,244.7,299.0,481.8,0.9045,2019-06-18,2019-04-25,2019-12-18,1.20001220703125
273436,completed,SNDS,PHOTOCURE ASA,Diagnostic agents,2023-05-12,314,1,343.0,259.4,302.1,614.6,0.9562,2024-03-09,2024-01-26,2025-01-16,-29.0
208033,completed,SNDS,CSL BEHRING CANADA INC,Immune sera and immunoglobulins,2017-09-15,300,1,303.0,262.4,299.4,566.4,0.876,2018-07-11,2018-06-04,2019-04-04,-3.0
276884,completed,SNDS,TAKEDA CANADA INC,Immune sera and immunoglobulins,2023-08-17,299,1,317.5,261.2,301.0,555.8,0.9685,2024-06-13,2024-05-04,2025-02-23,-18.5
276541,completed,SNDS,TAKEDA CANADA INC,Immune sera and immunoglobulins,2023-08-01,590,1,317.5,261.2,301.0,555.8,0.9685,2024-05-28,2024-04-18,2025-02-07,272.5
223245,completed,SNDS,SANDOZ CANADA INCORPORATED,Analgesics,2019-01-22,99,1,187.6,160.2,185.4,334.9,0.9768,2019-07-26,2019-07-01,2019-12-23,-88.60000610351562
223031,completed,SNDS,FRESENIUS KABI CANADA LTD,Blood substitutes and perfusion solutions,2019-04-24,300,1,304.2,259.2,299.7,559.0,0.9141,2020-02-18,2020-01-08,2020-11-03,-4.20001220703125
222938,completed,SNDS,FRESENIUS KABI CANADA LTD,Blood substitutes and perfusion solutions,2019-04-24,300,1,304.2,259.2,299.7,559.0,0.9141,2020-02-18,2020-01-08,2020-11-03,-4.20001220703125
226144,completed,SNDS,BRISTOL-MYERS SQUIBB CANADA,Antineoplastic agents,2019-04-17,299,1,288.9,250.8,298.2,379.5,0.9208,2020-02-09,2019-12-24,2020-05-01,10.100006103515625
204436,completed,SNDS,JANSSEN INC,Immunosuppressants,2017-05-01,177,1,180.0,175.8,177.2,242.1,0.9817,2017-10-25,2017-10-24,2017-12-29,-3.0
212632,completed,SNDS,JANSSEN INC,Antineoplastic agents,2018-02-01,173,1,175.9,174.0,177.4,225.7,0.9838,2018-07-28,2018-07-25,2018-09-15,-2.899993896484375
218457,completed,SNDS,JANSSEN INC,Antineoplastic agents,2018-08-16,179,1,175.5,173.3,175.5,238.3,0.9852,2019-02-08,2019-02-05,2019-04-11,3.5
222804,completed,SNDS,JANSSEN INC,Antineoplastic agents,2019-01-11,299,1,290.4,253.5,298.1,384.9,0.9717,2019-11-05,2019-09-22,2020-01-31,8.600006103515625
235706,completed,SNDS,JANSSEN INC,Antineoplastic agents,2020-02-20,299,1,284.4,243.6,297.9,371.7,0.9661,2020-12-14,2020-10-21,2021-02-26,14.600006103515625
263702,completed,SNDS,JANSSEN INC,Antineoplastic agents,2022-05-30,294,1,302.8,256.3,298.7,383.1,0.9626,2023-03-25,2023-02-10,2023-06-17,-8.79998779296875
266710,completed,SNDS,JANSSEN INC,Antineoplastic agents,2022-10-13,295,1,299.9,256.7,298.6,397.3,0.9708,2023-08-08,2023-06-27,2023-11-14,-4.899993896484375
217805,completed,SNDS,SHIRE ORPHAN THERAPIES LLC,Other hematological agents,2018-09-12,289,1,297.6,256.6,299.4,562.9,0.8994,2019-07-08,2019-05-27,2020-03-28,-8.600006103515625
203513,completed,SNDS,GILEAD SCIENCES CANADA INC,Antineoplastic agents,2017-04-26,225,0,291.2,252.9,298.2,391.5,0.9077,2018-02-18,2018-01-04,2018-05-23,-66.20001220703125
201326,completed,SNDS,OCTAPHARMA PHARMAZEUTIKA PRODUKTIONSGES M B H,Immune sera and immunoglobulins,2017-01-23,254,1,301.3,262.6,299.3,562.1,0.912,2017-11-18,2017-10-13,2018-08-08,-47.29998779296875
223557,completed,SNDS,OCTAPHARMA PHARMAZEUTIKA PRODUKTIONSGES M B H,Immune sera and immunoglobulins,2019-02-27,273,0,302.2,262.6,299.3,549.4,0.9008,2019-12-23,2019-11-17,2020-08-29,-29.20001220703125
240691,completed,SNDS,OCTAPHARMA PHARMAZEUTIKA PRODUKTIONSGES M B H,Immune sera and immunoglobulins,2020-07-24,299,1,304.1,263.3,299.4,552.6,0.8939,2021-05-19,2021-04-13,2022-01-28,-5.100006103515625
253256,completed,SNDS,OCTAPHARMA PHARMAZEUTIKA PRODUKTIONSGES M B H,Immune sera and immunoglobulins,2021-07-23,300,1,310.9,263.1,299.8,553.2,0.8939,2022-05-19,2022-04-12,2023-01-27,-10.899993896484375
208713,completed,SNDS,MERZ PHARMACEUTICALS GMBH,Muscle relaxants,2017-10-02,624,1,306.9,263.6,299.4,568.8,0.8922,2018-07-28,2018-06-23,2019-04-24,317.1000061035156
234438,completed,SNDS,MERZ PHARMACEUTICALS GMBH,Muscle relaxants,2020-01-22,300,1,301.6,263.9,299.2,554.2,0.9228,2020-11-16,2020-10-12,2021-07-29,-1.600006103515625
251521,completed,SNDS,MERZ PHARMACEUTICALS GMBH,Muscle relaxants,2021-05-13,306,1,314.5,263.4,299.8,544.8,0.9069,2022-03-09,2022-01-31,2022-11-09,-8.5
257192,completed,SNDS,MERZ PHARMACEUTICALS GMBH,Muscle relaxants,2021-11-19,307,1,313.0,266.5,299.8,538.4,0.9085,2022-09-15,2022-08-13,2023-05-11,-6.0
268590,completed,SNDS,MERZ PHARMACEUTICALS GMBH,Muscle relaxants,2022-11-04,336,0,315.8,268.4,299.9,537.5,0.9132,2023-08-31,2023-07-30,2024-04-25,20.20001220703125
278522,completed,SNDS,MERZ PHARMACEUTICALS GMBH,Muscle relaxants,2023-10-12,426,1,321.6,266.7,301.1,559.5,0.9491,2024-08-08,2024-07-05,2025-04-24,104.39999389648438
292615,completed,SNDS,AMGEN CANADA INC,Immunosuppressants,2024-12-16,179,1,193.9,176.4,198.0,245.1,0.9859,2025-07-02,2025-06-10,2025-08-18,-14.899993896484375
298552,completed,SNDS,AMGEN CANADA INC,Immunosuppressants,2025-07-25,298,1,303.8,264.8,299.5,348.0,0.9796,2026-05-20,2026-04-16,2026-07-08,-5.79998779296875
220321,completed,SNDS,CELLTRION HEALTHCARE CO LTD,Immunosuppressants,2018-11-02,299,1,314.6,259.9,341.5,549.1,0.9076,2019-10-09,2019-07-20,2020-05-04,-15.600006103515625
236086,completed,SNDS,CELLTRION HEALTHCARE CO LTD,Immunosuppressants,2020-04-03,300,1,307.8,262.3,300.7,499.8,0.9059,2021-01-29,2020-12-21,2021-08-16,-7.79998779296875
262141,completed,SNDS,CELLTRION HEALTHCARE CO LTD,Immunosuppressants,2022-04-29,312,1,297.8,260.7,300.9,456.9,0.9184,2023-02-24,2023-01-15,2023-07-30,14.20001220703125
272981,completed,SNDS,CELLTRION HEALTHCARE CO LTD,Immunosuppressants,2023-04-21,300,1,298.1,261.5,301.9,458.0,0.9534,2024-02-17,2024-01-08,2024-07-22,1.899993896484375
226586,completed,SNDS,NOVO NORDISK CANADA INC,Drugs used in diabetes,2019-05-03,299,1,298.9,266.8,298.9,402.7,0.9527,2020-02-26,2020-01-25,2020-06-09,0.100006103515625
254352,completed,SNDS,SANOFI-AVENTIS CANADA INC,Drugs used in diabetes,2021-10-01,292,1,304.5,267.8,300.3,519.4,0.9677,2022-07-28,2022-06-26,2023-03-04,-12.5
208917,completed,SNDS,NOVO NORDISK CANADA INC,Drugs used in diabetes,2017-10-27,263,1,298.6,267.5,298.8,436.6,0.959,2018-08-22,2018-07-22,2019-01-07,-35.600006103515625
234406,completed,SNDS,NOVO NORDISK CANADA INC,Drugs used in diabetes,2020-01-21,297,1,293.8,265.9,298.7,388.5,0.9669,2020-11-15,2020-10-13,2021-02-13,3.20001220703125
228382,completed,SNDS,SANOFI-AVENTIS CANADA INC,Drugs used in diabetes,2019-07-17,300,1,296.6,266.8,298.9,403.4,0.9673,2020-05-11,2020-04-09,2020-08-23,3.399993896484375
232504,completed,SNDS,SANOFI-AVENTIS CANADA INC,Drugs used in diabetes,2019-11-29,293,1,296.8,268.0,298.8,417.4,0.9764,2020-09-23,2020-08-23,2021-01-19,-3.79998779296875
268527,completed,SNDS,GE HEALTHCARE CANADA INC,Contrast media,2023-03-06,298,1,304.4,259.7,301.0,525.6,0.9548,2024-01-01,2023-11-21,2024-08-13,-6.399993896484375
202533,completed,SNDS,BRISTOL-MYERS SQUIBB CANADA,Antineoplastic agents,2017-02-13,59,1,289.8,251.1,298.2,394.1,0.9191,2017-12-08,2017-10-22,2018-03-14,-230.79998779296875
255450,completed,SNDS,BRISTOL-MYERS SQUIBB CANADA,Antineoplastic agents,2021-09-23,161,1,296.4,251.7,298.5,400.3,0.9336,2022-07-19,2022-06-02,2022-10-28,-135.39999389648438
270801,completed,SNDS,BRISTOL-MYERS SQUIBB CANADA,Antineoplastic agents,2023-02-09,301,1,300.4,254.9,299.6,375.4,0.9593,2023-12-06,2023-10-22,2024-02-19,0.600006103515625
297990,completed,SNDS,NOVARTIS PHARMACEUTICALS CANADA INC,Immunosuppressants,2025-07-04,300,1,305.5,267.0,299.7,388.3,0.9809,2026-04-30,2026-03-28,2026-07-27,-5.5
244601,completed,SNDS,SANOFI-AVENTIS CANADA INC,Antineoplastic agents,2020-10-30,318,1,289.6,254.6,298.1,400.6,0.9732,2021-08-24,2021-07-12,2021-12-05,28.399993896484375
286449,completed,SNDS,SANOFI-AVENTIS CANADA INC,Antineoplastic agents,2024-06-21,300,1,310.2,259.3,300.2,439.7,0.9708,2025-04-17,2025-03-07,2025-09-04,-10.20001220703125
299488,completed,SNDS,SANOFI-AVENTIS CANADA INC,Antineoplastic agents,2025-08-18,296,1,301.6,259.3,298.9,386.0,0.9816,2026-06-13,2026-05-04,2026-09-08,-5.600006103515625
280928,completed,SNDS,AVIR PHARMA INC,Antimycotics for systemic use,2023-12-28,323,1,329.4,265.0,302.0,612.2,0.9573,2024-10-25,2024-09-18,2025-08-31,-6.399993896484375
218044,completed,SNDS,VERTEX PHARMACEUTICALS,Other respiratory system products,2018-08-03,175,1,297.5,253.9,377.2,553.5,0.8976,2019-08-15,2019-04-14,2020-02-08,-122.5
247481,completed,SNDS,VERTEX PHARMACEUTICALS (CANADA) INCORPORATED,Other respiratory system products,2021-02-26,180,1,173.7,175.0,176.4,275.7,0.9741,2021-08-21,2021-08-20,2021-11-29,6.3000030517578125
255781,completed,SNDS,VERTEX PHARMACEUTICALS (CANADA) INCORPORATED,Other respiratory system products,2021-09-14,190,1,176.3,174.6,180.1,296.4,0.9719,2022-03-13,2022-03-08,2022-07-07,13.699996948242188
273575,completed,SNDS,VERTEX PHARMACEUTICALS (CANADA) INCORPORATED,Other respiratory system products,2023-06-01,180,1,182.5,175.9,195.8,286.5,0.9809,2023-12-14,2023-11-24,2024-03-14,-2.5
198036,completed,SNDS,VERTEX PHARMACEUTICALS,Other respiratory system products,2016-10-20,180,1,303.1,253.8,376.2,640.2,0.9224,2017-10-31,2017-07-01,2018-07-22,-123.10000610351562
215032,completed,SNDS,VERTEX PHARMACEUTICALS,Other respiratory system products,2018-06-15,179,1,294.6,253.0,380.3,550.6,0.8776,2019-06-30,2019-02-23,2019-12-18,-115.60000610351562
264825,completed,SNDS,VERTEX PHARMACEUTICALS (CANADA) INCORPORATED,Other respiratory system products,2022-07-08,272,1,297.8,257.6,299.8,530.0,0.947,2023-05-04,2023-03-23,2023-12-20,-25.79998779296875
204690,completed,SNDS,ELI LILLY CANADA INC,Immunosuppressants,2017-06-05,297,1,297.4,261.1,298.9,420.5,0.8401,2018-03-31,2018-02-21,2018-07-30,-0.399993896484375
225178,completed,SNDS,ELI LILLY CANADA INC,Immunosuppressants,2019-04-17,293,1,302.6,263.6,298.9,444.2,0.8998,2020-02-10,2020-01-06,2020-07-04,-9.600006103515625
233071,completed,SNDS,ELI LILLY CANADA INC,Immunosuppressants,2019-12-20,299,1,297.7,262.2,298.8,418.7,0.919,2020-10-14,2020-09-07,2021-02-11,1.29998779296875
238580,completed,SNDS,ELI LILLY CANADA INC,Immunosuppressants,2020-06-02,300,1,296.7,262.0,298.9,396.2,0.8656,2021-03-28,2021-02-19,2021-07-03,3.29998779296875
203520,completed,SNDS,VALNEVA AUSTRIA GMBH,Vaccines,2017-05-08,298,1,307.0,246.7,299.2,508.7,0.8882,2018-03-03,2018-01-10,2018-09-29,-9.0
193732,completed,SNDS,UCB CANADA INC,Antiepileptics,2016-05-04,300,1,299.1,259.4,299.4,589.8,0.9288,2017-02-27,2017-01-18,2017-12-15,0.899993896484375
294771,completed,SNDS,TAKEDA CANADA INC,Other hematological agents,2025-03-17,350,1,295.2,262.7,300.0,370.9,0.9723,2026-01-11,2025-12-05,2026-03-23,54.79998779296875
203094,completed,SNDS,IPSEN BIOPHARM LIMITED,Pituitary and hypothalamic hormones and analogues,2017-04-10,298,1,295.5,260.2,299.3,520.8,0.9205,2018-02-03,2017-12-26,2018-09-13,2.5
199607,completed,SNDS,GILEAD SCIENCES CANADA INC,Antivirals for systemic use,2016-11-24,181,1,322.3,266.8,345.9,611.4,0.9486,2017-11-05,2017-08-18,2018-07-28,-141.29998779296875
197794,completed,SNDS,EISAI LIMITED,Antineoplastic agents,2016-11-17,300,1,297.1,251.0,298.5,482.8,0.9189,2017-09-12,2017-07-26,2018-03-15,2.899993896484375
212989,completed,SNDS,EISAI LIMITED,Antineoplastic agents,2018-02-27,295,1,293.3,249.4,298.3,441.8,0.9154,2018-12-22,2018-11-03,2019-05-15,1.70001220703125
228723,completed,SNDS,EISAI LIMITED,Antineoplastic agents,2019-07-09,73,1,213.1,136.4,238.8,444.3,0.9107,2020-03-04,2019-11-22,2020-09-25,-140.10000610351562
252195,completed,SNDS,EISAI LIMITED,Antineoplastic agents,2021-06-07,262,0,298.5,249.9,298.8,440.5,0.8691,2022-04-02,2022-02-12,2022-08-22,-36.5
253057,completed,SNDS,EISAI LIMITED,Antineoplastic agents,2021-07-12,297,1,305.0,254.0,298.9,490.8,0.9177,2022-05-07,2022-03-23,2022-11-15,-8.0
272553,completed,SNDS,MERCK CANADA INC,Antivirals for systemic use,2023-03-28,177,1,186.8,176.0,179.1,225.3,0.9845,2023-09-23,2023-09-20,2023-11-08,-9.800003051757812
193372,completed,SNDS,ABBVIE CORPORATION,Endocrine therapy,2016-05-05,281,1,307.3,266.3,299.3,547.2,0.9549,2017-02-28,2017-01-26,2017-11-03,-26.29998779296875
269016,completed,SNDS,TOLMAR INTERNATIONAL LTD.,Endocrine therapy,2022-12-02,293,1,313.3,264.3,299.9,539.7,0.9045,2023-09-28,2023-08-23,2024-05-25,-20.29998779296875
254192,completed,SNDS,VERITY PHARMACEUTICALS INC,Endocrine therapy,2021-10-14,820,1,328.6,264.4,299.8,567.7,0.9077,2022-08-10,2022-07-05,2023-05-05,491.3999938964844
290766,completed,SNDS,ABBVIE CORPORATION,Endocrine therapy,2025-01-21,296,1,302.2,270.5,299.6,410.1,0.9783,2025-11-17,2025-10-18,2026-03-07,-6.20001220703125
222857,completed,SNDS,ALLERGAN INC,Psychoanaleptics,2019-01-22,297,1,299.8,257.1,299.2,573.3,0.9363,2019-11-17,2019-10-06,2020-08-17,-2.79998779296875
204355,completed,SNDS,BAYER INC,Sex hormones and modulators of the genital system,2017-05-19,299,1,304.3,263.4,299.2,503.2,0.9131,2018-03-14,2018-02-06,2018-10-04,-5.29998779296875
273103,completed,SNDS,BAYER INC,Other gynecologicals,2023-04-28,298,1,314.6,264.9,301.5,557.7,0.9616,2024-02-23,2024-01-18,2024-11-06,-16.600006103515625
279169,completed,SNDS,ABBVIE CORPORATION,Drugs for constipation,2023-11-10,300,1,321.5,269.5,301.6,489.2,0.9697,2024-09-07,2024-08-05,2025-03-13,-21.5
194075,completed,SNDS,BOEHRINGER INGELHEIM (CANADA) LTD LTEE,Drugs used in diabetes,2016-06-03,860,1,304.1,264.1,299.0,508.0,0.8776,2017-03-29,2017-02-22,2017-10-24,555.8999938964844
222572,completed,SNDS,BOEHRINGER INGELHEIM (CANADA) LTD LTEE,Drugs used in diabetes,2019-01-16,296,1,296.6,264.3,298.8,462.2,0.9286,2019-11-11,2019-10-07,2020-04-22,-0.600006103515625
194067,completed,SNDS,BOEHRINGER INGELHEIM (CANADA) LTD LTEE,Drugs used in diabetes,2016-06-03,333,0,303.4,263.2,299.0,508.0,0.9016,2017-03-29,2017-02-21,2017-10-24,29.600006103515625
229225,completed,SNDS,BOEHRINGER INGELHEIM (CANADA) LTD LTEE,Drugs used in diabetes,2019-08-22,298,1,299.4,263.0,298.9,480.7,0.9437,2020-06-16,2020-05-11,2020-12-15,-1.399993896484375
196457,completed,SNDS,NOVO NORDISK CANADA INC,Drugs used in diabetes,2016-08-19,300,1,300.2,266.9,298.9,430.2,0.9631,2017-06-14,2017-05-13,2017-10-23,-0.20001220703125
200821,completed,SNDS,NOVO NORDISK CANADA INC,Drugs used in diabetes,2017-01-23,298,1,295.0,267.1,298.7,408.2,0.9583,2017-11-18,2017-10-17,2018-03-07,3.0
225809,completed,SNDS,NOVO NORDISK CANADA INC,Drugs used in diabetes,2019-05-03,299,1,298.9,266.8,298.9,402.7,0.9527,2020-02-26,2020-01-25,2020-06-09,0.100006103515625
237880,completed,SNDS,NOVO NORDISK CANADA INC,Drugs used in diabetes,2020-05-01,300,1,299.0,267.8,298.9,394.2,0.9512,2021-02-24,2021-01-24,2021-05-30,1.0
279827,completed,SNDS,CELGENE INC,Antineoplastic agents,2023-11-30,300,1,311.0,258.2,299.9,500.1,0.9601,2024-09-25,2024-08-14,2025-04-13,-11.0
247174,completed,SNDS,PFIZER CANADA ULC,Antineoplastic agents,2021-01-11,147,1,244.0,148.7,242.0,435.6,0.9697,2021-09-10,2021-06-09,2022-03-23,-97.0
265088,completed,SNDS,ALNYLAM NETHERLANDS B.V.,Other alimentary tract and metabolism products,2022-07-28,288,1,329.7,265.6,299.9,557.7,0.9114,2023-05-24,2023-04-20,2024-02-06,-41.70001220703125
197342,completed,SNDS,SUNOVION PHARMACEUTICALS CANADA INC,Psycholeptics,2016-09-23,300,1,307.8,263.1,299.5,638.7,0.9013,2017-07-19,2017-06-13,2018-06-24,-7.79998779296875
205325,completed,SNDS,SUNOVION PHARMACEUTICALS CANADA INC,Psycholeptics,2017-06-23,300,1,305.1,262.6,299.5,555.7,0.8515,2018-04-18,2018-03-13,2018-12-31,-5.100006103515625
279552,completed,SNDS,CELGENE INC,Antianemic preparations,2023-11-20,298,1,311.7,265.0,301.0,521.7,0.9636,2024-09-16,2024-08-11,2025-04-25,-13.70001220703125
282347,completed,SNDS,NOVARTIS PHARMACEUTICALS CANADA INC,Therapeutic radiopharmaceuticals,2024-02-09,308,1,321.8,268.0,302.5,576.3,0.9768,2024-12-07,2024-11-03,2025-09-07,-13.79998779296875
219599,completed,SNDS,JANSSEN INC,Antihypertensives,2018-11-22,351,0,310.9,265.7,299.7,612.8,0.952,2019-09-18,2019-08-15,2020-07-27,40.100006103515625
221389,completed,SNDS,JANSSEN INC,Antihypertensives,2019-01-04,566,1,307.0,264.1,299.6,634.7,0.965,2019-10-31,2019-09-25,2020-09-30,259.0
282456,completed,SNDS,JANSSEN INC,Antihypertensives,2024-02-09,581,1,324.2,268.0,302.0,553.4,0.9766,2024-12-07,2024-11-03,2025-08-15,256.79998779296875
292796,completed,SNDS,"MIRUM PHARMACEUTICALS, INC.",Bile and liver therapy,2025-04-07,298,1,292.2,263.7,299.5,375.6,0.9693,2026-01-31,2025-12-27,2026-04-18,5.79998779296875
272517,completed,SNDS,BRISTOL-MYERS SQUIBB CANADA,Cardiac therapy,2023-04-06,316,1,314.6,264.9,301.5,548.6,0.9625,2024-02-02,2023-12-27,2024-10-06,1.399993896484375
296376,completed,SNDS,SANOFI PASTEUR LIMITED,Vaccines,2025-05-16,314,1,307.4,249.1,299.7,368.3,0.9646,2026-03-12,2026-01-20,2026-05-19,6.600006103515625
203844,completed,SNDS,PFIZER CANADA INC,Vaccines,2017-04-25,300,1,307.0,250.6,299.8,470.2,0.9114,2018-02-19,2018-01-01,2018-08-08,-7.0
208467,completed,SNDS,GLAXOSMITHKLINE INC,Drugs for obstructive airway diseases,2017-09-20,300,1,304.1,266.7,299.2,518.2,0.8869,2018-07-16,2018-06-14,2019-02-20,-4.100006103515625
212242,completed,SNDS,GLAXOSMITHKLINE INC,Drugs for obstructive airway diseases,2018-02-02,258,0,301.6,266.9,299.1,506.8,0.8901,2018-11-28,2018-10-27,2019-06-24,-43.600006103515625
221528,completed,SNDS,GLAXOSMITHKLINE INC,Drugs for obstructive airway diseases,2018-12-12,300,1,304.5,268.8,299.2,501.7,0.8951,2019-10-07,2019-09-07,2020-04-27,-4.5
226197,completed,SNDS,GLAXOSMITHKLINE INC,Drugs for obstructive airway diseases,2019-05-17,300,1,305.2,266.6,299.2,501.9,0.8853,2020-03-11,2020-02-08,2020-09-30,-5.20001220703125
247542,completed,SNDS,GLAXOSMITHKLINE INC,Drugs for obstructive airway diseases,2021-01-14,295,1,307.7,267.7,299.5,520.3,0.9043,2021-11-09,2021-10-09,2022-06-18,-12.70001220703125
293315,completed,SNDS,GLAXOSMITHKLINE INC,Drugs for obstructive airway diseases,2025-01-22,503,1,318.1,273.5,300.3,478.9,0.9627,2025-11-18,2025-10-23,2026-05-16,184.89999389648438
255153,completed,SNDS,TILLOTTS PHARMA AG,"Antidiarrheals, intestinal anti-inflammatory/anti-infective agents ",2021-09-17,325,1,303.8,257.4,299.8,557.8,0.9112,2022-07-14,2022-06-01,2023-03-29,21.20001220703125
262828,completed,SNDS,GALDERMA CANADA INC,Antineoplastic agents,2022-04-29,294,1,302.3,253.2,298.7,460.2,0.9051,2023-02-22,2023-01-07,2023-08-02,-8.29998779296875
214860,completed,SNDS,PURDUE PHARMA,Psychoanaleptics,2018-05-11,298,1,316.4,260.7,299.4,562.5,0.9127,2019-03-06,2019-01-27,2019-11-25,-18.399993896484375
224342,completed,SNDS,PURDUE PHARMA,Psychoanaleptics,2019-03-21,300,1,309.6,261.0,299.3,550.7,0.9224,2020-01-14,2019-12-07,2020-09-22,-9.600006103515625
210496,completed,SNDS,NOVARTIS PHARMACEUTICALS CANADA INC,Antineoplastic agents,2017-12-07,300,1,293.7,254.3,298.3,426.3,0.9631,2018-10-01,2018-08-18,2019-02-06,6.29998779296875
200856,completed,SNDS,LINEPHARMA INTERNATIONAL LIMITED,Sex hormones and modulators of the genital system,2017-01-11,300,1,300.9,258.0,299.3,568.7,0.9347,2017-11-06,2017-09-26,2018-08-03,-0.899993896484375
262810,completed,SNDS,AMICUS THERAPEUTICS UK LTD,Other alimentary tract and metabolism products,2022-05-12,315,1,318.4,261.6,299.9,555.2,0.8896,2023-03-08,2023-01-29,2023-11-18,-3.399993896484375
288758,completed,SNDS,ELI LILLY CANADA INC,Immunosuppressants,2024-09-11,300,1,315.7,267.2,300.7,458.3,0.9682,2025-07-09,2025-06-05,2025-12-13,-15.70001220703125
195973,completed,SNDS,ASPEN PHARMA TRADING LIMITED,Antithrombotic agents,2016-08-05,348,1,304.4,258.8,299.5,625.7,0.9105,2017-05-31,2017-04-21,2018-04-23,43.600006103515625
221031,completed,SNDS,KNIGHT THERAPEUTICS INC,Drugs for constipation,2018-11-27,304,0,321.0,259.1,299.9,585.3,0.8938,2019-09-23,2019-08-13,2020-07-04,-17.0
242449,completed,SNDS,KNIGHT THERAPEUTICS INC,Antineoplastic agents,2020-09-03,293,1,299.0,251.5,298.6,492.2,0.8878,2021-06-29,2021-05-12,2022-01-08,-6.0
211052,completed,SNDS,NOVARTIS PHARMACEUTICALS CANADA INC,Antineoplastic agents,2017-12-21,299,1,293.7,254.3,298.3,426.3,0.9631,2018-10-15,2018-09-01,2019-02-20,5.29998779296875
227166,completed,SNDS,BOEHRINGER INGELHEIM (CANADA) LTD LTEE,Antineoplastic agents,2019-05-28,178,1,175.7,174.3,175.8,254.4,0.9743,2019-11-20,2019-11-18,2020-02-06,2.3000030517578125
232923,completed,SNDS,BOEHRINGER INGELHEIM (CANADA) LTD LTEE,Antineoplastic agents,2019-11-29,173,1,175.8,172.4,175.8,261.9,0.9798,2020-05-23,2020-05-19,2020-08-17,-2.8000030517578125
241747,completed,SNDS,BOEHRINGER INGELHEIM (CANADA) LTD LTEE,Antineoplastic agents,2020-08-31,298,1,295.5,251.7,298.3,456.1,0.9323,2021-06-25,2021-05-10,2021-11-30,2.5
237670,completed,SNDS,GLAXOSMITHKLINE INC,Antineoplastic agents,2020-04-08,177,1,177.5,174.4,181.0,233.5,0.9712,2020-10-06,2020-09-29,2020-11-28,-0.5
199379,completed,SNDS,BRISTOL-MYERS SQUIBB CANADA,Antineoplastic agents,2016-11-15,178,1,179.2,173.3,177.8,259.9,0.979,2017-05-12,2017-05-07,2017-08-02,-1.1999969482421875
203286,completed,SNDS,BRISTOL-MYERS SQUIBB CANADA,Antineoplastic agents,2017-03-17,238,1,235.6,217.7,239.7,379.8,0.9257,2017-11-12,2017-10-21,2018-04-01,2.399993896484375
203593,completed,SNDS,BRISTOL-MYERS SQUIBB CANADA,Antineoplastic agents,2017-04-20,280,0,289.4,250.8,298.2,391.5,0.9094,2018-02-12,2017-12-27,2018-05-17,-9.399993896484375
206974,completed,SNDS,BRISTOL-MYERS SQUIBB CANADA,Antineoplastic agents,2017-07-14,252,1,243.1,221.8,245.1,405.0,0.9293,2018-03-16,2018-02-21,2018-08-23,8.899993896484375
212067,completed,SNDS,BRISTOL-MYERS SQUIBB CANADA,Antineoplastic agents,2018-01-08,179,1,175.3,174.3,185.2,234.3,0.9771,2018-07-12,2018-07-01,2018-08-30,3.6999969482421875
211838,completed,SNDS,BRISTOL-MYERS SQUIBB CANADA,Antineoplastic agents,2018-01-19,300,1,289.3,251.1,298.1,399.9,0.9337,2018-11-13,2018-09-27,2019-02-23,10.70001220703125
215535,completed,SNDS,BRISTOL-MYERS SQUIBB CANADA,Antineoplastic agents,2018-06-04,540,0,292.0,250.8,298.3,410.0,0.875,2019-03-29,2019-02-10,2019-07-19,248.0
236255,completed,SNDS,BRISTOL-MYERS SQUIBB CANADA,Antineoplastic agents,2020-03-18,141,1,207.7,141.0,236.4,363.3,0.9231,2020-11-09,2020-08-06,2021-03-16,-66.69999694824219
234228,completed,SNDS,BRISTOL-MYERS SQUIBB CANADA,Antineoplastic agents,2020-01-24,299,1,289.0,252.0,298.1,380.1,0.9354,2020-11-17,2020-10-02,2021-02-07,10.0
239474,completed,SNDS,BRISTOL-MYERS SQUIBB CANADA,Antineoplastic agents,2020-06-01,255,1,242.4,222.1,245.6,380.0,0.9046,2021-02-02,2021-01-09,2021-06-16,12.600006103515625
243600,completed,SNDS,BRISTOL-MYERS SQUIBB CANADA,Antineoplastic agents,2020-09-30,240,1,285.9,241.3,297.3,400.3,0.9336,2021-07-24,2021-05-29,2021-11-04,-45.899993896484375
247045,completed,SNDS,BRISTOL-MYERS SQUIBB CANADA,Antineoplastic agents,2021-01-08,175,1,285.7,242.2,297.6,380.1,0.9354,2021-11-02,2021-09-07,2022-01-23,-110.70001220703125
245851,completed,SNDS,BRISTOL-MYERS SQUIBB CANADA,Antineoplastic agents,2020-12-18,299,1,292.6,253.5,298.3,400.8,0.9364,2021-10-12,2021-08-29,2022-01-23,6.399993896484375
247339,completed,SNDS,BRISTOL-MYERS SQUIBB CANADA,Antineoplastic agents,2021-01-12,289,1,285.7,242.2,297.6,380.1,0.9354,2021-11-06,2021-09-11,2022-01-27,3.29998779296875
253652,completed,SNDS,BRISTOL-MYERS SQUIBB CANADA,Antineoplastic agents,2021-07-29,333,1,296.0,251.6,298.6,385.6,0.9346,2022-05-24,2022-04-07,2022-08-19,37.0
257103,completed,SNDS,BRISTOL-MYERS SQUIBB CANADA,Antineoplastic agents,2021-11-17,250,1,275.1,243.7,296.9,399.4,0.9408,2022-09-10,2022-07-19,2022-12-21,-25.100006103515625
261300,completed,SNDS,BRISTOL-MYERS SQUIBB CANADA,Antineoplastic agents,2022-03-10,161,1,155.1,157.4,159.5,206.0,0.9787,2022-08-17,2022-08-14,2022-10-02,5.899993896484375
272504,completed,SNDS,BRISTOL-MYERS SQUIBB CANADA,Antineoplastic agents,2023-03-31,273,1,299.3,254.9,299.6,369.7,0.9584,2024-01-25,2023-12-11,2024-04-04,-26.29998779296875
282374,completed,SNDS,BRISTOL-MYERS SQUIBB CANADA,Antineoplastic agents,2024-01-03,177,1,180.5,173.7,177.5,234.6,0.9852,2024-06-28,2024-06-25,2024-08-25,-3.5
288843,completed,SNDS,BRISTOL-MYERS SQUIBB CANADA,Antineoplastic agents,2024-08-23,300,1,302.3,247.9,299.1,431.7,0.9763,2025-06-18,2025-04-28,2025-10-29,-2.29998779296875
289379,completed,SNDS,BRISTOL-MYERS SQUIBB CANADA,Antineoplastic agents,2024-09-19,300,1,302.4,248.1,299.1,444.2,0.9755,2025-07-15,2025-05-25,2025-12-07,-2.399993896484375
282961,completed,SNDS,BRISTOL-MYERS SQUIBB CANADA,Antineoplastic agents,2024-03-07,704,1,293.4,245.2,299.2,368.3,0.965,2024-12-31,2024-11-07,2025-03-10,410.6000061035156
208906,completed,SNDS,APOTEX INC,Antibacterials for systemic use,2017-10-06,60,1,302.8,259.7,299.4,575.1,0.9088,2018-08-01,2018-06-23,2019-05-04,-242.79998779296875
208089,completed,SNDS,HOFFMANN LA ROCHE LIMITED,Antineoplastic agents,2017-09-08,300,1,293.7,253.0,298.3,431.2,0.9169,2018-07-03,2018-05-19,2018-11-13,6.29998779296875
295777,completed,SNDS,HOFFMANN-LA ROCHE LIMITED,Antineoplastic agents,2025-03-28,300,1,300.0,258.1,298.7,364.3,0.965,2026-01-21,2025-12-11,2026-03-27,0.0
289602,completed,SNDS,MEDISON PHARMA CANADA INC.,Bile and liver therapy,2024-09-26,299,1,309.9,259.8,301.0,518.7,0.9695,2025-07-24,2025-06-13,2026-02-27,-10.899993896484375
210204,completed,SNDS,ASTRAZENECA CANADA INC,Antineoplastic agents,2017-11-09,180,1,177.3,172.5,176.2,246.0,0.985,2018-05-04,2018-05-01,2018-07-13,2.6999969482421875
219799,completed,SNDS,ASTRAZENECA CANADA INC,Antineoplastic agents,2018-11-19,168,1,177.5,172.0,175.5,264.8,0.9866,2019-05-13,2019-05-10,2019-08-11,-9.5
230309,completed,SNDS,ASTRAZENECA CANADA INC,Antineoplastic agents,2019-08-23,175,1,176.6,173.1,175.0,248.2,0.9881,2020-02-14,2020-02-12,2020-04-27,-1.600006103515625
235698,completed,SNDS,ASTRAZENECA CANADA INC,Antineoplastic agents,2020-02-27,176,1,178.0,174.0,176.8,235.8,0.9844,2020-08-22,2020-08-19,2020-10-20,-2.0
259417,completed,SNDS,ASTRAZENECA CANADA INC,Antineoplastic agents,2022-01-18,190,1,183.1,172.5,182.0,251.7,0.9854,2022-07-19,2022-07-10,2022-09-27,6.899993896484375
265427,completed,SNDS,ASTRAZENECA CANADA INC,Antineoplastic agents,2022-08-10,335,1,305.8,258.5,298.7,447.4,0.9751,2023-06-05,2023-04-25,2023-10-31,29.20001220703125
286243,completed,SNDS,ASTRAZENECA CANADA INC,Antineoplastic agents,2024-05-15,349,1,314.7,259.3,300.2,435.1,0.9743,2025-03-11,2025-01-29,2025-07-24,34.29998779296875
223910,completed,SNDS,BOEHRINGER INGELHEIM (CANADA) LTD LTEE,Drugs for obstructive airway diseases,2019-03-11,270,1,300.5,263.4,299.2,563.2,0.9302,2020-01-04,2019-11-29,2020-09-24,-30.5
194542,completed,SNDS,NOVARTIS PHARMACEUTICALS CANADA INC,Drugs for obstructive airway diseases,2016-06-16,300,1,304.6,267.0,299.3,514.0,0.9342,2017-04-11,2017-03-10,2017-11-12,-4.600006103515625
241064,completed,SNDS,NOVARTIS PHARMACEUTICALS CANADA INC,Drugs for obstructive airway diseases,2020-08-14,339,1,301.6,267.9,299.2,499.6,0.9631,2021-06-09,2021-05-09,2021-12-27,37.399993896484375
195504,completed,SNDS,ABBVIE CORPORATION,Antivirals for systemic use,2016-07-11,298,1,299.2,265.7,298.9,424.5,0.974,2017-05-06,2017-04-03,2017-09-08,-1.20001220703125
211053,completed,SNDS,ALLERGAN INC,Muscle relaxants,2017-12-20,300,1,303.7,261.7,299.4,546.0,0.8888,2018-10-15,2018-09-08,2019-06-19,-3.70001220703125
237685,completed,SNDS,ALLERGAN INC,Muscle relaxants,2020-05-15,300,1,304.4,259.6,299.4,549.8,0.9123,2021-03-10,2021-01-30,2021-11-16,-4.399993896484375
273166,completed,SNDS,ABBVIE CORPORATION,Muscle relaxants,2023-04-13,300,1,318.8,270.2,300.8,479.8,0.971,2024-02-08,2024-01-08,2024-08-05,-18.79998779296875
275576,completed,SNDS,ABBVIE CORPORATION,Muscle relaxants,2023-06-28,300,0,319.1,270.2,300.9,489.8,0.9642,2024-04-24,2024-03-24,2024-10-30,-19.100006103515625
285064,completed,SNDS,ABBVIE CORPORATION,Muscle relaxants,2024-05-08,300,1,324.7,270.2,301.5,467.3,0.9779,2025-03-06,2025-02-02,2025-08-18,-24.70001220703125
211762,completed,SNDS,ASTRAZENECA CANADA INC,Antineoplastic agents,2018-01-12,179,1,179.0,173.8,184.4,257.0,0.9845,2018-07-15,2018-07-05,2018-09-26,0.0
243288,completed,SNDS,ASTRAZENECA CANADA INC,Antineoplastic agents,2020-09-15,125,1,140.7,122.9,163.1,236.0,0.9873,2021-02-25,2021-01-16,2021-05-09,-15.699996948242188
279138,completed,SNDS,ASTRAZENECA CANADA INC,Antineoplastic agents,2023-10-17,267,1,170.9,147.5,184.2,263.6,0.988,2024-04-18,2024-03-13,2024-07-07,96.10000610351562
288417,completed,SNDS,ASTRAZENECA CANADA INC,Antineoplastic agents,2024-08-07,259,1,190.7,174.7,196.7,255.4,0.9896,2025-02-20,2025-01-29,2025-04-19,68.30000305175781
209413,completed,SNDS,GLAXOSMITHKLINE INC,Vaccines,2017-11-02,285,1,299.0,255.8,299.4,437.6,0.9228,2018-08-28,2018-07-16,2019-01-14,-14.0
248992,completed,SNDS,CELGENE INC,Immunosuppressants,2021-05-28,315,1,306.7,257.6,299.4,450.3,0.8988,2022-03-23,2022-02-10,2022-08-21,8.29998779296875
195948,completed,SNDS,PFIZER CANADA INC,Antineoplastic agents,2016-07-26,297,1,297.7,249.2,298.6,477.2,0.9142,2017-05-21,2017-04-01,2017-11-15,-0.70001220703125
219500,completed,SNDS,PFIZER CANADA INC,Antineoplastic agents,2018-10-11,299,1,298.5,249.6,298.5,492.8,0.9075,2019-08-05,2019-06-18,2020-02-16,0.5
273901,completed,SNDS,PFIZER CANADA ULC,Antineoplastic agents,2023-05-17,295,1,304.9,257.1,299.7,387.0,0.9698,2024-03-12,2024-01-29,2024-06-07,-9.899993896484375
215829,completed,SNDS,PURDUE PHARMA,Antiemetics and antinauseants,2018-06-14,298,1,319.1,260.2,300.5,653.2,0.8447,2019-04-10,2019-03-01,2020-03-28,-21.100006103515625
193962,completed,SNDS,AMGEN CANADA INC,Antineoplastic agents,2016-06-09,300,1,292.8,253.4,298.3,415.8,0.9467,2017-04-03,2017-02-17,2017-07-30,7.20001220703125
209345,completed,SNDS,NOVARTIS PHARMACEUTICALS CANADA INC,Pituitary and hypothalamic hormones and analogues,2017-11-02,300,1,303.4,265.7,299.2,492.8,0.9612,2018-08-28,2018-07-26,2019-03-10,-3.399993896484375
301559,completed,SNDS,SWEDISH ORPHAN BIOVITRUM AB (PUBL),Immunosuppressants,2025-10-10,180,1,191.7,177.9,195.0,275.6,0.9767,2026-04-23,2026-04-06,2026-07-13,-11.699996948242188
201200,completed,SNDS,MERCK CANADA INC,Antineoplastic agents,2017-01-13,238,1,243.6,219.0,238.9,429.1,0.9717,2017-09-09,2017-08-20,2018-03-18,-5.600006103515625
203157,completed,SNDS,MERCK CANADA INC,Antineoplastic agents,2017-03-24,180,1,174.9,174.2,176.7,231.5,0.9826,2017-09-17,2017-09-14,2017-11-11,5.100006103515625
212388,completed,SNDS,MERCK CANADA INC,Antineoplastic agents,2018-01-26,238,1,243.4,219.0,238.9,428.1,0.9732,2018-09-22,2018-09-02,2019-03-30,-5.399993896484375
215699,completed,SNDS,MERCK CANADA INC,Antineoplastic agents,2018-05-18,299,1,305.8,255.4,298.8,499.9,0.9598,2019-03-13,2019-01-28,2019-09-30,-6.79998779296875
216451,completed,SNDS,MERCK CANADA INC,Antineoplastic agents,2018-06-06,300,1,297.8,253.2,298.7,448.9,0.9406,2019-04-01,2019-02-14,2019-08-29,2.20001220703125
209011,completed,SNDS,MERCK CANADA INC,Antineoplastic agents,2017-09-25,563,1,251.3,222.9,243.4,474.5,0.9687,2018-05-26,2018-05-06,2019-01-13,311.6999969482422
218779,completed,SNDS,MERCK CANADA INC,Antineoplastic agents,2018-08-22,239,1,249.8,222.8,243.4,455.0,0.9706,2019-04-22,2019-04-02,2019-11-20,-10.800003051757812
219700,completed,SNDS,MERCK CANADA INC,Antineoplastic agents,2018-10-15,262,1,307.3,255.8,298.8,528.5,0.9701,2019-08-10,2019-06-28,2020-03-26,-45.29998779296875
228721,completed,SNDS,MERCK CANADA INC,Antineoplastic agents,2019-07-09,73,1,215.0,133.7,240.6,425.6,0.9707,2020-03-06,2019-11-20,2020-09-07,-142.0
223819,completed,SNDS,MERCK CANADA INC,Antineoplastic agents,2019-02-18,298,1,297.0,253.5,298.6,418.2,0.9676,2019-12-14,2019-10-30,2020-04-11,1.0
219213,completed,SNDS,MERCK CANADA INC,Antineoplastic agents,2018-09-27,536,1,301.4,253.3,298.7,475.4,0.966,2019-07-23,2019-06-07,2020-01-15,234.60000610351562
232775,completed,SNDS,MERCK CANADA INC,Antineoplastic agents,2019-12-20,294,1,307.0,256.5,298.8,517.3,0.9724,2020-10-14,2020-09-01,2021-05-20,-13.0
236910,completed,SNDS,MERCK CANADA INC,Antineoplastic agents,2020-04-03,255,1,245.2,222.3,243.1,399.1,0.9687,2020-12-02,2020-11-11,2021-05-07,9.800003051757812
239505,completed,SNDS,MERCK CANADA INC,Antineoplastic agents,2020-06-19,231,1,214.9,137.5,237.7,415.7,0.9497,2021-02-12,2020-11-04,2021-08-09,16.100006103515625
240864,completed,SNDS,MERCK CANADA INC,Antineoplastic agents,2020-07-29,217,1,292.6,245.4,298.2,476.3,0.9727,2021-05-23,2021-03-31,2021-11-17,-75.60000610351562
246922,completed,SNDS,MERCK CANADA INC,Antineoplastic agents,2020-12-15,171,1,164.6,168.2,173.7,247.2,0.9867,2021-06-07,2021-06-01,2021-08-19,6.399993896484375
246373,completed,SNDS,MERCK CANADA INC,Antineoplastic agents,2020-12-18,336,1,302.0,255.3,298.7,441.0,0.9707,2021-10-13,2021-08-30,2022-03-04,34.0
252263,completed,SNDS,MERCK CANADA INC,Antineoplastic agents,2021-06-07,262,0,301.3,254.0,299.0,420.2,0.9474,2022-04-02,2022-02-16,2022-08-01,-39.29998779296875
257236,completed,SNDS,MERCK CANADA INC,Antineoplastic agents,2021-11-05,153,1,165.8,168.9,173.8,246.4,0.9869,2022-04-28,2022-04-23,2022-07-09,-12.800003051757812
256659,completed,SNDS,MERCK CANADA INC,Antineoplastic agents,2021-10-15,179,1,183.4,172.5,177.9,270.1,0.9876,2022-04-11,2022-04-05,2022-07-12,-4.399993896484375
253060,completed,SNDS,MERCK CANADA INC,Antineoplastic agents,2021-07-12,296,1,301.5,254.0,299.0,420.2,0.969,2022-05-07,2022-03-23,2022-09-05,-5.5
259703,completed,SNDS,MERCK CANADA INC,Antineoplastic agents,2022-01-05,181,1,180.0,173.4,182.0,236.1,0.9852,2022-07-06,2022-06-27,2022-08-29,1.0
256537,completed,SNDS,MERCK CANADA INC,Antineoplastic agents,2021-10-22,300,1,289.0,244.5,297.7,440.1,0.971,2022-08-16,2022-06-24,2023-01-05,11.0
264318,completed,SNDS,MERCK CANADA INC,Antineoplastic agents,2022-06-24,299,1,304.8,256.3,299.1,417.5,0.9535,2023-04-19,2023-03-07,2023-08-16,-5.79998779296875
272409,completed,SNDS,MERCK CANADA INC,Antineoplastic agents,2023-03-30,313,1,306.7,257.4,300.0,401.2,0.9707,2024-01-24,2023-12-12,2024-05-04,6.29998779296875
273487,completed,SNDS,MERCK CANADA INC,Antineoplastic agents,2023-05-10,316,1,311.0,257.1,300.1,419.0,0.9687,2024-03-05,2024-01-22,2024-07-02,5.0
275053,completed,SNDS,MERCK CANADA INC,Antineoplastic agents,2023-06-13,304,1,313.2,259.3,300.2,476.9,0.9638,2024-04-08,2024-02-27,2024-10-02,-9.20001220703125
276501,completed,SNDS,MERCK CANADA INC,Antineoplastic agents,2023-08-03,300,1,308.6,257.1,300.1,426.8,0.9769,2024-05-29,2024-04-16,2024-10-03,-8.600006103515625
282981,completed,SNDS,MERCK CANADA INC,Antineoplastic agents,2024-02-22,180,1,188.5,176.1,179.6,227.9,0.9861,2024-08-20,2024-08-16,2024-10-07,-8.5
278399,completed,SNDS,MERCK CANADA INC,Antineoplastic agents,2023-10-13,321,1,315.2,259.6,300.2,498.4,0.9755,2024-08-08,2024-06-29,2025-02-22,5.79998779296875
274453,completed,SNDS,MERCK CANADA INC,Antineoplastic agents,2023-06-06,611,1,313.2,259.3,300.2,476.9,0.9638,2024-04-01,2024-02-20,2024-09-25,297.79998779296875
285469,completed,SNDS,MERCK CANADA INC,Antineoplastic agents,2024-05-10,299,1,308.2,249.1,300.0,461.9,0.9738,2025-03-06,2025-01-14,2025-08-15,-9.20001220703125
286343,completed,SNDS,MERCK CANADA INC,Antineoplastic agents,2024-06-17,298,1,304.3,249.1,300.0,461.1,0.9705,2025-04-13,2025-02-21,2025-09-21,-6.29998779296875
284571,completed,SNDS,MERCK CANADA INC,Antineoplastic agents,2024-04-17,453,1,316.5,259.3,300.6,447.9,0.9752,2025-02-12,2025-01-01,2025-07-09,136.5
294481,completed,SNDS,MERCK CANADA INC,Antineoplastic agents,2025-02-13,179,1,181.5,173.2,177.4,249.3,0.986,2025-08-09,2025-08-05,2025-10-20,-2.5
302363,completed,SNDS,MERCK CANADA INC,Antineoplastic agents,2025-11-03,172,1,174.7,171.2,190.9,247.0,0.9872,2026-05-13,2026-04-23,2026-07-08,-2.6999969482421875
303530,completed,SNDS,MERCK CANADA INC,Antineoplastic agents,2025-12-09,178,1,174.0,171.1,190.7,270.2,0.9869,2026-06-18,2026-05-29,2026-09-05,4.0
204327,completed,SNDS,EISAI LIMITED,Antiepileptics,2017-05-26,299,1,300.8,259.2,299.4,533.3,0.9145,2018-03-21,2018-02-09,2018-11-10,-1.79998779296875
225719,completed,SNDS,EISAI LIMITED,Antiepileptics,2019-05-01,300,1,299.8,259.2,299.4,534.0,0.9181,2020-02-24,2020-01-15,2020-10-16,0.20001220703125
209467,completed,SNDS,HOFFMANN LA ROCHE LIMITED,Antineoplastic agents,2017-11-03,300,1,294.6,254.0,298.3,430.2,0.9237,2018-08-28,2018-07-15,2019-01-07,5.399993896484375
222022,completed,SNDS,HOFFMANN LA ROCHE LIMITED,Antineoplastic agents,2018-12-12,596,1,294.2,253.1,298.3,444.6,0.9424,2019-10-06,2019-08-22,2020-03-01,301.79998779296875
230602,completed,SNDS,HOFFMANN LA ROCHE LIMITED,Antineoplastic agents,2019-09-25,519,1,293.0,252.1,298.3,424.3,0.9458,2020-07-19,2020-06-03,2020-11-22,226.0
254251,completed,SNDS,HOFFMANN-LA ROCHE LIMITED,Antineoplastic agents,2021-07-28,161,1,295.2,247.8,298.6,398.0,0.9474,2022-05-23,2022-04-02,2022-08-30,-134.20001220703125
220947,completed,SNDS,VALEANT CANADA LP VALEANT CANADA S.E.C.,Other dermatological preparations,2018-11-30,300,1,307.3,262.1,299.4,549.9,0.8839,2019-09-25,2019-08-19,2020-06-02,-7.29998779296875
247851,completed,SNDS,"BAUSCH HEALTH, CANADA INC.",Other dermatological preparations,2021-01-05,982,0,309.4,264.1,299.6,557.1,0.9027,2021-11-01,2021-09-26,2022-07-16,672.6000061035156
270856,completed,SNDS,ENDO VENTURES LTD,Other nervous system drugs,2023-02-13,346,1,318.8,266.1,301.0,541.9,0.9424,2023-12-11,2023-11-06,2024-08-08,27.20001220703125
284477,completed,SNDS,ENDO VENTURES LTD,Other nervous system drugs,2024-04-22,298,1,320.3,265.8,301.5,508.5,0.9613,2025-02-17,2025-01-13,2025-09-13,-22.29998779296875
279583,completed,SNDS,"BAUSCH HEALTH, CANADA INC.",Drugs for constipation,2024-01-18,341,1,325.7,263.7,302.4,528.8,0.9678,2024-11-15,2024-10-08,2025-06-30,15.29998779296875
213345,completed,SNDS,SANOFI-AVENTIS CANADA INC,Immunostimulants,2018-02-01,343,1,301.5,266.5,299.1,497.2,0.9607,2018-11-27,2018-10-26,2019-06-13,41.5
259726,completed,SNDS,HOFFMANN-LA ROCHE LIMITED,Antineoplastic agents,2022-01-21,297,1,296.4,254.2,298.4,380.1,0.942,2022-11-15,2022-10-02,2023-02-05,0.600006103515625
218459,completed,SNDS,CELGENE INC,Immunosuppressants,2018-09-07,298,1,300.4,257.0,299.1,494.1,0.8924,2019-07-03,2019-05-22,2020-01-14,-2.399993896484375
201272,completed,SNDS,NOVARTIS PHARMACEUTICALS CANADA INC,Ophthalmologicals,2017-01-09,298,1,303.7,267.2,299.1,516.1,0.9594,2017-11-04,2017-10-03,2018-06-09,-5.70001220703125
233361,completed,SNDS,NOVARTIS PHARMACEUTICALS CANADA INC,Ophthalmologicals,2019-11-29,721,1,306.4,269.1,299.2,502.8,0.965,2020-09-23,2020-08-24,2021-04-15,414.6000061035156
264421,completed,SNDS,KYE PHARMACEUTICALS INC,Cardiac therapy,2022-08-26,1039,1,359.1,263.9,301.9,702.6,0.9305,2023-06-24,2023-05-17,2024-07-29,679.8999938964844
259173,completed,SNDS,ALEXION PHARMA GMBH,Immunosuppressants,2022-01-05,300,1,313.0,264.1,299.3,487.7,0.9232,2022-10-31,2022-09-26,2023-05-08,-13.0
261864,completed,SNDS,ALEXION PHARMA GMBH,Immunosuppressants,2022-03-16,296,1,311.8,264.1,299.4,475.9,0.9118,2023-01-09,2022-12-05,2023-07-05,-15.79998779296875
269852,completed,SNDS,ALEXION PHARMA GMBH,Immunosuppressants,2023-01-03,300,1,315.5,264.2,300.4,488.8,0.9519,2023-10-30,2023-09-24,2024-05-06,-15.5
223244,completed,SNDS,MERCK CANADA INC,Vaccines,2019-02-11,556,1,312.5,254.5,301.8,519.4,0.9698,2019-12-10,2019-10-23,2020-07-14,243.5
251509,completed,SNDS,MERCK CANADA INC,Vaccines,2021-05-28,313,1,319.4,252.8,302.2,505.4,0.965,2022-03-26,2022-02-05,2022-10-15,-6.399993896484375
203322,completed,SNDS,BAYER INC,Antineoplastic agents,2017-04-03,168,1,173.6,174.4,178.4,225.6,0.9708,2017-09-28,2017-09-24,2017-11-15,-5.600006103515625
250151,completed,SNDS,GILEAD SCIENCES CANADA INC,Antivirals for systemic use,2021-04-22,365,1,275.6,104.1,169.5,377.4,0.7323,2021-10-08,2021-08-04,2022-05-04,89.39999389648438
266313,completed,SNDS,GILEAD SCIENCES CANADA INC,Antivirals for systemic use,2022-08-02,318,1,279.8,110.9,163.0,402.6,0.822,2023-01-12,2022-11-21,2023-09-09,38.20001220703125
282013,completed,SNDS,GLAXOSMITHKLINE INC,Vaccines,2024-01-08,312,1,307.1,253.3,300.7,389.4,0.959,2024-11-04,2024-09-17,2025-01-31,4.899993896484375
298869,completed,SNDS,INCYTE CORPORATION,Antineoplastic agents,2025-08-01,300,1,303.6,257.8,299.1,392.4,0.9575,2026-05-27,2026-04-16,2026-08-28,-3.600006103515625
225074,completed,SNDS,NOVARTIS PHARMACEUTICALS CANADA INC,Antineoplastic agents,2019-04-16,297,1,290.3,253.2,298.2,376.8,0.9653,2020-02-08,2019-12-25,2020-04-27,6.70001220703125
233623,completed,SNDS,NOVARTIS PHARMACEUTICALS CANADA INC,Antineoplastic agents,2019-12-18,296,1,292.7,254.3,298.3,406.4,0.9705,2020-10-11,2020-08-28,2021-01-27,3.29998779296875
262779,completed,SNDS,NOVARTIS PHARMACEUTICALS CANADA INC,Antineoplastic agents,2022-04-21,295,1,299.4,256.3,298.5,370.1,0.9647,2023-02-14,2023-01-02,2023-04-26,-4.399993896484375
283993,completed,SNDS,NOVARTIS PHARMACEUTICALS CANADA INC,Antineoplastic agents,2024-08-20,296,1,309.5,259.3,300.0,433.2,0.9814,2025-06-16,2025-05-06,2025-10-27,-13.5
209230,completed,SNDS,SALIX PHARMACEUTICALS INC,"Antidiarrheals, intestinal anti-inflammatory/anti-infective agents ",2018-02-07,299,1,295.6,256.6,299.3,543.7,0.9272,2018-12-03,2018-10-22,2019-08-05,3.399993896484375
251455,completed,SNDS,ABBVIE CORPORATION,Immunosuppressants,2021-05-20,300,1,304.3,262.1,299.2,395.6,0.9584,2022-03-15,2022-02-06,2022-06-20,-4.29998779296875
258394,completed,SNDS,ABBVIE CORPORATION,Immunosuppressants,2021-12-23,300,1,302.0,263.2,299.2,407.4,0.9667,2022-10-18,2022-09-12,2023-02-03,-2.0
280386,completed,SNDS,ABBVIE CORPORATION,Immunosuppressants,2023-12-15,300,1,307.8,265.8,300.3,407.5,0.9697,2024-10-10,2024-09-06,2025-01-25,-7.79998779296875
284770,completed,SNDS,HOFFMANN-LA ROCHE LIMITED,Other drugs for disorders of the musculo-skeletal system,2024-04-09,190,1,191.7,177.0,199.2,281.9,0.9865,2024-10-25,2024-10-03,2025-01-16,-1.6999969482421875
204718,completed,SNDS,HOFFMANN LA ROCHE LIMITED,Antineoplastic agents,2017-05-25,300,1,295.5,252.9,298.3,410.7,0.9065,2018-03-19,2018-02-02,2018-07-10,4.5
228130,completed,SNDS,CELLTRION HEALTHCARE CO LTD,Antineoplastic agents,2019-07-19,308,1,295.4,251.9,302.4,475.7,0.9156,2020-05-16,2020-03-27,2020-11-06,12.600006103515625
242572,completed,SNDS,SANDOZ CANADA INCORPORATED,Antineoplastic agents,2020-09-24,279,1,293.7,253.0,299.9,474.1,0.9206,2021-07-21,2021-06-04,2022-01-11,-14.70001220703125
211611,completed,SNDS,BAYER INC,Antithrombotic agents,2018-01-12,245,1,186.0,175.0,190.0,305.0,0.9777,2018-07-21,2018-07-06,2018-11-13,59.0
233166,completed,SNDS,BAYER INC,Antithrombotic agents,2020-02-04,297,1,300.7,264.7,299.1,504.4,0.926,2020-11-29,2020-10-26,2021-06-22,-3.70001220703125
234756,completed,SNDS,BAYER INC,Antithrombotic agents,2020-03-19,299,1,298.9,264.7,299.1,490.8,0.9227,2021-01-12,2020-12-09,2021-07-23,0.100006103515625
306377,completed,SNDS,KNIGHT THERAPEUTICS INC,Psychoanaleptics,2026-03-12,112,1,296.1,260.3,299.8,391.3,0.9626,2027-01-06,2026-11-27,2027-04-07,-184.10000610351562
280534,completed,SNDS,"ARCUTIS CANADA, INC.",Antipsoriatics,2023-12-22,300,1,341.8,262.2,302.1,596.3,0.9487,2024-10-19,2024-09-09,2025-08-09,-41.79998779296875
285437,completed,SNDS,"ARCUTIS CANADA, INC.",Antipsoriatics,2024-05-17,300,1,336.3,259.4,302.7,568.5,0.9686,2025-03-16,2025-01-31,2025-12-06,-36.29998779296875
292646,completed,SNDS,"ARCUTIS CANADA, INC.",Antipsoriatics,2025-01-16,300,1,308.6,259.7,300.8,437.9,0.9706,2025-11-13,2025-10-03,2026-03-30,-8.600006103515625
243699,completed,SNDS,AMGEN CANADA INC,Antihemorrhagics,2020-10-09,299,1,299.2,268.6,299.2,450.3,0.9662,2021-08-04,2021-07-05,2022-01-02,-0.20001220703125
262756,completed,SNDS,AMGEN CANADA INC,Drugs for treatment of bone diseases,2022-05-09,316,0,315.8,268.9,299.7,485.4,0.9547,2023-03-05,2023-02-02,2023-09-06,0.20001220703125
294768,completed,SNDS,MODERNA BIOPHARMA CANADA CORPORATION,Vaccines,2025-03-20,300,1,318.2,245.9,299.7,352.2,0.9445,2026-01-14,2025-11-21,2026-03-07,-18.20001220703125
290813,completed,SNDS,PFIZER CANADA ULC,Vaccines,2024-12-13,308,1,306.4,250.1,300.6,401.2,0.9796,2025-10-10,2025-08-20,2026-01-18,1.600006103515625
194343,completed,SNDS,EISAI LIMITED,Antiepileptics,2016-06-24,300,1,301.0,259.4,299.5,595.7,0.8865,2017-04-19,2017-03-10,2018-02-10,-1.0
250022,completed,SNDS,NOVARTIS PHARMACEUTICALS CANADA INC,Antineoplastic agents,2021-03-24,421,1,295.2,246.5,298.2,423.9,0.9623,2022-01-16,2021-11-25,2022-05-22,125.79998779296875
292164,completed,SNDS,INCYTE CORPORATION,Other dermatological preparations,2024-12-13,300,1,322.8,269.3,301.3,513.5,0.9538,2025-10-10,2025-09-08,2026-05-11,-22.79998779296875
270849,completed,SNDS,GILEAD SCIENCES CANADA INC,Antineoplastic agents,2023-01-20,180,1,180.8,172.1,177.2,256.4,0.9838,2023-07-16,2023-07-11,2023-10-03,-0.8000030517578125
211993,completed,SNDS,SANOFI-AVENTIS CANADA INC,Immunosuppressants,2018-01-26,559,1,295.7,261.6,298.7,411.9,0.9682,2018-11-21,2018-10-15,2019-03-14,263.29998779296875
287263,completed,SNDS,SANOFI-AVENTIS CANADA INC,Immunosuppressants,2024-07-16,297,1,308.7,264.8,300.6,393.5,0.9796,2025-05-13,2025-04-07,2025-08-14,-11.70001220703125
266285,completed,SNDS,NOVAVAX INC.,Vaccines,2022-07-22,118,1,117.7,90.2,110.0,407.1,0.822,2022-11-09,2022-10-20,2023-09-02,0.3000030517578125
265342,completed,SNDS,NOVAVAX INC.,Vaccines,2022-06-21,168,1,109.6,85.1,107.0,407.7,0.7701,2022-10-06,2022-09-14,2023-08-03,58.400001525878906
273313,completed,SNDS,NOVAVAX INC.,Vaccines,2023-03-16,238,0,125.3,89.2,139.8,385.8,0.8327,2023-08-03,2023-06-13,2024-04-05,112.69999694824219
219231,completed,SNDS,NOVARTIS PHARMACEUTICALS CANADA INC,Immunosuppressants,2018-09-28,300,1,296.9,261.4,298.9,433.4,0.9648,2019-07-24,2019-06-16,2019-12-05,3.100006103515625
235994,completed,SNDS,NOVARTIS PHARMACEUTICALS CANADA INC,Immunosuppressants,2020-03-26,300,1,294.0,262.6,298.8,375.2,0.9627,2021-01-19,2020-12-14,2021-04-05,6.0
240496,completed,SNDS,NOVARTIS PHARMACEUTICALS CANADA INC,Immunosuppressants,2020-07-30,300,1,296.0,262.3,298.9,392.2,0.9694,2021-05-25,2021-04-18,2021-08-26,4.0
250272,completed,SNDS,NOVARTIS PHARMACEUTICALS CANADA INC,Immunosuppressants,2021-05-06,299,1,303.7,262.1,299.3,391.9,0.9584,2022-03-01,2022-01-23,2022-06-02,-4.70001220703125
257230,completed,SNDS,NOVARTIS PHARMACEUTICALS CANADA INC,Immunosuppressants,2021-11-24,300,1,301.3,263.2,299.2,403.7,0.9695,2022-09-19,2022-08-14,2023-01-02,-1.29998779296875
269287,completed,SNDS,NOVARTIS PHARMACEUTICALS CANADA INC,Immunosuppressants,2022-12-23,511,1,311.7,267.3,299.4,476.8,0.9681,2023-10-18,2023-09-16,2024-04-13,199.29998779296875
296426,completed,SNDS,ALEXION PHARMA GMBH,Antineoplastic agents,2025-05-06,295,1,304.1,252.3,298.9,362.6,0.9604,2026-03-01,2026-01-13,2026-05-04,-9.100006103515625
299525,completed,SNDS,ALEXION PHARMA GMBH,Antineoplastic agents,2025-09-05,300,1,299.1,252.4,298.9,364.5,0.9646,2026-07-01,2026-05-15,2026-09-05,0.899993896484375
227387,completed,SNDS,NOVO NORDISK CANADA INC,Drugs used in diabetes,2019-06-20,260,0,296.5,266.8,298.9,403.0,0.9313,2020-04-14,2020-03-13,2020-07-27,-36.5
231580,completed,SNDS,NOVO NORDISK CANADA INC,Drugs used in diabetes,2019-10-11,298,1,297.8,267.5,298.8,418.6,0.9661,2020-08-05,2020-07-05,2020-12-03,0.20001220703125
245932,completed,SNDS,NOVO NORDISK CANADA INC,Drugs used in diabetes,2020-12-17,300,1,297.6,270.0,298.8,406.0,0.9634,2021-10-12,2021-09-13,2022-01-27,2.399993896484375
266244,completed,SNDS,NOVO NORDISK CANADA INC,Drugs used in diabetes,2022-09-02,300,1,305.0,269.7,299.2,406.3,0.9648,2023-06-28,2023-05-30,2023-10-13,-5.0
279915,completed,SNDS,NOVO NORDISK CANADA INC,Drugs used in diabetes,2023-12-07,354,1,307.8,272.9,300.3,406.1,0.9659,2024-10-02,2024-09-05,2025-01-16,46.20001220703125
284023,completed,SNDS,NOVO NORDISK CANADA INC,Drugs used in diabetes,2024-05-30,313,1,312.8,270.8,300.8,394.4,0.9695,2025-03-27,2025-02-25,2025-06-28,0.20001220703125
287074,completed,SNDS,NOVO NORDISK CANADA INC,Drugs used in diabetes,2024-07-15,394,1,308.7,270.8,300.6,393.0,0.9772,2025-05-12,2025-04-12,2025-08-12,85.29998779296875
296143,completed,SNDS,NOVO NORDISK CANADA INC,Drugs used in diabetes,2025-04-08,246,1,192.8,178.0,204.1,227.5,0.9839,2025-10-29,2025-10-03,2025-11-21,53.19999694824219
295001,completed,SNDS,NOVO NORDISK CANADA INC,Drugs used in diabetes,2025-03-07,299,1,303.8,271.1,299.5,337.4,0.97,2026-01-01,2025-12-03,2026-02-07,-4.79998779296875
282056,completed,SNDS,NOVO NORDISK CANADA INC,Drugs used in diabetes,2024-02-05,751,1,309.0,271.1,300.8,384.1,0.9702,2024-12-02,2024-11-02,2025-02-23,442.0
295858,completed,SNDS,NOVO NORDISK CANADA INC,Drugs used in diabetes,2025-04-28,351,1,304.9,270.8,299.5,339.7,0.9703,2026-02-21,2026-01-24,2026-04-03,46.100006103515625
211598,completed,SNDS,SANOFI-AVENTIS CANADA INC,All other therapeutic products,2018-04-13,300,1,296.9,263.7,299.1,476.7,0.9586,2019-02-06,2019-01-02,2019-08-03,3.100006103515625
197253,completed,SNDS,JANSSEN INC,Antivirals for systemic use,2016-09-23,300,1,299.6,266.8,298.9,437.2,0.965,2017-07-19,2017-06-17,2017-12-04,0.399993896484375
199753,completed,SNDS,GILEAD SCIENCES CANADA INC,Antivirals for systemic use,2016-12-06,282,1,301.3,267.3,299.0,448.1,0.9465,2017-10-01,2017-08-30,2018-02-27,-19.29998779296875
233923,completed,SNDS,GILEAD SCIENCES CANADA INC,Antivirals for systemic use,2020-01-16,295,1,293.6,265.0,298.7,386.1,0.9394,2020-11-10,2020-10-07,2021-02-05,1.399993896484375
205985,completed,SNDS,NOVO NORDISK CANADA INC,Pituitary and hypothalamic hormones and analogues,2017-06-29,299,1,298.4,263.7,299.2,483.5,0.9303,2018-04-24,2018-03-20,2018-10-26,0.600006103515625
241147,completed,SNDS,NOVO NORDISK CANADA INC,Pituitary and hypothalamic hormones and analogues,2020-08-14,299,1,297.1,264.7,299.2,483.0,0.9627,2021-06-09,2021-05-06,2021-12-10,1.899993896484375
229726,completed,SNDS,PFIZER CANADA ULC,Pituitary and hypothalamic hormones and analogues,2019-08-28,299,1,296.1,263.7,299.2,484.8,0.9681,2020-06-22,2020-05-18,2020-12-25,2.899993896484375
298213,completed,SNDS,MERCK CANADA INC,Antihypertensives,2025-06-06,180,1,192.0,177.2,199.0,295.7,0.9848,2025-12-22,2025-11-30,2026-03-29,-12.0
278317,completed,SNDS,BOEHRINGER INGELHEIM (CANADA) LTD LTEE,Immunosuppressants,2023-10-06,299,1,317.7,265.7,300.5,527.7,0.9657,2024-08-01,2024-06-28,2025-03-17,-18.70001220703125
287138,completed,SNDS,ALK- ABELLO A/S,Allergens,2024-07-08,298,1,332.1,255.2,302.3,569.3,0.9711,2025-05-06,2025-03-20,2026-01-28,-34.100006103515625
234565,completed,SNDS,ALK -  ABELLO A/S,Allergens,2020-02-24,298,1,317.1,257.5,299.8,661.3,0.924,2020-12-20,2020-11-08,2021-12-16,-19.100006103515625
234372,completed,SNDS,MERCK CANADA INC,All other therapeutic products,2020-01-27,631,1,315.6,265.1,299.8,619.1,0.9671,2020-11-22,2020-10-18,2021-10-07,315.3999938964844
289615,completed,SNDS,MERCK CANADA INC,All other therapeutic products,2024-10-04,300,1,332.1,268.1,302.1,586.2,0.9796,2025-08-02,2025-06-29,2026-05-13,-32.100006103515625
231944,completed,SNDS,BRACCO IMAGING CANADA,Contrast media,2019-11-07,287,1,296.0,259.1,299.4,528.9,0.9224,2020-09-01,2020-07-23,2021-04-19,-9.0
208710,completed,SNDS,PFIZER CANADA INC,Antineoplastic agents,2017-10-05,565,0,298.6,249.6,298.5,493.9,0.9012,2018-07-30,2018-06-12,2019-02-11,266.3999938964844
297626,completed,SNDS,INCYTE CORPORATION,Antineoplastic agents,2025-06-23,298,1,297.1,247.9,298.8,390.1,0.9411,2026-04-18,2026-02-26,2026-07-18,0.899993896484375
271537,completed,SNDS,PFIZER CANADA ULC,Antineoplastic agents,2023-05-09,632,1,312.9,259.3,299.8,446.8,0.97,2024-03-04,2024-01-23,2024-07-29,319.1000061035156
300037,completed,SNDS,AMGEN CANADA INC,Antineoplastic agents,2025-09-03,295,1,251.3,158.3,258.9,348.0,0.9799,2026-05-20,2026-02-08,2026-08-17,43.69999694824219
305225,completed,SNDS,JANSSEN INC,Antineoplastic agents,2026-02-03,178,1,173.6,164.4,176.0,216.9,0.9861,2026-07-29,2026-07-17,2026-09-08,4.399993896484375
223862,completed,SNDS,SHIRE PHARMACEUTICALS IRELAND LIMITED,Other alimentary tract and metabolism products,2019-02-15,179,1,204.1,174.0,194.9,462.4,0.9683,2019-08-29,2019-08-08,2020-05-22,-25.100006103515625
288031,completed,SNDS,HOFFMANN-LA ROCHE LIMITED,Antithrombotic agents,2024-08-14,456,1,319.2,267.3,301.3,474.7,0.9786,2025-06-11,2025-05-08,2025-12-02,136.79998779296875
231739,completed,SNDS,"SANOFI GENZYME, A DIVISION OF SANOFI-AVENTIS CANADA INC",Immunosuppressants,2019-11-07,300,1,304.1,260.0,299.1,488.2,0.9022,2020-09-01,2020-07-24,2021-03-09,-4.100006103515625
295190,completed,SNDS,ASTRAZENECA CANADA INC,Drugs for obstructive airway diseases,2025-04-03,312,1,317.9,273.1,300.5,426.9,0.9757,2026-01-28,2026-01-01,2026-06-04,-5.899993896484375
199259,completed,SNDS,ASPEN PHARMA TRADING LIMITED,Antineoplastic agents,2016-11-25,300,1,300.3,252.3,298.5,492.1,0.9045,2017-09-20,2017-08-04,2018-04-01,-0.29998779296875
231818,completed,SNDS,ASTRAZENECA CANADA INC,Antithrombotic agents,2019-10-31,300,1,303.4,267.0,299.2,505.6,0.9679,2020-08-25,2020-07-24,2021-03-20,-3.399993896484375
199839,completed,SNDS,LEO PHARMA INC,Antithrombotic agents,2016-12-19,703,0,308.5,265.9,299.6,617.9,0.9049,2017-10-15,2017-09-11,2018-08-29,394.5
227070,completed,SNDS,"TAIHO PHARMA CANADA, INC.",Antineoplastic agents,2019-05-24,179,1,183.2,173.9,179.2,319.8,0.966,2019-11-19,2019-11-14,2020-04-08,-4.1999969482421875
293412,completed,SNDS,ELI LILLY CANADA INC,Drugs used in diabetes,2025-02-06,293,0,301.9,270.8,299.3,344.8,0.9535,2025-12-02,2025-11-04,2026-01-17,-8.899993896484375
299409,completed,SNDS,ELI LILLY CANADA INC,Drugs used in diabetes,2025-08-15,300,1,306.3,273.1,299.5,391.7,0.9697,2026-06-11,2026-05-15,2026-09-11,-6.29998779296875
300244,completed,SNDS,ELI LILLY CANADA INC,Drugs used in diabetes,2025-08-29,298,1,299.1,270.5,299.2,347.5,0.9673,2026-06-24,2026-05-26,2026-08-11,-1.100006103515625
263500,completed,SNDS,NOVARTIS PHARMACEUTICALS CANADA INC,Antineoplastic agents,2022-05-20,213,1,183.9,175.0,181.4,244.7,0.9835,2022-11-17,2022-11-11,2023-01-20,29.100006103515625
204251,completed,SNDS,HOFFMANN LA ROCHE LIMITED,Immunosuppressants,2017-05-01,179,1,180.8,175.9,177.2,241.8,0.9706,2017-10-25,2017-10-24,2017-12-29,-1.8000030517578125
219690,completed,SNDS,HOFFMANN LA ROCHE LIMITED,Immunosuppressants,2018-10-02,300,1,299.2,261.2,298.8,439.7,0.9281,2019-07-28,2019-06-20,2019-12-16,0.79998779296875
220039,completed,SNDS,HOFFMANN LA ROCHE LIMITED,Immunosuppressants,2018-10-22,298,1,299.2,261.2,298.8,439.7,0.9281,2019-08-17,2019-07-10,2020-01-05,-1.20001220703125
261220,completed,SNDS,HOFFMANN LA ROCHE LIMITED,Immunosuppressants,2022-02-04,251,1,188.1,108.4,158.8,379.7,0.8311,2022-07-13,2022-05-23,2023-02-19,62.899993896484375
209522,completed,SNDS,PFIZER CANADA INC,Immunosuppressants,2017-11-15,300,1,303.4,258.7,299.1,499.2,0.8997,2018-09-10,2018-08-01,2019-03-29,-3.399993896484375
209643,completed,SNDS,PFIZER CANADA INC,Immunosuppressants,2017-12-08,300,1,303.0,258.7,299.1,499.2,0.8931,2018-10-03,2018-08-24,2019-04-21,-3.0
213578,completed,SNDS,PFIZER CANADA INC,Immunosuppressants,2018-04-07,298,1,299.6,256.8,299.0,461.4,0.9,2019-01-31,2018-12-20,2019-07-12,-1.600006103515625
264582,completed,SNDS,PFIZER CANADA ULC,Immunosuppressants,2022-07-15,301,1,303.9,264.0,299.3,393.8,0.9723,2023-05-10,2023-04-05,2023-08-13,-2.899993896484375
271059,completed,SNDS,PFIZER CANADA ULC,Immunosuppressants,2023-03-28,381,1,305.1,265.1,300.3,378.4,0.9702,2024-01-22,2023-12-18,2024-04-09,75.89999389648438
213262,completed,SNDS,OTSUKA PHARMACEUTICAL CO LTD,Diuretics,2018-03-15,310,1,309.6,260.5,299.8,626.8,0.9082,2019-01-09,2018-11-30,2019-12-02,0.399993896484375
251730,completed,SNDS,BIONTECH MANUFACTURING GMBH,Vaccines,2021-04-16,19,1,90.1,62.5,110.9,386.6,0.7709,2021-08-05,2021-06-18,2022-05-08,-71.0999984741211
257162,completed,SNDS,BIONTECH MANUFACTURING GMBH,Vaccines,2021-10-01,39,1,75.0,42.6,104.9,418.8,0.8008,2022-01-14,2021-11-13,2022-11-24,-36.0
257698,completed,SNDS,BIONTECH MANUFACTURING GMBH,Vaccines,2021-10-18,32,1,75.0,42.6,104.9,418.8,0.8008,2022-01-31,2021-11-30,2022-12-11,-43.0
261729,completed,SNDS,PFIZER CANADA ULC/BIONTECH SE,Vaccines,2022-02-23,98,1,121.6,91.7,145.0,410.7,0.8115,2022-07-18,2022-05-26,2023-04-10,-23.599998474121094
264621,completed,SNDS,BIONTECH MANUFACTURING GMBH,Vaccines,2022-05-27,84,1,94.6,67.6,105.5,405.6,0.8056,2022-09-10,2022-08-03,2023-07-07,-10.599998474121094
265483,completed,SNDS,BIONTECH MANUFACTURING GMBH,Vaccines,2022-06-23,78,1,83.6,65.0,96.5,405.8,0.7804,2022-09-27,2022-08-27,2023-08-03,-5.599998474121094
261661,completed,SNDS,LEO PHARMA INC,Other dermatological preparations,2022-04-13,296,1,325.2,270.0,299.9,570.8,0.8983,2023-02-07,2023-01-08,2023-11-05,-29.20001220703125
199382,completed,SNDS,NOVARTIS PHARMACEUTICALS CANADA INC,Antineoplastic agents,2016-11-17,180,1,178.8,173.0,177.1,262.4,0.9861,2017-05-13,2017-05-09,2017-08-06,1.1999969482421875
210760,completed,SNDS,NOVARTIS PHARMACEUTICALS CANADA INC,Antineoplastic agents,2017-11-22,177,1,177.2,172.6,176.2,247.1,0.9848,2018-05-17,2018-05-14,2018-07-27,-0.1999969482421875
213580,completed,SNDS,NOVARTIS PHARMACEUTICALS CANADA INC,Antineoplastic agents,2018-03-08,197,1,235.8,218.6,238.0,377.3,0.9678,2018-11-01,2018-10-13,2019-03-20,-38.80000305175781
270386,completed,SNDS,NOVARTIS PHARMACEUTICALS CANADA INC,Antineoplastic agents,2023-01-27,178,1,186.9,175.3,180.1,253.2,0.986,2023-07-26,2023-07-21,2023-10-07,-8.899993896484375
226272,completed,SNDS,PFIZER CANADA ULC,Antineoplastic agents,2019-04-11,126,1,299.1,254.3,301.7,501.1,0.9665,2020-02-07,2019-12-21,2020-08-24,-173.10000610351562
239083,completed,SNDS,AMGEN CANADA INC,Antineoplastic agents,2020-06-17,301,1,310.4,257.5,301.2,573.2,0.9527,2021-04-14,2021-03-01,2022-01-11,-9.399993896484375
242479,completed,SNDS,PFIZER CANADA ULC,Antineoplastic agents,2020-09-24,202,1,297.1,255.4,300.3,522.0,0.9719,2021-07-21,2021-06-06,2022-02-28,-95.10000610351562
237674,completed,SNDS,CELLTRION HEALTHCARE CO LTD,Antineoplastic agents,2020-05-29,322,1,295.5,252.8,301.3,464.0,0.9067,2021-03-26,2021-02-06,2021-09-05,26.5
247842,completed,SNDS,BGP PHARMA ULC,Antineoplastic agents,2021-02-11,298,1,294.4,253.0,301.8,451.3,0.9169,2021-12-10,2021-10-22,2022-05-08,3.600006103515625
259440,completed,SNDS,ASTRAZENECA CANADA INC,Antineoplastic agents,2022-01-06,160,1,165.5,154.7,168.6,247.4,0.9854,2022-06-24,2022-06-10,2022-09-10,-5.5
265333,completed,SNDS,ASTRAZENECA CANADA INC,Antineoplastic agents,2022-07-15,175,1,158.8,148.9,164.9,242.0,0.9887,2022-12-27,2022-12-11,2023-03-14,16.199996948242188
285834,completed,SNDS,ASTRAZENECA CANADA INC,Antineoplastic agents,2024-05-14,248,1,257.6,226.2,246.4,431.4,0.9769,2025-01-15,2024-12-26,2025-07-19,-9.600006103515625
288114,completed,SNDS,ASTRAZENECA CANADA INC,Antineoplastic agents,2024-08-07,330,1,309.6,259.3,300.0,436.8,0.9818,2025-06-03,2025-04-23,2025-10-18,20.399993896484375
291846,completed,SNDS,ASTRAZENECA CANADA INC,Antineoplastic agents,2024-12-19,312,1,310.1,260.3,300.0,455.5,0.9769,2025-10-15,2025-09-05,2026-03-20,1.899993896484375
227372,completed,SNDS,HOFFMANN LA ROCHE LIMITED,Antineoplastic agents,2019-05-30,179,1,179.7,174.2,176.9,243.6,0.974,2019-11-23,2019-11-20,2020-01-29,-0.6999969482421875
282179,completed,SNDS,MEDEXUS PHARMACEUTICALS INC.,Antineoplastic agents,2024-03-14,475,0,307.4,253.6,300.3,455.0,0.937,2025-01-08,2024-11-23,2025-06-12,167.60000610351562
235656,completed,SNDS,"BAUSCH HEALTH, CANADA INC.",Anti-acne preparations,2020-03-16,298,1,309.6,261.5,299.8,634.0,0.9101,2021-01-10,2020-12-02,2021-12-10,-11.600006103515625
222505,completed,SNDS,GLAXOSMITHKLINE INC,Drugs for obstructive airway diseases,2019-01-16,616,1,300.2,266.9,299.1,524.7,0.9081,2019-11-11,2019-10-10,2020-06-24,315.79998779296875
241253,completed,SNDS,ABBVIE CORPORATION,Immunosuppressants,2020-08-10,297,1,296.7,262.3,298.8,397.0,0.9697,2021-06-05,2021-04-29,2021-09-11,0.29998779296875
245530,completed,SNDS,ABBVIE CORPORATION,Immunosuppressants,2020-12-10,300,1,297.6,263.4,298.8,407.4,0.9692,2021-10-05,2021-08-30,2022-01-21,2.399993896484375
247702,completed,SNDS,ABBVIE CORPORATION,Immunosuppressants,2021-02-03,526,1,301.0,262.4,299.1,384.2,0.9627,2021-11-29,2021-10-23,2022-02-22,225.0
264612,completed,SNDS,ABBVIE CORPORATION,Immunosuppressants,2022-07-15,291,1,304.9,264.0,299.3,395.2,0.9712,2023-05-10,2023-04-05,2023-08-14,-13.899993896484375
257284,completed,SNDS,ABBVIE CORPORATION,Immunosuppressants,2021-12-17,581,1,308.5,265.5,299.3,481.7,0.9687,2022-10-12,2022-09-08,2023-04-13,272.5
267554,completed,SNDS,ABBVIE CORPORATION,Immunosuppressants,2022-12-16,300,1,305.3,265.0,299.3,406.7,0.9661,2023-10-11,2023-09-07,2024-01-27,-5.29998779296875
290301,completed,SNDS,ABBVIE CORPORATION,Immunosuppressants,2024-10-30,295,1,309.4,265.1,300.6,404.9,0.9769,2025-08-27,2025-07-22,2025-12-09,-14.399993896484375
224739,completed,SNDS,JANSSEN INC,Immunosuppressants,2019-03-29,300,1,293.9,261.6,298.8,382.0,0.9643,2020-01-22,2019-12-16,2020-04-14,6.100006103515625
230279,completed,SNDS,JANSSEN INC,Immunosuppressants,2019-08-21,300,1,296.0,261.3,298.9,400.5,0.9695,2020-06-15,2020-05-08,2020-09-24,4.0
285419,completed,SNDS,JAMP PHARMA CORPORATION,Immunosuppressants,2024-05-17,180,1,317.9,263.4,303.3,491.9,0.96,2025-03-16,2025-02-04,2025-09-21,-137.89999389648438
289290,completed,SNDS,CELLTRION INC,Immunosuppressants,2024-09-25,156,1,306.2,259.2,352.2,461.9,0.9557,2025-09-12,2025-06-11,2025-12-31,-150.20001220703125
291252,completed,SNDS,CELLTRION INC,Immunosuppressants,2024-12-06,180,1,309.3,260.9,350.1,461.8,0.9484,2025-11-21,2025-08-24,2026-03-13,-129.29998779296875
296870,completed,SNDS,FRESENIUS KABI CANADA LTD,Immunosuppressants,2025-07-15,202,1,263.6,263.4,295.0,395.7,0.9672,2026-05-06,2026-04-04,2026-08-15,-61.600006103515625
246933,completed,SNDS,GLAXOSMITHKLINE INC,Vaccines,2021-01-14,314,1,299.7,250.7,299.1,389.8,0.9112,2021-11-09,2021-09-22,2022-02-08,14.29998779296875
214078,completed,SNDS,ABBVIE CORPORATION,Antineoplastic agents,2018-03-27,178,1,174.4,174.3,177.5,222.8,0.9832,2018-09-20,2018-09-17,2018-11-05,3.600006103515625
228475,completed,SNDS,ABBVIE CORPORATION,Antineoplastic agents,2019-07-04,299,1,291.9,253.2,298.3,395.3,0.9706,2020-04-27,2020-03-13,2020-08-02,7.100006103515625
240541,completed,SNDS,ABBVIE CORPORATION,Antineoplastic agents,2020-06-17,170,1,215.3,143.0,235.2,440.6,0.9527,2021-02-07,2020-11-07,2021-09-01,-45.30000305175781
289982,completed,SNDS,ABBVIE CORPORATION,Antineoplastic agents,2024-10-08,296,1,310.9,259.6,300.0,450.4,0.9789,2025-08-04,2025-06-25,2026-01-01,-14.899993896484375
299192,completed,SNDS,ABBVIE CORPORATION,Antineoplastic agents,2025-08-07,264,1,299.2,257.1,298.8,341.0,0.9802,2026-06-02,2026-04-21,2026-07-14,-35.20001220703125
210066,completed,SNDS,FOREST LABORATORIES CANADA INC,Psychoanaleptics,2017-11-27,331,0,306.4,259.9,299.4,557.1,0.8983,2018-09-22,2018-08-14,2019-06-07,24.600006103515625
267448,completed,SNDS,MEDICAGO INC,Vaccines,2022-08-30,212,1,115.7,93.4,120.0,430.8,0.8258,2022-12-28,2022-12-01,2023-11-04,96.30000305175781
294120,completed,SNDS,ALNYLAM NETHERLANDS B.V.,Other nervous system drugs,2025-02-17,298,1,329.4,270.6,300.0,412.8,0.9575,2025-12-14,2025-11-15,2026-04-06,-31.399993896484375
254556,completed,SNDS,BEIGENE SWITZERLAND GMBH,Antineoplastic agents,2021-09-01,170,1,189.1,173.9,183.5,348.5,0.9654,2022-03-04,2022-02-22,2022-08-16,-19.100006103515625
264963,completed,SNDS,BEIGENE SWITZERLAND GMBH,Antineoplastic agents,2022-07-29,299,1,309.1,257.4,298.9,543.3,0.9193,2023-05-24,2023-04-12,2024-01-23,-10.100006103515625
273215,completed,SNDS,BEIGENE SWITZERLAND GMBH,Antineoplastic agents,2023-04-12,296,1,299.0,253.3,299.5,460.9,0.9362,2024-02-06,2023-12-21,2024-07-16,-3.0
,under_review,NDS,CENTRE FOR PROBE DEVELOPMENT AND COMMERCIALIZATION,Diagnostic radiopharmaceuticals,2025-09-01,,,322.3,262.0,301.9,386.0,0.9483,2026-06-30,2026-05-21,2026-09-22,
,under_review,NDS,ALCON CANADA INC,Ophthalmologicals,2026-02-01,,,319.9,263.2,301.3,422.0,0.9484,2026-11-29,2026-10-22,2027-03-30,
,under_review,NDS,BRIDGEBIO EUROPE B.V.,Cardiac therapy,2026-05-01,,,319.0,264.1,301.8,423.2,0.9525,2027-02-27,2027-01-20,2027-06-28,
,under_review,NDS,"CYTOKINETICS, INCORPORATED",Cardiac therapy,2025-12-01,,,323.0,262.6,300.0,394.6,0.9405,2026-09-27,2026-08-21,2026-12-31,
,under_review,NDS,JAMP PHARMA CORPORATION,Ophthalmologicals,2025-07-01,,,321.7,274.4,302.7,463.1,0.9587,2026-04-30,2026-04-01,2026-10-07,
,under_review,NDS,SEPTA PHARMACEUTICALS INC,Antineoplastic agents,2026-01-01,,,303.5,253.7,300.1,406.9,0.9492,2026-10-28,2026-09-12,2027-02-12,
,under_review,NDS,GILEAD SCIENCES CANADA INC,Antineoplastic agents,2026-07-01,,,245.0,228.8,245.8,346.0,0.9584,2027-03-04,2027-02-15,2027-06-12,
,under_review,NDS,BAYER INC,Antithrombotic agents,2026-07-01,,,318.4,271.1,300.6,424.7,0.9553,2027-04-28,2027-03-29,2027-08-30,
,under_review,NDS,ASTELLAS PHARMA CANADA INC,Ophthalmologicals,2025-02-01,,,334.3,271.7,301.3,436.1,0.9556,2025-11-29,2025-10-31,2026-04-13,
,under_review,NDS,STERIMAX INC,Antibacterials for systemic use,2025-08-01,,,217.8,166.3,214.2,331.3,0.9779,2026-03-03,2026-01-14,2026-06-28,
,under_review,NDS,INCYTE CORPORATION,Immunosuppressants,2025-01-01,,,308.5,261.7,300.7,349.3,0.9576,2025-10-29,2025-09-20,2025-12-16,
,under_review,NDS,ASTRAZENECA CANADA INC,Antihypertensives,2026-06-01,,,314.0,268.1,301.5,418.2,0.9349,2027-03-30,2027-02-24,2027-07-24,
,under_review,NDS,HLS THERAPEUTICS INC,Lipid modifying agents,2025-01-01,,,296.4,255.5,300.8,408.2,0.9628,2025-10-29,2025-09-14,2026-02-13,
,under_review,NDS,GLAXOSMITHKLINE INC,Antivirals for systemic use,2026-05-01,,,192.8,179.1,201.6,254.0,0.9795,2026-11-19,2026-10-27,2027-01-10,
,under_review,NDS,GLENMARK PHARMACEUTICALS CANADA INC.,Antipsoriatics,2025-07-01,,,320.8,255.2,301.9,421.0,0.953,2026-04-29,2026-03-13,2026-08-26,
,under_review,NDS,SANDOZ CANADA INCORPORATED,Antineoplastic agents,2026-04-01,,,309.7,260.5,303.0,443.2,0.9548,2027-01-29,2026-12-17,2027-06-18,
,under_review,NDS,LABORATOIRES THEA,Ophthalmologicals,2025-10-01,,,320.3,263.4,299.4,425.9,0.9332,2026-07-27,2026-06-21,2026-12-01,
,under_review,NDS,NOVO NORDISK CANADA INC,Drugs used in diabetes,2026-03-01,,,304.4,267.1,300.4,323.6,0.9612,2026-12-26,2026-11-23,2027-01-19,
,under_review,NDS,ASTRAZENECA CANADA INC,Endocrine therapy,2025-10-01,,,318.1,273.6,298.9,421.7,0.9523,2026-07-27,2026-07-02,2026-11-27,
,under_review,NDS,SEARCHLIGHT PHARMA INC,Anesthetics,2026-01-01,,,332.0,264.0,302.0,453.1,0.9648,2026-10-30,2026-09-22,2027-03-30,
,under_review,NDS,KNIGHT THERAPEUTICS INC.,Anti-parkinson drugs,2025-07-01,,,319.4,258.2,301.7,419.0,0.9579,2026-04-29,2026-03-16,2026-08-24,
,under_review,NDS,STERIMAX INC,Antibacterials for systemic use,2025-07-01,,,325.5,261.6,301.7,390.0,0.9485,2026-04-29,2026-03-20,2026-07-26,
,under_review,NDS,OTSUKA PHARMACEUTICAL CO LTD,Psychoanaleptics,2026-06-01,,,316.9,264.3,300.8,402.8,0.9447,2027-03-29,2027-02-20,2027-07-09,
,under_review,NDS,"SUN PHARMACEUTICAL INDUSTRIES, INC.",Antineoplastic agents,2026-06-01,,,306.0,258.1,300.2,416.0,0.9222,2027-03-28,2027-02-14,2027-07-22,
,under_review,NDS,APOTEX INC,Ophthalmologicals,2025-01-01,,,324.2,265.9,301.6,453.0,0.9667,2025-10-30,2025-09-24,2026-03-30,
,under_review,NDS,ASTRAZENECA CANADA INC,Antineoplastic agents,2026-02-01,,,308.3,260.1,300.0,361.0,0.9619,2026-11-28,2026-10-19,2027-01-28,
,under_review,NDS,NOVO NORDISK CANADA INC,Antihemorrhagics,2025-12-01,,,308.1,273.4,299.1,358.1,0.9436,2026-09-26,2026-08-31,2026-11-24,
,under_review,NDS,MANTRA PHARMA INC.,Drugs for treatment of bone diseases,2024-07-01,,,435.2,266.2,389.8,649.6,0.9455,2025-07-26,2025-03-24,2026-04-12,
,under_review,NDS,"SUN PHARMACEUTICAL INDUSTRIES, INC.",Immunosuppressants,2025-12-01,,,310.8,263.1,299.1,362.0,0.9174,2026-09-26,2026-08-21,2026-11-28,
,under_review,NDS,THERATECHNOLOGIES INC,Other hematological agents,2025-12-01,,,291.8,266.9,299.3,376.4,0.9475,2026-09-26,2026-08-25,2026-12-12,
,under_review,NDS,SEARCHLIGHT PHARMA INC,Sex hormones and modulators of the genital system,2026-05-01,,,315.9,261.8,300.8,413.0,0.9529,2027-02-26,2027-01-18,2027-06-18,
,under_review,NDS,UCB CANADA INC,Antiepileptics,2025-11-01,,,300.7,269.4,299.3,381.7,0.9626,2026-08-27,2026-07-28,2026-11-18,
,under_review,NDS,CURATEQ BIOLOGICS PRIVATE LIMITED,Immunostimulants,2026-06-01,,,338.4,270.6,367.9,445.4,0.9485,2027-06-04,2027-02-27,2027-08-20,
,under_review,NDS,SEARCHLIGHT PHARMA INC,Other dermatological preparations,2026-02-01,,,316.6,262.5,301.0,419.2,0.9562,2026-11-29,2026-10-22,2027-03-27,
,under_review,NDS,ALEXION PHARMA GMBH,Immunosuppressants,2026-04-01,,,308.3,260.0,300.6,342.6,0.9554,2027-01-27,2026-12-17,2027-03-10,
,under_review,NDS,XEDITON PHARMACEUTICALS INC,Psychoanaleptics,2025-08-01,,,321.3,264.3,300.8,401.0,0.9507,2026-05-29,2026-04-22,2026-09-06,
,under_review,NDS,ITF THERAPEUTICS LLC,Other drugs for disorders of the musculo-skeletal system,2026-06-01,,,213.7,177.8,217.0,426.7,0.9756,2027-01-04,2026-11-26,2027-08-02,
,under_review,NDS,ACCORD HEALTHCARE INC,Immunosuppressants,2025-05-01,,,345.5,269.7,372.0,472.3,0.9455,2026-05-08,2026-01-26,2026-08-16,
,under_review,NDS,SEQIRUS UK LIMITED,Vaccines,2026-04-01,,,309.2,245.5,300.7,377.3,0.9476,2027-01-27,2026-12-02,2027-04-13,
,under_review,NDS,NOVARTIS PHARMACEUTICALS CANADA INC,Immunosuppressants,2026-05-01,,,314.7,267.5,300.6,378.7,0.9515,2027-02-26,2027-01-23,2027-05-15,
,under_review,NDS,JANSSEN INC,Immunosuppressants,2025-12-01,,,305.8,266.2,298.7,339.6,0.9408,2026-09-26,2026-08-24,2026-11-06,
,under_review,NDS,ELI LILLY CANADA INC,Antineoplastic agents,2025-02-01,,,306.7,260.2,299.8,359.9,0.9473,2025-11-28,2025-10-19,2026-01-27,
,under_review,NDS,ELI LILLY CANADA INC,Drugs used in diabetes,2026-01-01,,,311.1,273.9,300.5,381.2,0.9543,2026-10-28,2026-10-02,2027-01-17,
,under_review,NDS,ORIMED PHARMA INC,Ophthalmologicals,2025-01-01,,,316.2,258.5,301.2,443.6,0.9601,2025-10-29,2025-09-17,2026-03-21,
,under_review,NDS,GLAXOSMITHKLINE INC,Bile and liver therapy,2025-08-01,,,302.3,267.8,300.2,383.3,0.9448,2026-05-28,2026-04-26,2026-08-19,
,under_review,NDS,PHARMARIS CANADA INC,Drugs used in diabetes,2025-05-01,,,314.6,262.6,300.8,415.4,0.9354,2026-02-26,2026-01-19,2026-06-20,
,under_review,NDS,ORIMED PHARMA INC,Drugs used in diabetes,2025-11-01,,,312.9,265.6,298.9,383.9,0.9329,2026-08-27,2026-07-25,2026-11-20,
,under_review,NDS,PHARMARIS CANADA INC,Antibacterials for systemic use,2026-04-01,,,346.7,261.4,302.6,399.6,0.948,2027-01-29,2026-12-18,2027-05-06,
,under_review,NDS,STERIMAX INC,Anesthetics,2024-09-01,,,400.9,261.7,304.6,633.4,0.9496,2025-07-03,2025-05-21,2026-05-27,
,under_review,NDS,LUPIN PHARMA CANADA LIMITED,Psychoanaleptics,2026-05-01,,,313.7,260.0,300.8,417.3,0.9537,2027-02-26,2027-01-16,2027-06-22,
,under_review,NDS,EMD SERONO A DIVISION OF EMD INC CANADA,Antineoplastic agents,2026-06-01,,,303.3,252.8,300.0,344.7,0.9456,2027-03-28,2027-02-09,2027-05-12,
,under_review,NDS,MODERNA BIOPHARMA CANADA CORPORATION,Vaccines,2026-01-01,,,120.7,90.8,142.6,325.3,0.8492,2026-05-24,2026-04-02,2026-11-22,
,under_review,NDS,MODERNA BIOPHARMA CANADA CORPORATION,Vaccines,2026-01-01,,,319.2,246.3,300.7,352.7,0.9531,2026-10-29,2026-09-04,2026-12-20,
,under_review,NDS,BOEHRINGER INGELHEIM (CANADA) LTD LTEE,Immunosuppressants,2025-12-01,,,312.8,267.5,299.4,392.9,0.945,2026-09-26,2026-08-26,2026-12-29,
,under_review,NDS,EMD SERONO A DIVISION OF EMD INC CANADA,Antineoplastic agents,2026-07-01,,,185.7,178.5,198.1,240.6,0.9795,2027-01-15,2026-12-27,2027-02-27,
,under_review,NDS,PHARMARIS CANADA INC,Antibacterials for systemic use,2026-02-01,,,299.6,259.7,300.9,409.9,0.9516,2026-11-29,2026-10-19,2027-03-18,
,under_review,NDS,AMGEN CANADA INC,Antineoplastic agents,2026-03-01,,,302.7,265.6,301.1,533.9,0.9645,2026-12-27,2026-11-22,2027-08-17,
,under_review,NDS,CAMURUS AB,Pituitary and hypothalamic hormones and analogues,2025-11-01,,,294.3,266.5,299.3,381.4,0.9523,2026-08-27,2026-07-26,2026-11-17,
,under_review,NDS,ADVANZ PHARMA CANADA INC.,Drugs for obstructive airway diseases,2026-04-01,,,342.6,266.9,371.9,464.4,0.9458,2027-04-08,2026-12-24,2027-07-09,
,under_review,NDS,XEOLAS PHARMACEUTICALS LIMITED,Drugs for acid related disorders,2026-03-01,,,322.5,259.7,303.2,426.9,0.9524,2026-12-29,2026-11-16,2027-05-02,
,under_review,NDS,ELI LILLY CANADA INC,Drugs used in diabetes,2026-01-01,,,311.1,273.9,300.5,381.2,0.9543,2026-10-28,2026-10-02,2027-01-17,
,under_review,NDS,TAKEDA CANADA INC,Psychoanaleptics,2026-07-01,,,321.8,267.8,300.9,425.7,0.9553,2027-04-28,2027-03-26,2027-08-31,
,under_review,NDS,AMGEN CANADA INC,Antigout preparations,2026-02-01,,,314.7,270.7,302.5,475.6,0.9533,2026-11-30,2026-10-30,2027-05-23,
,under_review,NDS,SUN PHARMA CANADA INC,Antiepileptics,2026-05-01,,,298.4,259.4,301.0,400.3,0.955,2027-02-26,2027-01-15,2027-06-05,
,under_review,NDS,GE HEALTHCARE CANADA INC,Contrast media,2026-01-01,,,294.1,259.7,301.0,408.8,0.9644,2026-10-29,2026-09-18,2027-02-14,
,under_review,NDS,"SHANGHAI HENLIUS BIOTECH, INC.",Antineoplastic agents,2025-05-01,,,343.9,259.2,369.1,481.0,0.9295,2026-05-05,2026-01-15,2026-08-25,
,under_review,NDS,BIOSIMILAR COLLABORATIONS IRELAND LIMITED,Antineoplastic agents,2026-01-01,,,354.6,264.2,370.5,484.5,0.9552,2027-01-06,2026-09-22,2027-04-30,
,under_review,NDS,INCYTE CORPORATION,Immunosuppressants,2026-07-01,,,312.8,265.7,300.8,384.7,0.9443,2027-04-28,2027-03-24,2027-07-21,
,under_review,NDS,ORIMED PHARMA INC,Analgesics,2025-01-01,,,372.9,268.5,302.7,449.2,0.9597,2025-10-31,2025-09-26,2026-03-26,
,under_review,NDS,LUPIN LIMITED,Ophthalmologicals,2025-12-01,,,340.9,270.0,363.0,432.8,0.9269,2026-11-29,2026-08-28,2027-02-07,
,under_review,NDS,ISOLOGIC INNOVATIVE RADIOPHARMACEUTICALS LTD.,Cardiac therapy,2026-05-01,,,362.6,261.6,303.5,424.8,0.951,2027-03-01,2027-01-18,2027-06-30,
,under_review,NDS,IPSEN BIOPHARM LIMITED,Muscle relaxants,2026-07-01,,,313.2,265.8,300.8,401.2,0.9519,2027-04-28,2027-03-24,2027-08-06,
,under_review,NDS,PHARMAAND GMBH,Antineoplastic agents,2026-02-01,,,306.2,254.2,300.1,370.5,0.9396,2026-11-28,2026-10-13,2027-02-06,
,under_review,NDS,SEARCHLIGHT PHARMA INC,Antibacterials for systemic use,2025-12-01,,,305.1,262.6,299.1,374.0,0.9406,2026-09-26,2026-08-21,2026-12-10,
,under_review,NDS,PENDOPHARM DIVISION OF PHARMASCIENCE INC,Other hematological agents,2026-04-01,,,305.4,268.2,301.1,386.9,0.9573,2027-01-27,2026-12-25,2027-04-23,
,under_review,NDS,CELLTRION INC,Immunosuppressants,2026-07-01,,,322.4,263.9,357.1,430.9,0.938,2027-06-23,2027-03-22,2027-09-05,
,under_review,NDS,OTSUKA PHARMACEUTICAL CO LTD,Immunosuppressants,2026-04-01,,,257.0,234.0,254.0,358.6,0.9514,2026-12-11,2026-11-21,2027-03-26,
,under_review,NDS,STERIMAX INC,Other alimentary tract and metabolism products,2026-03-01,,,227.8,165.6,190.8,320.2,0.9792,2026-09-08,2026-08-14,2027-01-15,
,under_review,NDS,BGP PHARMA ULC,Drugs used in diabetes,2025-10-01,,,317.8,272.4,299.4,391.2,0.9492,2026-07-27,2026-06-30,2026-10-27,
,under_review,NDS,CIPHER PHARMACEUTICALS INC,"Ectoparasiticides, including scabicides, insecticides and repellents",2026-01-01,,,319.5,260.1,303.2,434.9,0.9631,2026-10-31,2026-09-18,2027-03-12,
,under_review,NDS,RECORDATI RARE DISEASES CANADA INC,Immunosuppressants,2026-06-01,,,315.6,261.1,300.7,386.1,0.9319,2027-03-29,2027-02-17,2027-06-22,
,under_review,NDS,VERTEX PHARMACEUTICALS (CANADA) INCORPORATED,Analgesics,2026-05-01,,,327.4,269.7,300.9,417.3,0.9561,2027-02-26,2027-01-26,2027-06-22,
,under_review,NDS,VERITY PHARMACEUTICALS INC,Sex hormones and modulators of the genital system,2025-09-01,,,328.0,266.2,300.8,403.9,0.9489,2026-06-29,2026-05-25,2026-10-10,
,under_review,NDS,SANOFI-AVENTIS CANADA INC,Immunosuppressants,2025-08-01,,,306.9,265.2,300.3,338.0,0.9502,2026-05-28,2026-04-23,2026-07-05,
,under_review,NDS,CURATEQ BIOLOGICS PRIVATE LIMITED,Antineoplastic agents,2025-09-01,,,338.7,263.8,365.7,496.8,0.9413,2026-09-02,2026-05-23,2027-01-11,
,under_review,NDS,PHARMACOSMOS A/S,All other therapeutic products,2026-02-01,,,297.7,260.1,300.9,399.8,0.9551,2026-11-29,2026-10-19,2027-03-08,
,under_review,NDS,BGP PHARMA ULC,Ophthalmologicals,2025-11-01,,,329.3,270.9,299.9,428.4,0.9515,2026-08-28,2026-07-30,2027-01-03,
,under_review,NDS,BOEHRINGER INGELHEIM (CANADA) LTD LTEE,Antineoplastic agents,2026-01-01,,,243.5,223.0,242.8,329.6,0.9675,2026-09-01,2026-08-12,2026-11-27,
,under_review,NDS,BOEHRINGER INGELHEIM (CANADA) LTD LTEE,Antineoplastic agents,2026-07-01,,,249.0,225.6,248.1,376.6,0.9591,2027-03-06,2027-02-12,2027-07-13,
,under_review,SNDS,ASTRAZENECA CANADA INC,Antineoplastic agents,2025-12-01,,,301.4,260.3,297.2,400.1,0.9769,2026-09-24,2026-08-18,2027-01-05,
,under_review,SNDS,JAMP PHARMA CORPORATION,Immunosuppressants,2024-09-01,,,298.5,259.2,301.7,459.7,0.9641,2025-06-30,2025-05-18,2025-12-05,
,under_review,SNDS,BAYER INC,Ophthalmologicals,2025-12-01,,,317.3,274.3,298.3,443.1,0.9708,2026-09-25,2026-09-01,2027-02-17,
,under_review,SNDS,SANOFI-AVENTIS CANADA INC,Lipid modifying agents,2024-12-01,,,313.5,269.5,301.3,457.5,0.9774,2025-09-28,2025-08-27,2026-03-04,
,under_review,SNDS,HOFFMANN-LA ROCHE LIMITED,Antineoplastic agents,2026-06-01,,,188.9,177.1,198.7,225.5,0.9815,2026-12-17,2026-11-25,2027-01-13,
,under_review,SNDS,ELI LILLY CANADA INC,Immunosuppressants,2026-03-01,,,303.2,264.8,299.6,337.5,0.9546,2026-12-26,2026-11-21,2027-02-02,
,under_review,SNDS,MERCK CANADA INC,Antineoplastic agents,2025-12-01,,,308.0,260.3,297.6,428.3,0.9765,2026-09-25,2026-08-18,2027-02-02,
,under_review,SNDS,MERCK CANADA INC,Antineoplastic agents,2026-03-02,,,304.8,257.4,299.4,354.5,0.9745,2026-12-26,2026-11-14,2027-02-19,
,under_review,SNDS,ASTRAZENECA CANADA INC,Drugs for obstructive airway diseases,2025-10-01,,,310.2,271.5,298.5,409.5,0.9784,2026-07-27,2026-06-30,2026-11-14,
,under_review,SNDS,BIOCRYST PHARMACEUTICALS INC,Other hematological agents,2026-03-03,,,292.7,264.0,300.0,378.9,0.9674,2026-12-28,2026-11-22,2027-03-17,
,under_review,SNDS,OTSUKA PHARMACEUTICAL CO LTD,Psycholeptics,2026-03-04,,,303.1,266.1,299.8,383.4,0.9629,2026-12-29,2026-11-25,2027-03-22,
,under_review,SNDS,ASTRAZENECA CANADA INC,Drugs for obstructive airway diseases,2025-10-01,,,307.9,267.1,298.5,408.1,0.9832,2026-07-26,2026-06-25,2026-11-13,
,under_review,SNDS,OCTAPHARMA PHARMAZEUTIKA PRODUKTIONSGES M B H,Antihemorrhagics,2025-10-01,,,319.6,267.1,300.6,463.6,0.9666,2026-07-29,2026-06-25,2027-01-08,
,under_review,SNDS,MERCK CANADA INC,Vaccines,2025-11-01,,,314.4,254.2,300.9,460.1,0.9801,2026-08-29,2026-07-13,2027-02-04,
,under_review,SNDS,JANSSEN INC,Antineoplastic agents,2025-12-01,,,299.5,258.1,297.1,348.6,0.9746,2026-09-24,2026-08-16,2026-11-15,
,under_review,SNDS,LEO PHARMA INC,Other dermatological preparations,2026-05-01,,,319.6,270.6,300.0,409.8,0.9585,2027-02-25,2027-01-27,2027-06-15,
,under_review,SNDS,SEARCHLIGHT PHARMA INC,Sex hormones and modulators of the genital system,2025-11-01,,,301.8,260.6,298.0,386.1,0.9635,2026-08-26,2026-07-20,2026-11-22,
,under_review,SNDS,SANOFI-AVENTIS CANADA INC,Other dermatological preparations,2025-11-01,,,308.3,272.6,298.0,383.1,0.9779,2026-08-26,2026-08-01,2026-11-19,
,under_review,SNDS,SANOFI-AVENTIS CANADA INC,Other dermatological preparations,2026-01-01,,,306.9,270.8,299.7,410.9,0.978,2026-10-28,2026-09-29,2027-02-16,
,under_review,SNDS,SANOFI-AVENTIS CANADA INC,Other dermatological preparations,2026-02-01,,,308.7,270.8,299.8,395.8,0.9753,2026-11-28,2026-10-30,2027-03-04,
,under_review,SNDS,ASTRAZENECA CANADA INC,Antineoplastic agents,2025-10-01,,,301.7,259.6,297.2,393.1,0.9791,2026-07-25,2026-06-18,2026-10-29,
,under_review,SNDS,ARGENX BV,Immunosuppressants,2026-04-01,,,305.5,260.7,299.7,376.7,0.9487,2027-01-26,2026-12-18,2027-04-13,
,under_review,SNDS,BAYER INC,Other gynecologicals,2025-10-01,,,305.5,265.2,298.6,438.1,0.9747,2026-07-27,2026-06-23,2026-12-13,
,under_review,SNDS,PFIZER CANADA ULC,Antineoplastic agents,2026-04-01,,,299.3,257.1,298.9,331.9,0.9757,2027-01-25,2026-12-14,2027-02-27,
,under_review,SNDS,ABBVIE CORPORATION,Antineoplastic agents,2026-03-05,,,186.9,176.9,180.4,233.9,0.986,2026-09-01,2026-08-29,2026-10-25,
,under_review,SNDS,ORGANON CANADA INC.,Sex hormones and modulators of the genital system,2026-07-01,,,298.9,261.8,299.8,391.8,0.9646,2027-04-27,2027-03-20,2027-07-28,
,under_review,SNDS,AMGEN CANADA INC,Lipid modifying agents,2026-06-01,,,296.3,269.9,299.7,393.8,0.9771,2027-03-28,2027-02-26,2027-06-30,
,under_review,SNDS,FRESENIUS KABI CANADA LTD,Blood substitutes and perfusion solutions,2025-11-01,,,309.2,265.8,299.3,376.4,0.9772,2026-08-27,2026-07-25,2026-11-12,
,under_review,SNDS,JANSSEN INC,Immunosuppressants,2025-01-01,,,303.0,265.1,299.7,351.5,0.9774,2025-10-28,2025-09-23,2025-12-18,
,under_review,SNDS,NOVARTIS PHARMACEUTICALS CANADA INC,Lipid modifying agents,2026-04-01,,,303.3,267.7,299.7,376.2,0.9788,2027-01-26,2026-12-25,2027-04-12,
,under_review,SNDS,BAYER INC,Contrast media,2025-12-01,,,323.0,269.4,299.6,411.6,0.9746,2026-09-27,2026-08-27,2027-01-17,
,under_review,SNDS,BRISTOL-MYERS SQUIBB CANADA,Antineoplastic agents,2025-11-01,,,299.3,256.3,297.1,347.9,0.9715,2026-08-25,2026-07-15,2026-10-15,
,under_review,SNDS,BAYER INC,Antineoplastic agents,2025-11-01,,,299.3,256.3,297.1,357.6,0.9701,2026-08-25,2026-07-15,2026-10-25,
,under_review,SNDS,BRISTOL-MYERS SQUIBB CANADA,Antineoplastic agents,2026-03-06,,,297.4,254.9,298.9,326.6,0.965,2026-12-30,2026-11-16,2027-01-27,
,under_review,SNDS,BRISTOL-MYERS SQUIBB CANADA,Antineoplastic agents,2026-04-01,,,298.5,254.6,298.8,328.7,0.9659,2027-01-25,2026-12-12,2027-02-24,
,under_review,SNDS,JAZZ PHARMACEUTICALS IRELAND LIMITED,Antineoplastic agents,2025-08-01,,,304.3,257.8,299.1,392.4,0.9571,2026-05-27,2026-04-16,2026-08-28,
,under_review,SNDS,NOVARTIS PHARMACEUTICALS CANADA INC,Therapeutic radiopharmaceuticals,2026-05-01,,,305.2,269.9,300.8,457.1,0.9762,2027-02-26,2027-01-26,2027-08-01,
,under_review,SNDS,"MIRUM PHARMACEUTICALS, INC.",Bile and liver therapy,2026-07-01,,,288.7,263.7,299.5,383.4,0.9727,2027-04-27,2027-03-22,2027-07-19,
,under_review,SNDS,BRISTOL-MYERS SQUIBB CANADA,Cardiac therapy,2026-07-01,,,185.9,176.8,196.5,260.4,0.989,2027-01-14,2026-12-25,2027-03-18,
,under_review,SNDS,NEURIM PHARMACEUTICALS LTD.,Psycholeptics,2026-07-01,,,298.9,261.8,299.8,391.8,0.9646,2027-04-27,2027-03-20,2027-07-28,
,under_review,SNDS,MODERNA BIOPHARMA CANADA CORPORATION,Vaccines,2026-07-01,,,322.2,249.7,299.7,367.0,0.9542,2027-04-27,2027-03-08,2027-07-03,
,under_review,SNDS,JANSSEN INC,Immunosuppressants,2026-07-01,,,303.1,264.8,299.6,344.1,0.9794,2027-04-27,2027-03-23,2027-06-10,
,under_review,SNDS,BRISTOL-MYERS SQUIBB CANADA,Antineoplastic agents,2025-11-01,,,299.3,256.3,297.1,347.9,0.9715,2026-08-25,2026-07-15,2026-10-15,
,under_review,SNDS,HOFFMANN-LA ROCHE LIMITED,Antineoplastic agents,2026-04-01,,,298.5,254.6,298.8,328.7,0.9655,2027-01-25,2026-12-12,2027-02-24,
,under_review,SNDS,HOFFMANN-LA ROCHE LIMITED,Immunosuppressants,2026-01-01,,,301.5,262.3,299.5,350.8,0.9686,2026-10-28,2026-09-20,2026-12-18,
,under_review,SNDS,THERATECHNOLOGIES INC,Lipid modifying agents,2026-07-01,,,286.3,263.7,299.8,386.5,0.9701,2027-04-27,2027-03-22,2027-07-23,
,under_review,SNDS,PHARMAAND GMBH,Immunostimulants,2026-02-01,,,299.3,262.1,299.8,395.9,0.9615,2026-11-28,2026-10-21,2027-03-04,
,under_review,SNDS,MERCK CANADA INC,Antineoplastic agents,2026-03-07,,,304.8,257.4,299.4,354.5,0.9745,2026-12-31,2026-11-19,2027-02-24,
,under_review,SNDS,MERCK CANADA INC,Antineoplastic agents,2026-04-01,,,305.9,257.1,299.3,356.8,0.9748,2027-01-25,2026-12-14,2027-03-24,
,under_review,SNDS,MERCK CANADA INC,Antineoplastic agents,2026-05-01,,,308.7,257.1,299.4,370.2,0.9733,2027-02-24,2027-01-13,2027-05-06,
,under_review,SNDS,ELI LILLY CANADA INC,Antineoplastic agents,2026-01-01,,,298.2,257.1,298.8,347.0,0.9609,2026-10-27,2026-09-15,2026-12-14,
,under_review,SNDS,ELI LILLY CANADA INC,Antineoplastic agents,2026-03-08,,,298.6,257.1,298.9,330.5,0.9553,2027-01-01,2026-11-20,2027-02-01,
,under_review,SNDS,GLAXOSMITHKLINE INC,Vaccines,2026-01-01,,,303.0,253.3,299.5,353.8,0.959,2026-10-28,2026-09-11,2026-12-21,
,under_review,SNDS,ABBVIE CORPORATION,Immunosuppressants,2025-12-01,,,306.6,268.1,297.8,409.5,0.9763,2026-09-25,2026-08-26,2027-01-15,
,under_review,SNDS,ABBVIE CORPORATION,Antivirals for systemic use,2026-01-01,,,302.9,270.8,299.5,352.4,0.9784,2026-10-27,2026-09-29,2026-12-19,
,under_review,SNDS,"ARCUTIS CANADA, INC.",Antipsoriatics,2025-10-01,,,320.2,260.0,299.1,420.8,0.9655,2026-07-27,2026-06-18,2026-11-26,
,under_review,SNDS,"ARCUTIS CANADA, INC.",Antipsoriatics,2026-02-01,,,310.6,259.7,300.9,425.8,0.9667,2026-11-29,2026-10-19,2027-04-03,
,under_review,SNDS,GILEAD SCIENCES CANADA INC,Antineoplastic agents,2026-01-01,,,304.2,259.5,298.9,392.1,0.9692,2026-10-27,2026-09-18,2027-01-28,
,under_review,SNDS,GILEAD SCIENCES CANADA INC,Antineoplastic agents,2026-01-01,,,304.2,259.5,298.9,392.1,0.9692,2026-10-27,2026-09-18,2027-01-28,
,under_review,SNDS,NOVO NORDISK CANADA INC,Drugs used in diabetes,2026-01-01,,,303.2,271.1,299.5,354.9,0.9738,2026-10-27,2026-09-29,2026-12-22,
,under_review,SNDS,"RHYTHM PHARMACEUTICALS, INC","Antiobesity preparations, excluding diet products",2026-03-09,,,210.0,176.0,193.0,408.1,0.9833,2026-09-18,2026-09-01,2027-04-21,
,under_review,SNDS,NOVO NORDISK CANADA INC,Pituitary and hypothalamic hormones and analogues,2026-06-01,,,296.8,267.7,299.7,372.1,0.9734,2027-03-28,2027-02-24,2027-06-08,
,under_review,SNDS,PFIZER CANADA ULC,Antineoplastic agents,2026-07-01,,,298.2,257.1,298.9,338.8,0.9804,2027-04-26,2027-03-15,2027-06-05,
,under_review,SNDS,JANSSEN INC,Antineoplastic agents,2026-05-01,,,302.9,257.1,299.0,342.4,0.9733,2027-02-24,2027-01-13,2027-04-08,
,under_review,SNDS,ORGANON CANADA INC.,Antipsoriatics,2025-10-01,,,320.2,260.0,299.1,420.8,0.9655,2026-07-27,2026-06-18,2026-11-26,
,under_review,SNDS,JANSSEN INC,Antineoplastic agents,2026-04-01,,,300.0,257.1,298.9,330.0,0.9748,2027-01-25,2026-12-14,2027-02-25,
,under_review,SNDS,ELI LILLY CANADA INC,Drugs used in diabetes,2025-12-01,,,304.4,272.6,297.7,357.3,0.9595,2026-09-25,2026-08-31,2026-11-23,
,under_review,SNDS,ELI LILLY CANADA INC,Drugs used in diabetes,2026-02-01,,,304.3,270.8,299.5,345.9,0.9535,2026-11-28,2026-10-30,2027-01-13,
,under_review,SNDS,ASTRAZENECA CANADA INC,Antineoplastic agents,2026-02-01,,,305.4,259.6,299.1,379.1,0.9755,2026-11-27,2026-10-19,2027-02-15,
,under_review,SNDS,ASTRAZENECA CANADA INC,Antineoplastic agents,2026-03-10,,,304.0,259.6,299.1,371.1,0.9753,2027-01-03,2026-11-25,2027-03-16,
,under_review,SNDS,ASTRAZENECA CANADA INC,Antineoplastic agents,2026-03-11,,,186.8,176.6,180.0,233.2,0.9864,2026-09-07,2026-09-04,2026-10-30,
,under_review,SNDS,PFIZER CANADA ULC,Antineoplastic agents,2026-06-01,,,298.5,257.1,298.9,339.4,0.9693,2027-03-27,2027-02-13,2027-05-06,
,under_review,SNDS,ABBVIE CORPORATION,Immunosuppressants,2026-02-01,,,311.3,267.3,299.7,391.0,0.9749,2026-11-28,2026-10-26,2027-02-27,
,under_review,SNDS,ABBVIE CORPORATION,Immunosuppressants,2026-06-01,,,304.0,264.8,299.5,347.9,0.9681,2027-03-27,2027-02-21,2027-05-15,
,under_review,SNDS,ABBVIE CORPORATION,Immunosuppressants,2026-07-01,,,303.8,264.8,299.5,347.3,0.9796,2027-04-26,2027-03-23,2027-06-13,
,under_review,SNDS,JANSSEN INC,Immunosuppressants,2026-02-01,,,304.6,265.1,299.7,342.5,0.9743,2026-11-28,2026-10-24,2027-01-10,
,under_review,SNDS,ACCORD HEALTHCARE INC,Immunosuppressants,2026-05-01,,,287.5,264.7,363.6,407.4,0.9491,2027-04-30,2027-01-21,2027-06-12,
,under_review,SNDS,ABBVIE CORPORATION,Antineoplastic agents,2026-06-01,,,299.5,257.1,298.8,340.6,0.9686,2027-03-27,2027-02-13,2027-05-08,
,under_review,SNDS,JAZZ PHARMACEUTICALS IRELAND LIMITED,Antineoplastic agents,2026-05-01,,,306.5,253.6,299.0,365.7,0.9479,2027-02-24,2027-01-10,2027-05-02,
