control_number,medicinal_ingredients,company_name,therapeutic_area,submission_type,is_supplemental,date_accepted,extraordinary_use,new_active_substance,biosimilar,priority_review,noc_c,third_party_data,hta_aligned,covid19,project_orbis_a,project_orbis_b,project_orbis_c,access_consortium,outcome,date_concluded,accept_year,accept_month,accept_quarter,n_ingredients,review_days,approved
234673,5-aminolevulinic acid,MEDEXUS INC,Antineoplastic agents,NDS,0,2020-03-13,0,0,0,1,0,0,0,0,0,0,0,0,Issued Notice of Compliance,2020-09-09,2020,3,1,1,180,1
259301,Abaloparatide,ENDO VENTURES LTD,Calcium homeostasis,NDS,0,2022-03-01,0,1,0,0,0,0,1,0,0,0,0,0,Cancelled by sponsor,2023-01-11,2022,3,1,1,316,0
215268,Abemaciclib,ELI LILLY CANADA INC,Antineoplastic agents,NDS,0,2018-06-12,0,1,0,0,0,0,1,0,0,0,0,1,Issued Notice of Compliance,2019-04-08,2018,6,2,1,300,1
265223,"Abiraterone acetate, niraparib",JANSSEN INC,Endocrine therapy,NDS,0,2022-08-05,0,0,0,0,0,0,0,0,0,0,0,0,Issued Notice of Compliance under the NOC/c Guidance,2023-06-12,2022,8,3,2,311,1
245854,Abrocitinib,PFIZER CANADA ULC,Other dermatological preparations,NDS,0,2020-12-18,0,1,0,0,0,0,1,0,0,0,0,0,Issued Notice of Compliance,2022-06-29,2020,12,4,1,558,1
214504,Acalabrutinib,ASTRAZENECA CANADA INC,Antineoplastic agents,NDS,0,2018-04-27,0,1,0,0,1,0,1,0,0,0,0,0,Issued Notice of Compliance,2019-08-23,2018,4,2,1,483,1
259246,Acalabrutinib,ASTRAZENECA CANADA INC,Antineoplastic agents,NDS,0,2022-05-04,0,0,0,0,0,0,1,0,0,0,0,0,Issued Notice of Compliance,2023-02-27,2022,5,2,1,299,1
209478,Acetaminophen,AVIR PHARMA INC,Analgesics,NDS,0,2018-02-02,0,0,0,0,0,1,0,0,0,0,0,0,Issued Notice of Compliance,2018-11-29,2018,2,1,1,300,1
244695,Acetaminophen,B. BRAUN MELSUNGEN AG,Analgesics,NDS,0,2021-04-30,0,0,0,0,0,1,0,0,0,0,0,0,Issued Notice of Compliance,2023-02-24,2021,4,2,1,665,1
260262,"Acetaminophen, ibuprofen sodium dihydrate",BIOSYENT PHARMA INC,Analgesics,NDS,0,2022-06-03,0,0,0,0,0,0,0,0,0,0,0,0,Issued Notice of Compliance,2024-02-02,2022,6,2,2,609,1
234460,"Acetylsalicylic acid, atorvastatin calcium, ramipril",FERRER INTERNACIONAL SA,Cardiac therapy,NDS,0,2020-02-19,0,0,0,0,0,1,0,0,0,0,0,0,Cancelled by sponsor,2021-03-08,2020,2,1,3,383,0
246758,Ad26.COV2.s (recombinant) *For use in relation to COVID-19,JANSSEN INC,Vaccines,NDS,0,2020-11-30,0,0,0,0,0,0,1,1,0,0,0,0,Authorized under Interim Order,2021-03-05,2020,11,4,1,95,1
253702,Ad26.COV2.s (recombinant) *For use in relation to COVID-19,JANSSEN INC,Vaccines,NDS,0,2021-07-26,0,1,0,0,0,0,0,1,0,0,0,0,Issued Notice of Compliance,2021-11-23,2021,7,3,1,120,1
203250,Adalimumab,"SAMSUNG BIOEPIS CO., LTD",Immunosuppressants,NDS,0,2017-04-24,0,0,1,0,0,0,0,0,0,0,0,0,Issued Notice of Compliance,2018-05-08,2017,4,2,1,379,1
203292,Adalimumab,"SAMSUNG BIOEPIS CO., LTD",Immunosuppressants,NDS,0,2017-04-24,0,0,1,0,0,0,0,0,0,0,0,0,Issued Notice of Compliance,2018-05-08,2017,4,2,1,379,1
230637,Adalimumab,FRESENIUS KABI CANADA LTD,Immunosuppressants,NDS,0,2019-10-04,0,0,1,0,0,0,1,0,0,0,0,0,Issued Notice of Compliance,2020-10-30,2019,10,4,1,392,1
217314,Adalimumab,SANDOZ CANADA INCORPORATED,Immunosuppressants,NDS,0,2018-11-16,0,0,1,0,0,0,0,0,0,0,0,0,Issued Notice of Compliance,2020-11-04,2018,11,4,1,719,1
229124,Adalimumab,BGP PHARMA ULC,Immunosuppressants,NDS,0,2019-09-26,0,0,1,0,0,0,0,0,0,0,0,0,Issued Notice of Compliance,2020-11-25,2019,9,3,1,426,1
235685,Adalimumab,PFIZER CANADA ULC,Immunosuppressants,NDS,0,2020-03-20,0,0,1,0,0,0,0,0,0,0,0,0,Issued Notice of Compliance,2021-01-14,2020,3,1,1,300,1
247265,Adalimumab,CELLTRION HEALTHCARE CO LTD,Immunosuppressants,NDS,0,2021-03-04,0,0,1,0,0,0,0,0,0,0,0,0,Issued Notice of Compliance,2021-12-24,2021,3,1,1,295,1
244990,Adalimumab,JAMP PHARMA CORPORATION,Immunosuppressants,NDS,0,2021-02-26,0,0,1,0,0,0,0,0,0,0,0,0,Issued Notice of Compliance,2022-01-05,2021,2,1,1,313,1
271199,"Adapalene, benzoyl peroxide, clindamycin phosphate","BAUSCH HEALTH, CANADA INC.",Anti-acne preparations,NDS,0,2023-10-20,0,0,0,0,0,0,1,0,0,0,0,0,Issued Notice of Compliance,2024-08-14,2023,10,4,3,299,1
251005,Aducanumab,BIOGEN CANADA INC,Other nervous system drugs,NDS,0,2021-06-02,0,1,0,0,0,0,0,0,0,0,0,1,Cancelled by sponsor,2022-05-27,2021,6,2,1,359,0
290853,Afamelanotide acetate,"CLINUVEL, INC.",Emollients and protectives,NDS,0,2024-12-18,0,1,0,0,0,0,0,0,0,0,0,0,Issued Notice of Compliance,2026-07-09,2024,12,4,1,568,1
282152,Aflibercept,APOTEX INC,Ophthalmologicals,NDS,0,2024-02-09,0,0,1,0,0,0,1,0,0,0,0,0,Issued Notice of Compliance,2025-06-26,2024,2,1,1,503,1
259183,Aflibercept,BIOSIMILAR COLLABORATIONS IRELAND LIMITED,Ophthalmologicals,NDS,0,2022-05-09,0,0,1,0,0,0,1,0,0,0,0,0,Issued Notice of Compliance,2025-06-26,2022,5,2,1,1144,1
276955,Aflibercept,AMGEN CANADA INC,Ophthalmologicals,NDS,0,2023-10-13,0,0,1,0,0,0,1,0,0,0,0,0,Issued Notice of Compliance,2025-07-08,2023,10,4,1,634,1
286134,Aflibercept,"SAMSUNG BIOEPIS CO., LTD",Ophthalmologicals,NDS,0,2024-07-17,0,0,1,0,0,0,0,0,0,0,0,0,Issued Notice of Compliance,2025-10-09,2024,7,3,1,449,1
290401,Aflibercept,SANDOZ CANADA INCORPORATED,Ophthalmologicals,NDS,0,2025-01-02,0,0,1,0,0,0,0,0,0,0,0,0,Issued Notice of Compliance,2025-10-30,2025,1,1,1,301,1
292152,Aflibercept,VALORUM BIOLOGICS LLC,Ophthalmologicals,NDS,0,2025-01-23,0,0,1,0,0,0,0,0,0,0,0,0,Issued Notice of Compliance,2025-11-19,2025,1,1,1,300,1
274179,Aflibercept,CELLTRION INC,Ophthalmologicals,NDS,0,2023-09-15,0,0,1,0,0,0,1,0,0,0,0,0,Issued Notice of Compliance,2025-11-24,2023,9,3,1,801,1
189442,Alectinib,HOFFMANN-LA ROCHE LIMITED,Antineoplastic agents,NDS,0,2016-02-11,0,1,0,0,1,0,0,0,0,0,0,0,Issued Notice of Compliance under the NOC/c Guidance,2016-09-29,2016,2,1,1,231,1
246730,Alfa 1-proteinase inhibitor (human),TAKEDA CANADA INC,Antihemorrhagics,NDS,0,2021-01-11,0,0,0,0,0,0,0,0,0,0,0,0,Issued Notice of Compliance,2021-11-12,2021,1,1,1,305,1
183116,Alirocumab,SANOFI-AVENTIS CANADA INC,Lipid modifying agents,NDS,0,2015-06-16,0,1,0,0,0,0,0,0,0,0,0,0,Issued Notice of Compliance,2016-04-11,2015,6,2,1,300,1
226941,Alpelisib,NOVARTIS PHARMACEUTICALS CANADA INC,Antineoplastic agents,NDS,0,2019-05-17,0,1,0,0,0,0,0,0,0,0,0,0,Issued Notice of Compliance,2020-03-11,2019,5,2,1,299,1
273683,Alpha1-proteinase inhibitor (human),GRIFOLS THERAPEUTICS LLC,Antihemorrhagics,NDS,0,2023-05-15,0,0,0,0,0,0,0,0,0,0,0,0,Issued Notice of Compliance,2023-11-10,2023,5,2,1,179,1
189825,Alvimopan,MERCK CANADA INC,Drugs for constipation,NDS,0,2016-03-16,0,1,0,0,0,0,0,0,0,0,0,0,Cancelled by sponsor,2017-03-29,2016,3,1,1,378,0
234655,Amifampridine,MEDUNIK CANADA,Other nervous system drugs,NDS,0,2020-02-21,0,1,0,1,0,0,0,0,0,0,0,0,Issued Notice of Compliance,2023-01-10,2020,2,1,1,1054,1
232685,Amifampridine phosphate,KYE PHARMACEUTICALS INC,Other nervous system drugs,NDS,0,2020-02-07,0,1,0,1,0,0,0,0,0,0,0,0,Issued Notice of Compliance,2020-07-31,2020,2,1,1,175,1
235705,Amisulpride,KYE PHARMACEUTICALS INC,Psycholeptics,NDS,0,2020-03-20,0,1,0,0,0,1,0,0,0,0,0,0,Cancelled by sponsor,2021-01-21,2020,3,1,1,307,0
254440,Amivantamab,JANSSEN INC,Antineoplastic agents,NDS,0,2021-07-30,0,1,0,0,1,0,0,0,0,0,1,0,Issued Notice of Compliance under the NOC/c Guidance,2022-03-30,2021,7,3,1,243,1
211854,Amlodipine besylate,PENDOPHARM DIVISION OF PHARMASCIENCE INC,Calcium channel blockers,NDS,0,2018-07-17,0,0,0,0,0,0,0,0,0,0,0,0,Issued Notice of Compliance,2019-01-11,2018,7,3,1,178,1
221964,"Amoxicillin sodium, clavulanic acid",SANDOZ CANADA INCORPORATED,Antibacterials for systemic use,NDS,0,2019-04-04,0,0,0,0,0,1,0,0,0,0,0,0,Issued Notice of Compliance,2020-01-28,2019,4,2,2,299,1
279991,"Amphetamine aspartate monohydrate, amphetamine sulfate, dextroamphetamine sulfate, mixed salts amphetamine",KYE PHARMACEUTICALS INC,Psychoanaleptics,NDS,0,2024-04-05,0,0,0,0,0,0,0,0,0,0,0,0,Issued Notice of Compliance,2025-07-28,2024,4,2,4,479,1
266464,Andexanet alfa,ASTRAZENECA CANADA INC,All other therapeutic products,NDS,0,2022-10-26,0,1,0,0,1,0,1,0,0,0,0,0,Issued Notice of Compliance under the NOC/c Guidance,2023-06-16,2022,10,4,1,233,1
275936,Andusomeran *For use in relation to COVID-19,MODERNA BIOPHARMA CANADA CORPORATION,Vaccines,NDS,0,2023-06-30,0,1,0,0,0,0,0,1,0,0,0,0,Issued Notice of Compliance,2023-09-12,2023,6,2,1,74,1
246187,Anifrolumab,ASTRAZENECA CANADA INC,Immunosuppressants,NDS,0,2020-12-23,0,1,0,0,0,0,0,0,0,0,0,0,Issued Notice of Compliance,2021-11-30,2020,12,4,1,342,1
212387,Anthrax antigen filtrate,EMERGENT BIODEFENSE OPERATIONS LANSING LLC,Vaccines,NDS,0,2018-02-16,1,1,0,0,0,0,0,0,0,0,0,0,Issued Notice of Compliance,2018-12-13,2018,2,1,1,300,1
200446,Anthrax immunoglobulin (human),EMERGENT BIODEFENSE OPERATIONS LANSING LLC,Immune sera and immunoglobulins,NDS,0,2017-01-12,1,1,0,0,0,0,0,0,0,0,0,0,Issued Notice of Compliance,2017-11-06,2017,1,1,1,298,1
194071,"Antihemophilic factor (human), von Willebrand factor (human)",GRIFOLS BIOLOGICALS LLC,Antihemorrhagics,NDS,0,2016-06-27,0,0,0,0,0,0,0,0,0,0,0,0,Issued Notice of Compliance,2018-05-11,2016,6,2,2,683,1
189709,"Antihemophilic factor (recombinant), pegylated",BAXALTA CANADA CORPORATION,Antihemorrhagics,NDS,0,2016-01-22,0,1,0,0,0,0,0,0,0,0,0,0,Issued Notice of Compliance,2016-11-17,2016,1,1,2,300,1
210935,"Antihemophilic factor (recombinant, B-domain deleted, pegylated)",BAYER INC,Antihemorrhagics,NDS,0,2017-12-22,0,1,0,0,0,0,0,0,0,0,0,0,Issued Notice of Compliance,2018-10-18,2017,12,4,3,300,1
218531,"Antihemophilic factor VIII (recombinant, B-domain truncated), pegylated",NOVO NORDISK CANADA INC,Antihemorrhagics,NDS,0,2018-09-07,0,1,0,0,0,0,1,0,0,0,0,0,Issued Notice of Compliance,2019-07-04,2018,9,3,3,300,1
211942,Apalutamide,JANSSEN INC,Endocrine therapy,NDS,0,2018-01-05,0,1,0,1,0,0,0,0,0,0,0,1,Issued Notice of Compliance,2018-07-03,2018,1,1,1,179,1
217320,Apomorphine hydrochloride,SUNOVION PHARMACEUTICALS CANADA INC,Anti-parkinson drugs,NDS,0,2018-08-23,0,0,0,0,0,0,0,0,0,0,0,0,Issued Notice of Compliance,2020-06-12,2018,8,3,1,659,1
290073,Aprocitentan,IDORSIA PHARMACEUTICALS LTD,Antihypertensives,NDS,0,2025-01-28,0,1,0,0,0,0,0,0,0,0,0,0,Issued Notice of Compliance,2025-12-23,2025,1,1,1,329,1
247924,Aprotinin,NORDIC GROUP B.V.,Antihemorrhagics,NDS,0,2021-02-19,0,0,0,0,0,0,0,0,0,0,0,0,Cancelled by sponsor,2022-02-01,2021,2,1,1,347,0
286599,Aripiprazole,ORIMED PHARMA INC,Psycholeptics,NDS,0,2024-07-25,0,0,0,0,0,0,0,0,0,0,0,0,Issued Notice of Compliance,2025-01-15,2024,7,3,1,174,1
286681,Aripiprazole,ODAN LABORATORIES LTD,Psycholeptics,NDS,0,2024-09-09,0,0,0,0,0,1,0,0,0,0,0,0,Issued Notice of Compliance,2026-03-18,2024,9,3,1,555,1
285622,Artesunate,AMIVAS IRELAND LTD.,Antiprotozoals,NDS,0,2024-09-06,0,1,0,1,0,0,0,0,0,0,0,0,Issued Notice of Compliance,2025-07-04,2024,9,3,1,301,1
255700,Asciminib hydrochloride,NOVARTIS PHARMACEUTICALS CANADA INC,Antineoplastic agents,NDS,0,2021-08-27,0,1,0,0,0,0,1,0,0,0,0,1,Issued Notice of Compliance,2022-06-23,2021,8,3,1,300,1
273065,"Ascorbic acid, polyethylene glycol 3350, potassium chloride, sodium chloride, sodium sulfate","BAUSCH HEALTH, CANADA INC.",Drugs for constipation,NDS,0,2023-07-24,0,0,0,0,0,0,0,0,0,0,0,0,Issued Notice of Compliance,2024-08-16,2023,7,3,5,389,1
186992,Ataluren,PTC THERAPEUTICS INTERNATIONAL LIMITED,All other therapeutic products,NDS,0,2015-09-15,0,1,0,0,1,0,0,0,0,0,0,0,Cancelled by sponsor,2016-03-17,2015,9,3,1,184,0
217349,Ataluren,PTC THERAPEUTICS INTERNATIONAL LIMITED,Other drugs for disorders of the musculo-skeletal system,NDS,0,2018-09-13,0,1,0,0,1,0,0,0,0,0,0,0,Cancelled by sponsor,2019-10-08,2018,9,3,1,390,0
196843,Atezolizumab,HOFFMANN-LA ROCHE LIMITED,Antineoplastic agents,NDS,0,2016-08-19,0,1,0,0,1,0,0,0,0,0,0,0,Issued Notice of Compliance under the NOC/c Guidance,2017-04-12,2016,8,3,1,236,1
253186,Atogepant,ABBVIE CORPORATION,Analgesics,NDS,0,2021-07-15,0,1,0,0,0,0,1,0,0,0,0,0,Issued Notice of Compliance,2022-12-22,2021,7,3,1,525,1
296219,Atrasentan hydrochloride,NOVARTIS PHARMACEUTICALS CANADA INC,Agents acting on the renin-angiotensin system,NDS,0,2025-07-17,0,1,0,0,0,0,0,0,0,0,0,0,Issued Notice of Compliance,2026-07-02,2025,7,3,1,350,1
262121,Atropine sulfate,PHARMA STULLN INC.,Ophthalmologicals,NDS,0,2023-04-06,0,0,0,0,0,1,0,0,0,0,0,0,Cancelled by sponsor,2024-07-15,2023,4,2,1,466,0
248255,Avacopan,VIFOR FRESENIUS MEDICAL CARE RENAL PHARMA LTD,Immunosuppressants,NDS,0,2021-05-24,0,1,0,0,0,0,0,0,0,0,0,1,Issued Notice of Compliance,2022-04-14,2021,5,2,1,325,1
245680,Avalglucosidase alfa,SANOFI-AVENTIS CANADA INC,Other alimentary tract and metabolism products,NDS,0,2020-11-30,0,1,0,0,0,0,0,0,0,0,0,1,Issued Notice of Compliance,2021-11-12,2020,11,4,1,347,1
220887,Avanafil,ACERUS PHARMACEUTICALS CORPORATION,Urologicals,NDS,0,2019-06-25,0,1,0,0,0,0,0,0,0,0,0,0,Issued Notice of Deficiency - Withdrawal,2021-10-05,2019,6,2,1,833,0
278913,Avapritinib,BLUEPRINT MEDICINES CORPORATION,Antineoplastic agents,NDS,0,2023-11-23,0,1,0,0,0,0,0,0,0,0,0,0,Issued Notice of Compliance,2024-09-18,2023,11,4,1,300,1
251688,Avatrombopag maleate,SWEDISH ORPHAN BIOVITRUM AB (PUBL),Antihemorrhagics,NDS,0,2021-06-11,0,1,0,0,0,0,1,0,0,0,0,0,Issued Notice of Compliance,2023-11-03,2021,6,2,1,875,1
204052,Avelumab,EMD SERONO A DIVISION OF EMD INC CANADA,Antineoplastic agents,NDS,0,2017-04-21,0,1,0,0,1,0,0,0,0,0,0,0,Issued Notice of Compliance under the NOC/c Guidance,2017-12-18,2017,4,2,1,241,1
208742,Avelumab,EMD SERONO A DIVISION OF EMD INC CANADA,Antineoplastic agents,NDS,0,2017-09-19,0,0,0,0,1,0,0,0,0,0,0,0,Issued Notice of Compliance under the NOC/c Guidance,2018-05-04,2017,9,3,1,227,1
218389,Axicabtagene ciloleucel,GILEAD SCIENCES CANADA INC,Antineoplastic agents,NDS,0,2018-08-17,0,1,0,1,0,0,1,0,0,0,0,0,Issued Notice of Compliance,2019-02-13,2018,8,3,1,180,1
240668,Azacitidine,CELGENE INC,Antineoplastic agents,NDS,0,2020-07-13,0,0,0,1,0,0,0,0,0,0,1,0,Issued Notice of Compliance,2021-01-05,2020,7,3,1,176,1
221579,Bacillus Calmette-Guerin BCG - Strain Russian BCG-I,VERITY PHARMACEUTICALS INC,Immunostimulants,NDS,0,2018-12-27,0,0,0,0,1,0,0,0,0,0,0,0,Issued Notice of Compliance under the NOC/c Guidance,2020-12-24,2018,12,4,1,728,1
227361,Baloxavir marboxil,HOFFMANN-LA ROCHE LIMITED,Antivirals for systemic use,NDS,0,2019-05-31,0,1,0,0,0,0,0,0,0,0,0,1,Issued Notice of Compliance,2020-02-19,2019,5,2,1,264,1
193687,Bamlanivimab *For use in relation to COVID-19,ELI LILLY CANADA INC,Antiinflammatory and antirheumatic products,NDS,0,2016-05-17,0,1,0,0,0,0,0,0,0,0,0,0,Issued Notice of Compliance,2018-08-17,2016,5,2,1,822,1
244947,Bamlanivimab *For use in relation to COVID-19,ELI LILLY CANADA INC,Immune sera and immunoglobulins,NDS,0,2020-10-12,0,0,0,0,0,0,1,1,0,0,0,0,Authorized under Interim Order,2020-11-20,2020,10,4,1,39,1
253646,Bamlanivimab *For use in relation to COVID-19,ELI LILLY CANADA INC,Immune sera and immunoglobulins,NDS,0,2021-07-23,0,1,0,0,0,0,1,1,0,0,0,0,Cancelled by sponsor,2023-02-20,2021,7,3,1,577,0
271063,"Beclomethasone dipropionate, formoterol fumarate dihydrate, glycopyrronium bromide",CHIESI FARMACEUTICI S.P.A.,Drugs for obstructive airway diseases,NDS,0,2023-05-12,0,0,0,0,0,0,1,0,0,0,0,0,Issued Notice of Compliance,2025-05-16,2023,5,2,3,735,1
288908,Belantamab mafodotin,GLAXOSMITHKLINE INC,Antineoplastic agents,NDS,0,2024-09-24,0,1,0,0,0,0,1,0,0,0,0,0,Issued Notice of Compliance,2025-07-18,2024,9,3,1,297,1
289008,Belantamab mafodotin,GLAXOSMITHKLINE INC,Antineoplastic agents,NDS,0,2024-09-24,0,0,0,0,0,0,1,0,0,0,0,0,Issued Notice of Compliance,2025-07-21,2024,9,3,1,300,1
208886,Belinostat,SERVIER CANADA INC,Antineoplastic agents,NDS,0,2017-12-21,0,1,0,0,0,0,0,0,0,0,0,0,Cancelled by sponsor,2019-11-18,2017,12,4,1,697,0
245791,Belumosudil mesylate,KADMON PHARMACEUTICALS LLC,Immunosuppressants,NDS,0,2021-01-05,0,1,0,1,0,0,0,0,1,0,0,0,Issued Notice of Compliance,2022-03-16,2021,1,1,1,435,1
254495,Belzutifan,MERCK CANADA INC,Antineoplastic agents,NDS,0,2021-09-01,0,1,0,0,0,0,0,0,0,1,0,0,Issued Notice of Compliance,2022-07-11,2021,9,3,1,313,1
291745,Bempedoic acid,HLS THERAPEUTICS INC,Lipid modifying agents,NDS,0,2025-01-20,0,1,0,0,0,0,0,0,0,0,0,0,Issued Notice of Compliance,2025-11-14,2025,1,1,1,298,1
248962,Bendamustine hydrochloride,PFIZER CANADA ULC,Antineoplastic agents,NDS,0,2021-03-26,0,0,0,0,0,0,0,0,0,0,0,0,Issued Notice of Compliance,2022-01-14,2021,3,1,1,294,1
249957,Bendamustine hydrochloride,DR REDDYS LABORATORIES LTD,Antineoplastic agents,NDS,0,2021-07-09,0,0,0,0,0,0,0,0,0,0,0,0,Issued Notice of Compliance,2022-05-04,2021,7,3,1,299,1
204008,Benralizumab,ASTRAZENECA CANADA INC,Immunosuppressants,NDS,0,2017-04-28,0,1,0,0,0,0,0,0,0,0,0,0,Issued Notice of Compliance,2018-02-22,2017,4,2,1,300,1
286948,Benzoyl peroxide,SEARCHLIGHT PHARMA INC,Anti-acne preparations,NDS,0,2024-09-12,0,0,0,0,0,0,0,0,0,0,0,0,Issued Notice of Compliance,2025-08-27,2024,9,3,1,349,1
293525,"Benzoyl peroxide, tretinoin",SEARCHLIGHT PHARMA INC,Anti-acne preparations,NDS,0,2025-02-07,0,0,0,0,0,0,0,0,0,0,0,0,Issued Notice of Compliance,2025-12-04,2025,2,1,2,300,1
179294,Bepotastine besilate,BAUSCH & LOMB INC,Ophthalmologicals,NDS,0,2015-10-07,0,1,0,0,0,0,0,0,0,0,0,0,Issued Notice of Compliance,2016-07-27,2015,10,4,1,294,1
252301,Berotralstat hydrochloride,BIOCRYST PHARMACEUTICALS INC,Other hematological agents,NDS,0,2021-08-09,0,1,0,0,0,0,1,0,0,0,0,0,Issued Notice of Compliance,2022-06-02,2021,8,3,1,297,1
292802,"Betamethasone dipropionate, calcipotriol",KNIGHT THERAPEUTICS INC.,Antipsoriatics,NDS,0,2025-01-20,0,0,0,0,0,0,0,0,0,0,0,0,Issued Notice of Compliance,2025-11-21,2025,1,1,2,305,1
203765,"Betamethasone valerate, fusidic acid",LEO PHARMA INC,"Corticosteroids, dermatological preparations",NDS,0,2017-06-16,0,0,0,0,0,1,0,0,0,0,0,0,Issued Notice of Compliance,2018-04-12,2017,6,2,2,300,1
227270,Betula verrucosa extract,ALK- ABELLO A/S,Nasal preparations,NDS,0,2019-06-20,0,0,0,0,0,0,0,0,0,0,0,0,Issued Notice of Compliance,2020-04-15,2019,6,2,1,300,1
201427,Bevacizumab,AMGEN CANADA INC,Antineoplastic agents,NDS,0,2017-02-17,0,0,1,0,0,0,0,0,0,0,0,0,Issued Notice of Compliance,2018-04-30,2017,2,1,1,437,1
218183,Bevacizumab,PFIZER CANADA ULC,Antineoplastic agents,NDS,0,2018-08-17,0,0,1,0,0,0,0,0,0,0,0,0,Issued Notice of Compliance,2019-06-14,2018,8,3,1,301,1
217524,Bevacizumab,PFIZER CANADA ULC,Antineoplastic agents,NDS,0,2018-08-17,0,0,1,0,0,0,0,0,0,0,0,0,Issued Notice of Compliance,2021-01-05,2018,8,3,1,872,1
242395,Bevacizumab,CENTUS BIOTHERAPEUTICS LIMITED,Antineoplastic agents,NDS,0,2020-10-02,0,0,1,0,0,0,0,0,0,0,0,0,Cancelled by sponsor,2021-09-23,2020,10,4,1,356,0
244450,Bevacizumab,APOTEX INC,Antineoplastic agents,NDS,0,2020-11-19,0,0,1,0,0,0,1,0,0,0,0,0,Issued Notice of Compliance,2021-09-23,2020,11,4,1,308,1
237499,Bevacizumab,BGP PHARMA ULC,Antineoplastic agents,NDS,0,2020-07-23,0,0,1,0,0,0,0,0,0,0,0,0,Issued Notice of Compliance,2021-11-05,2020,7,3,1,470,1
247724,Bevacizumab,"SAMSUNG BIOEPIS CO., LTD",Antineoplastic agents,NDS,0,2021-02-03,0,0,1,0,0,0,0,0,0,0,0,0,Issued Notice of Compliance,2021-11-30,2021,2,1,1,300,1
247369,Bevacizumab,"SAMSUNG BIOEPIS CO., LTD",Antineoplastic agents,NDS,0,2021-02-03,0,0,1,0,0,0,0,0,0,0,0,0,Issued Notice of Compliance,2021-11-30,2021,2,1,1,300,1
258973,Bevacizumab,CELLTRION HEALTHCARE CO LTD,Antineoplastic agents,NDS,0,2022-03-09,0,0,1,0,0,0,0,0,0,0,0,0,Issued Notice of Compliance,2023-01-03,2022,3,1,1,300,1
295938,Bevacizumab,CURATEQ BIOLOGICS PRIVATE LIMITED,Antineoplastic agents,NDS,0,2025-06-27,0,0,1,0,0,0,1,0,0,0,0,0,Issued Notice of Compliance,2026-04-28,2025,6,2,1,305,1
203718,"Bictegravir sodium, emtricitabine, tenofovir alafenamide hemifumarate",GILEAD SCIENCES CANADA INC,Antivirals for systemic use,NDS,0,2017-09-14,0,1,0,0,0,0,0,0,0,0,0,0,Issued Notice of Compliance,2018-07-10,2017,9,3,3,299,1
184231,Bilastine,ARALEZ PHARMACEUTICALS TRADING DAC,Antihistamines for systemic use,NDS,0,2015-06-26,0,1,0,0,0,0,0,0,0,0,0,0,Issued Notice of Compliance,2016-04-21,2015,6,2,1,300,1
259843,Bimatoprost,AEQUUS PHARMACEUTICALS INC,Ophthalmologicals,NDS,0,2022-02-11,0,0,0,0,0,1,0,0,0,0,0,0,Issued Notice of Compliance,2022-12-14,2022,2,1,1,306,1
238499,Bimekizumab,UCB CANADA INC,Immunosuppressants,NDS,0,2021-04-13,0,1,0,0,0,0,1,0,0,0,0,0,Issued Notice of Compliance,2022-02-14,2021,4,2,1,307,1
237410,Binimetinib,PFIZER CANADA ULC,Antineoplastic agents,NDS,0,2020-05-07,0,1,0,0,0,0,1,0,0,0,0,0,Issued Notice of Compliance,2021-03-02,2020,5,2,1,299,1
203050,Bisoprolol fumarate,SANDOZ CANADA INCORPORATED,Beta blocking agents,NDS,0,2017-07-07,0,0,0,0,0,1,0,0,0,0,0,0,Issued Notice of Compliance,2019-11-18,2017,7,3,1,864,1
231842,Bisoprolol fumarate,JAMP PHARMA CORPORATION,Beta blocking agents,NDS,0,2020-05-19,0,0,0,0,0,0,0,0,0,0,0,0,Cancelled by sponsor,2020-09-16,2020,5,2,1,120,0
232423,Bivalirudin,AVIR PHARMA INC,Antithrombotic agents,NDS,0,2019-11-29,0,0,0,0,0,0,0,0,0,0,0,0,Issued Notice of Compliance,2020-09-24,2019,11,4,1,300,1
181723,Blinatumomab,AMGEN CANADA INC,Antineoplastic agents,NDS,0,2015-04-15,0,1,0,0,1,0,0,0,0,0,0,0,Issued Notice of Compliance under the NOC/c Guidance,2015-12-22,2015,4,2,1,251,1
273611,Bortezomib,DR REDDYS LABORATORIES LTD,Antineoplastic agents,NDS,0,2023-07-26,0,0,0,0,0,0,0,0,0,0,0,0,Issued Notice of Compliance,2024-07-19,2023,7,3,1,359,1
190645,"Botulinum antitoxin, serotypes A, B, C, D, E, F, G",CANGENE CORPORATION,Immune sera and immunoglobulins,NDS,0,2016-02-12,1,1,0,0,0,0,0,0,0,0,0,0,Issued Notice of Compliance,2016-12-08,2016,2,1,8,300,1
192684,Brexpiprazole,OTSUKA PHARMACEUTICAL CO LTD,Psycholeptics,NDS,0,2016-04-22,0,1,0,0,0,0,0,0,0,0,0,0,Issued Notice of Compliance,2017-02-16,2016,4,2,1,300,1
246355,Brexucabtagene autoleucel,GILEAD SCIENCES CANADA INC,Antineoplastic agents,NDS,0,2020-12-10,0,1,0,1,0,0,1,0,0,0,0,0,Issued Notice of Compliance,2021-06-08,2020,12,4,1,180,1
210369,Brigatinib,TAKEDA CANADA INC,Antineoplastic agents,NDS,0,2017-11-17,0,1,0,0,1,0,0,0,0,0,0,0,Issued Notice of Compliance under the NOC/c Guidance,2018-07-26,2017,11,4,1,251,1
232449,Brilliant blue G,DUTCH OPHTHALMIC RESEARCH CENTER INTERNATIONAL BV,Ophthalmologicals,NDS,0,2020-03-23,0,1,0,0,0,1,0,0,0,0,0,0,Issued Notice of Compliance,2021-01-15,2020,3,1,1,298,1
262030,Brincidofovir,EMERGENT BIODEFENSE OPERATIONS LANSING LLC,Antivirals for systemic use,NDS,0,2022-05-26,1,0,0,0,0,0,0,0,0,0,0,0,Issued Notice of Compliance,2023-12-11,2022,5,2,1,564,1
183355,Brivaracetam,UCB CANADA INC,Antiepileptics,NDS,0,2015-05-14,0,1,0,0,0,0,0,0,0,0,0,0,Issued Notice of Compliance,2016-03-09,2015,5,2,1,300,1
195317,Brodalumab,VALEANT CANADA LP VALEANT CANADA S.E.C.,Immunosuppressants,NDS,0,2016-07-15,0,1,0,0,0,0,0,0,0,0,0,0,Issued Notice of Compliance,2018-03-06,2016,7,3,1,599,1
226224,Brolucizumab,NOVARTIS PHARMACEUTICALS CANADA INC,Ophthalmologicals,NDS,0,2019-05-17,0,1,0,0,0,0,1,0,0,0,0,0,Issued Notice of Compliance,2020-03-12,2019,5,2,1,300,1
227232,Budesonide,AVIR PHARMA INC,"Antidiarrheals, intestinal anti-inflammatory/anti-infective agents ",NDS,0,2019-05-27,0,0,0,1,0,0,0,0,0,0,0,0,Issued Notice of Compliance,2019-11-06,2019,5,2,1,163,1
220876,Budesonide,"BAUSCH HEALTH, CANADA INC.","Antidiarrheals, intestinal anti-inflammatory/anti-infective agents ",NDS,0,2019-06-21,0,0,0,0,0,0,0,0,0,0,0,0,Issued Notice of Compliance,2020-04-15,2019,6,2,1,299,1
242357,"Budesonide, formoterol fumarate dihydrate, glycopyrronium bromide",ASTRAZENECA CANADA INC,Drugs for obstructive airway diseases,NDS,0,2020-09-18,0,0,0,0,0,0,1,0,0,0,0,0,Issued Notice of Compliance,2021-07-15,2020,9,3,3,300,1
293441,Bulevirtide acetate,GILEAD SCIENCES CANADA INC,Antivirals for systemic use,NDS,0,2025-02-11,0,1,0,1,0,0,1,0,0,0,0,0,Issued Notice of Compliance,2025-08-08,2025,2,1,1,178,1
231224,Bupivacaine,PACIRA LIMITED,Anesthetics,NDS,0,2019-12-18,0,0,0,0,0,0,0,0,0,0,0,0,Cancelled by sponsor,2021-08-05,2019,12,4,1,596,0
233561,"Bupivacaine, meloxicam","HERON THERAPEUTICS, INC.",Antiinflammatory and antirheumatic products,NDS,0,2020-01-10,0,0,0,0,0,0,0,0,0,0,0,0,Issued Notice of Compliance,2022-03-16,2020,1,1,2,796,1
215660,Buprenorphine,INDIVIOR UK LIMITED,Other nervous system drugs,NDS,0,2018-05-25,0,0,0,1,0,0,0,0,0,0,0,0,Issued Notice of Compliance,2018-11-21,2018,5,2,1,180,1
196428,Buprenorphine hydrochloride,PALADIN LABS INC,Other nervous system drugs,NDS,0,2016-08-25,0,0,0,0,0,0,0,0,0,0,0,0,Issued Notice of Compliance,2017-06-21,2016,8,3,1,300,1
204746,Buprenorphine hydrochloride,KNIGHT THERAPEUTICS INC.,Other nervous system drugs,NDS,0,2017-06-08,0,0,0,0,0,0,0,0,0,0,0,0,Issued Notice of Compliance,2018-04-18,2017,6,2,1,314,1
202774,"Bupropion hydrochloride, naltrexone hydrochloride",VALEANT CANADA LP VALEANT CANADA S.E.C.,"Antiobesity preparations, excluding diet products",NDS,0,2017-04-19,0,0,0,0,0,0,0,0,0,0,0,0,Issued Notice of Compliance,2018-02-13,2017,4,2,2,300,1
216239,Burosumab,KYOWA KIRIN LIMITED,Drugs for treatment of bone diseases,NDS,0,2018-06-08,0,1,0,1,0,0,0,0,0,0,0,0,Issued Notice of Compliance,2018-12-05,2018,6,2,1,180,1
198308,C1 esterase inhibitor (human),CSL BEHRING CANADA INC,Other hematological agents,NDS,0,2016-11-09,0,0,0,0,0,0,0,0,0,0,0,0,Issued Notice of Compliance,2017-09-01,2016,11,4,1,296,1
280033,"Cabotegravir, cabotegravir sodium",VIIV HEALTHCARE ULC,Antivirals for systemic use,NDS,0,2023-11-14,0,0,0,1,0,0,1,0,0,0,0,0,Issued Notice of Compliance,2024-05-10,2023,11,4,2,178,1
227315,"Cabotegravir, rilpivirine",VIIV HEALTHCARE ULC,Antivirals for systemic use,NDS,0,2019-05-24,0,1,0,0,0,0,1,0,0,0,0,0,Issued Notice of Compliance,2020-03-18,2019,5,2,2,299,1
206230,Cabozantinib,IPSEN BIOPHARMACEUTICALS CANADA INC,Antineoplastic agents,NDS,0,2017-07-26,0,1,0,1,0,0,0,0,0,0,0,0,Issued Notice of Compliance,2018-09-14,2017,7,3,1,415,1
225810,Caffeine citrate,CHIESI FARMACEUTICI S.P.A.,Psychoanaleptics,NDS,0,2019-05-09,0,0,0,0,0,1,0,0,0,0,0,0,Issued Notice of Compliance,2020-03-04,2019,5,2,1,300,1
268282,Calaspargase pegol,SERVIER CANADA INC,Antineoplastic agents,NDS,0,2022-11-17,0,1,0,0,0,0,0,0,0,0,0,0,Issued Notice of Compliance,2023-11-08,2022,11,4,1,356,1
205392,Calcifediol,VIFOR FRESENIUS MEDICAL CARE RENAL PHARMA LTD,Vitamins,NDS,0,2017-09-14,0,1,0,0,0,0,0,0,0,0,0,0,Issued Notice of Compliance,2018-07-10,2017,9,3,1,299,1
262870,"Calcium oxybate, magnesium oxybate, potassium oxybate, sodium oxybate",JAZZ PHARMACEUTICALS IRELAND LIMITED,Other nervous system drugs,NDS,0,2022-07-29,0,0,0,0,0,0,0,0,0,0,0,0,Issued Notice of Compliance,2023-05-25,2022,7,3,4,300,1
213303,Canakinumab,NOVARTIS PHARMACEUTICALS CANADA INC,Immunosuppressants,NDS,0,2018-06-14,0,0,0,0,0,0,0,0,0,0,0,0,Cancelled by sponsor,2018-12-11,2018,6,2,1,180,0
255032,Cangrelor tetrasodium,CHIESI FARMACEUTICI S.P.A.,Antithrombotic agents,NDS,0,2021-11-18,0,1,0,0,0,0,0,0,0,0,0,0,Issued Notice of Compliance,2023-01-20,2021,11,4,1,428,1
268559,Cannabidiol,GW RESEARCH LIMITED,Antiepileptics,NDS,0,2023-01-20,0,0,0,0,0,0,0,0,0,0,0,0,Issued Notice of Compliance,2023-11-15,2023,1,1,1,299,1
274859,Capivasertib,ASTRAZENECA CANADA INC,Antineoplastic agents,NDS,0,2023-06-05,0,1,0,0,0,0,0,0,1,0,0,0,Issued Notice of Compliance,2024-01-26,2023,6,2,1,235,1
230001,Caplacizumab,SANOFI-AVENTIS CANADA INC,Antithrombotic agents,NDS,0,2019-08-16,0,1,0,1,0,0,0,0,0,0,0,0,Issued Notice of Compliance,2020-02-28,2019,8,3,1,196,1
255972,Capmatinib dihydrochloride,NOVARTIS PHARMACEUTICALS CANADA INC,Antineoplastic agents,NDS,0,2021-09-16,0,1,0,0,1,0,1,0,0,0,1,0,Issued Notice of Compliance under the NOC/c Guidance,2022-05-26,2021,9,3,1,252,1
248574,Captopril,ETHYPHARM INC,Agents acting on the renin-angiotensin system,NDS,0,2021-04-19,0,0,0,0,0,1,0,0,0,0,0,0,Issued Notice of Compliance,2023-12-18,2021,4,2,1,973,1
257242,"Carbidopa, levodopa",AURO PHARMA INC,Anti-parkinson drugs,NDS,0,2022-04-14,0,0,0,0,0,0,0,0,0,0,0,0,Issued Notice of Compliance,2022-10-11,2022,4,2,2,180,1
184479,Carfilzomib,AMGEN CANADA INC,Antineoplastic agents,NDS,0,2015-07-20,0,1,0,1,0,0,0,0,0,0,0,0,Issued Notice of Compliance,2016-01-15,2015,7,3,1,179,1
249774,Cariprazine hydrochloride,ALLERGAN INC,Psycholeptics,NDS,0,2021-06-28,0,1,0,0,0,0,0,0,0,0,0,0,Issued Notice of Compliance,2022-04-22,2021,6,2,1,298,1
249830,"Casirivimab, imdevimab *For use in relation to COVID-19",HOFFMANN-LA ROCHE LIMITED,Immune sera and immunoglobulins,NDS,0,2021-02-24,0,0,0,0,0,0,1,1,0,0,0,0,Authorized under Interim Order,2021-06-09,2021,2,1,2,105,1
256264,"Casirivimab, imdevimab *For use in relation to COVID-19",HOFFMANN-LA ROCHE LIMITED,Immune sera and immunoglobulins,NDS,0,2021-09-02,0,1,0,0,0,0,1,1,0,0,0,0,Cancelled by sponsor,2024-06-21,2021,9,3,2,1023,0
234610,"Cedazuridine, decitabine",OTSUKA PHARMACEUTICAL CO LTD,Antineoplastic agents,NDS,0,2020-01-27,0,1,0,0,0,0,0,0,1,0,0,0,Issued Notice of Compliance,2020-07-07,2020,1,1,2,162,1
261973,Cefditoren pivoxil,ORIMED PHARMA INC,Antibacterials for systemic use,NDS,0,2022-07-28,0,1,0,0,0,0,0,0,0,0,0,0,Cancelled by sponsor,2024-03-11,2022,7,3,1,592,0
189720,Cefixime,AURO PHARMA INC,Antibacterials for systemic use,NDS,0,2016-05-13,0,0,0,0,0,0,0,0,0,0,0,0,Issued Notice of Compliance,2017-10-11,2016,5,2,1,516,1
280702,Celecoxib,SCILEX PHARMACEUTICALS INC.,Antiinflammatory and antirheumatic products,NDS,0,2024-02-12,0,0,0,0,0,0,1,0,0,0,0,0,Issued Notice of Compliance,2025-04-09,2024,2,1,1,422,1
218718,Cemiplimab,SANOFI-AVENTIS CANADA INC,Antineoplastic agents,NDS,0,2018-08-24,0,1,0,0,1,0,0,0,0,0,0,0,Issued Notice of Compliance under the NOC/c Guidance,2019-04-10,2018,8,3,1,229,1
218145,Cenegermin,DOMPÉ FARMACEUTICI S.P.A.,Ophthalmologicals,NDS,0,2018-08-14,0,1,0,1,0,0,0,0,0,0,0,0,Issued Notice of Compliance,2019-02-08,2018,8,3,1,178,1
261689,Cenobamate,ENDO VENTURES LTD,Antiepileptics,NDS,0,2022-07-29,0,1,0,0,0,0,1,0,0,0,0,0,Issued Notice of Compliance,2023-06-12,2022,7,3,1,318,1
216539,Cerliponase alfa,BIOMARIN INTERNATIONAL LIMITED,Other alimentary tract and metabolism products,NDS,0,2018-06-22,0,1,0,1,0,0,0,0,0,0,0,0,Issued Notice of Compliance,2018-12-19,2018,6,2,1,180,1
240337,Cevimeline hydrochloride,KYE PHARMACEUTICALS INC,Other nervous system drugs,NDS,0,2020-09-25,0,1,0,0,0,0,0,0,0,0,0,0,Issued Notice of Non-compliance - Withdrawal,2022-04-06,2020,9,3,1,558,0
244627,ChAdOx1-S (recombinant) *For use in relation to COVID-19,ASTRAZENECA CANADA INC,Vaccines,NDS,0,2020-10-01,0,0,0,0,0,0,0,1,0,0,0,0,Authorized under Interim Order,2021-02-26,2020,10,4,1,148,1
248651,ChAdOx1-S (recombinant) *For use in relation to COVID-19,VERITY PHARMACEUTICALS INC,Vaccines,NDS,0,2021-01-23,0,0,0,0,0,0,0,1,0,0,0,0,Authorized under Interim Order,2021-02-26,2021,1,1,1,34,1
253700,ChAdOx1-S (recombinant) *For use in relation to COVID-19,ASTRAZENECA CANADA INC,Vaccines,NDS,0,2021-06-14,0,1,0,0,0,0,0,1,0,0,0,0,Issued Notice of Compliance,2021-11-19,2021,6,2,1,158,1
275762,Chikungunya virus live-attenuated,VALNEVA AUSTRIA GMBH,Vaccines,NDS,0,2023-08-25,0,1,0,0,0,0,0,0,0,0,0,0,Issued Notice of Compliance,2024-06-20,2023,8,3,1,300,1
296487,Chikungunya virus virus-like particle (CHIKV VLP),BAVARIAN NORDIC AS,Vaccines,NDS,0,2025-07-21,0,1,0,0,0,0,0,0,0,0,0,0,Issued Notice of Compliance,2026-06-26,2025,7,3,1,340,1
238994,Chlormethine,RECORDATI RARE DISEASES CANADA INC,Antineoplastic agents,NDS,0,2020-08-13,0,0,0,0,0,0,0,0,0,0,0,0,Issued Notice of Compliance,2021-06-08,2020,8,3,1,299,1
270862,Chloroprocaine hydrochloride,B. BRAUN MELSUNGEN AG,Anesthetics,NDS,0,2023-05-05,0,0,0,0,0,0,0,0,0,0,0,0,Issued Notice of Compliance,2024-08-22,2023,5,2,1,475,1
291940,Chloroprocaine hydrochloride,APOTEX INC,Ophthalmologicals,NDS,0,2025-02-20,0,0,0,0,0,0,0,0,0,0,0,0,Issued Notice of Compliance,2026-05-14,2025,2,1,1,448,1
223801,"Chromic chloride, cupric chloride, ferric chloride, manganese chloride, potassium iodide, sodium fluoride, sodium molybdate, sodium selenite, zinc chloride",FRESENIUS KABI CANADA LTD,Blood substitutes and perfusion solutions,NDS,0,2019-06-07,0,0,0,0,0,1,0,0,0,0,0,0,Issued Notice of Compliance,2020-04-01,2019,6,2,9,299,1
200865,Cidofovir,MARCAN PHARMACEUTICALS INC,Antivirals for systemic use,NDS,0,2017-04-24,0,0,0,0,0,1,0,0,0,0,0,0,Issued Notice of Compliance,2018-03-14,2017,4,2,1,324,1
296713,"Cilastatin sodium, imipenem, relebactam",MERCK CANADA INC,Antibacterials for systemic use,NDS,0,2025-05-06,0,1,0,1,0,0,0,0,0,0,0,0,Issued Notice of Compliance,2026-01-30,2025,5,2,3,269,1
258295,"Cilgavimab, tixagevimab *For use in relation to COVID-19",ASTRAZENECA CANADA INC,Immune sera and immunoglobulins,NDS,0,2021-11-12,0,1,0,0,0,0,1,1,0,0,0,0,Issued Notice of Compliance,2022-04-14,2021,11,4,2,153,1
240368,Cilostazol,KYE PHARMACEUTICALS INC,Antithrombotic agents,NDS,0,2021-02-18,0,1,0,0,0,1,0,0,0,0,0,0,Cancelled by sponsor,2022-07-14,2021,2,1,1,511,0
262122,Ciltacabtagene autoleucel,JANSSEN INC,Antineoplastic agents,NDS,0,2022-04-01,0,1,0,0,1,0,0,0,0,0,0,0,Issued Notice of Compliance under the NOC/c Guidance,2023-02-09,2022,4,2,1,314,1
195151,"Cinnarizine, dimenhydrinate",XEDITON PHARMACEUTICALS INC,Other nervous system drugs,NDS,0,2016-09-16,0,1,0,0,0,0,0,0,0,0,0,0,Issued Notice of Non-compliance - Withdrawal,2018-11-20,2016,9,3,2,795,0
284815,Cipaglucosidase alfa,AMICUS THERAPEUTICS CANADA INC.,Other alimentary tract and metabolism products,NDS,0,2024-06-19,0,1,0,0,0,0,1,0,0,0,0,0,Issued Notice of Compliance,2025-04-14,2024,6,2,1,299,1
298071,Citalopram hydrobromide,MINT PHARMACEUTICALS INC,Psychoanaleptics,NDS,0,2025-08-29,0,0,0,0,0,0,0,0,0,0,0,0,Issued Notice of Compliance,2026-02-25,2025,8,3,1,180,1
200943,Cladribine,EMD SERONO A DIVISION OF EMD INC CANADA,Immunosuppressants,NDS,0,2017-02-03,0,0,0,0,0,0,0,0,0,0,0,0,Issued Notice of Compliance,2017-11-30,2017,2,1,1,300,1
265619,Clascoterone,SUN PHARMACEUTICAL INDUSTRIES LIMITED,Anti-acne preparations,NDS,0,2022-08-22,0,1,0,0,0,0,1,0,0,0,0,0,Issued Notice of Compliance,2023-06-15,2022,8,3,1,297,1
295182,Clesrovimab,MERCK CANADA INC,Immune sera and immunoglobulins,NDS,0,2025-04-07,0,1,0,0,0,0,0,0,0,0,0,1,Issued Notice of Compliance,2026-01-30,2025,4,2,1,298,1
293084,Clobetasol propionate,APOTEX INC,Ophthalmologicals,NDS,0,2025-03-14,0,0,0,0,0,0,0,0,0,0,0,0,Issued Notice of Compliance,2026-03-13,2025,3,1,1,364,1
193638,Clozapine,AA PHARMA INC,Psycholeptics,NDS,0,2016-05-13,0,0,0,0,0,0,0,0,0,0,0,0,Issued Notice of Compliance,2016-11-08,2016,5,2,1,179,1
201114,"Coagulation factor IX (recombinant), pegylated",NOVO NORDISK CANADA INC,Antihemorrhagics,NDS,0,2017-02-02,0,1,0,0,0,0,0,0,0,0,0,0,Issued Notice of Compliance,2017-11-29,2017,2,1,2,300,1
199705,"Cobicistat, darunavir ethanolate, emtricitabine, tenofovir alafenamide hemifumarate",JANSSEN INC,Antivirals for systemic use,NDS,0,2017-05-12,0,0,0,0,0,0,0,0,0,0,0,0,Issued Notice of Compliance,2018-03-08,2017,5,2,4,300,1
182788,Cobimetinib fumarate,HOFFMANN LA ROCHE LIMITED,Antineoplastic agents,NDS,0,2015-04-29,0,1,0,0,0,0,0,0,0,0,0,0,Issued Notice of Compliance,2016-02-22,2015,4,2,1,299,1
248423,Colchicine,PENDOPHARM DIVISION OF PHARMASCIENCE INC,Antigout preparations,NDS,0,2021-02-26,0,0,0,1,0,0,1,0,0,0,0,0,Issued Notice of Compliance,2021-08-23,2021,2,1,1,178,1
248711,Colchicine *For use in relation to COVID-19,PENDOPHARM DIVISION OF PHARMASCIENCE INC,Antigout preparations,NDS,0,2021-01-25,0,0,0,0,0,0,1,1,0,0,0,0,Cancelled by sponsor,2021-06-07,2021,1,1,1,133,0
267120,Concizumab,NOVO NORDISK CANADA INC,Antihemorrhagics,NDS,0,2022-09-13,0,1,0,1,0,0,0,0,0,0,0,1,Issued Notice of Compliance,2023-03-10,2022,9,3,1,178,1
267314,Concizumab,NOVO NORDISK CANADA INC,Antihemorrhagics,NDS,0,2022-09-29,0,0,0,0,0,0,0,0,0,0,0,1,Issued Notice of Compliance,2023-07-26,2022,9,3,1,300,1
255077,Copanlisib dihydrochloride,BAYER INC,Antineoplastic agents,NDS,0,2021-08-25,0,1,0,0,0,0,0,0,0,0,0,1,Cancelled by sponsor,2021-12-21,2021,8,3,1,118,0
246125,"Copper, manganese sulfate, selenious acid, sodium iodide, zinc sulfate",SANDOZ CANADA INCORPORATED,Blood substitutes and perfusion solutions,NDS,0,2021-03-05,0,0,0,0,0,1,0,0,0,0,0,0,Issued Notice of Compliance,2023-03-15,2021,3,1,5,740,1
253111,"Corynebacterium diphtheria CRM-197 protein, pneumococcal polysaccharide serotypes 1, 3, 4, 5, 6A, 6B, 7F, 8, 9V, 10A, 11A, 12F, 14, 15B, 18C, 19A, 19F, 22F, 23F, and 33F",PFIZER CANADA ULC,Vaccines,NDS,0,2021-07-13,0,1,0,0,0,0,0,0,0,0,0,0,Issued Notice of Compliance,2022-05-09,2021,7,3,21,300,1
247042,"Corynebacterium diphtheria CRM-197 protein, pneumococcal polysaccharide serotypes 1, 3, 4, 5, 6A, 6B, 7F, 9V, 14, 18C, 19A, 19F, 22F, 23F, and 33F",MERCK CANADA INC,Vaccines,NDS,0,2021-01-22,0,1,0,0,0,0,0,0,0,0,0,0,Issued Notice of Compliance,2021-11-16,2021,1,1,16,298,1
281914,"Corynebacterium diphtheriae CRM-197 protein, pneumococcal conjugate serotype 33F, pneumococcal polysaccharide serotypes 6A, 7F, 8, 9N, 10A, 11A, 12F, 15A, deOAc15B, 16F, 17F, 19A, 20A, 22F, 23A, 23B, 24F, 31, 35B",MERCK CANADA INC,Vaccines,NDS,0,2024-01-04,0,1,0,1,0,0,0,0,0,0,0,0,Issued Notice of Compliance,2024-07-15,2024,1,1,21,193,1
206906,Crisaborole,PFIZER CANADA INC,Other dermatological preparations,NDS,0,2017-08-11,0,1,0,0,0,0,0,0,0,0,0,0,Issued Notice of Compliance,2018-06-07,2017,8,3,1,300,1
257092,"Crisantaspase, recombinant",JAZZ PHARMACEUTICALS IRELAND LIMITED,Antineoplastic agents,NDS,0,2021-11-10,0,0,0,0,0,0,0,0,0,0,1,0,Issued Notice of Compliance,2022-09-02,2021,11,4,2,296,1
285444,Crovalimab,HOFFMANN-LA ROCHE LIMITED,Immunosuppressants,NDS,0,2024-05-17,0,1,0,0,0,0,1,0,0,0,0,0,Issued Notice of Compliance,2025-06-04,2024,5,2,1,383,1
276960,"Cyclophosphamide, cyclophosphamide monohydrate",DR REDDYS LABORATORIES LTD,Antineoplastic agents,NDS,0,2023-08-24,0,0,0,0,0,0,0,0,0,0,0,0,Issued Notice of Compliance,2025-08-05,2023,8,3,2,712,1
194580,Cyclosporine,SANTEN INCORPORATED,Ophthalmologicals,NDS,0,2016-08-31,0,0,0,0,0,0,0,0,0,0,0,0,Issued Notice of Non-compliance - Withdrawal,2018-04-13,2016,8,3,1,590,0
215813,Cyclosporine,SANTEN INCORPORATED,Ophthalmologicals,NDS,0,2018-07-05,0,0,0,1,0,0,0,0,0,0,0,0,Issued Notice of Compliance,2018-12-24,2018,7,3,1,172,1
234677,Cyclosporine,SUN PHARMA GLOBAL FZE,Ophthalmologicals,NDS,0,2020-04-22,0,0,0,0,0,0,0,0,0,0,0,0,Issued Notice of Compliance,2021-02-16,2020,4,2,1,300,1
211635,Cysteamine hydrochloride,RECORDATI RARE DISEASES CANADA INC,Ophthalmologicals,NDS,0,2018-02-06,0,0,0,1,0,0,0,0,0,0,0,0,Issued Notice of Compliance,2019-02-11,2018,2,1,1,370,1
285212,Cysteamine hydrochloride,"LEADIANT BIOSCIENCES, INC.",Ophthalmologicals,NDS,0,2024-05-21,0,0,0,0,0,0,1,0,0,0,0,0,Issued Notice of Compliance,2026-03-06,2024,5,2,1,654,1
242743,"Cytarabine, daunorubicin",JAZZ PHARMACEUTICALS IRELAND LIMITED,Antineoplastic agents,NDS,0,2020-11-02,0,0,0,1,0,0,0,0,0,0,0,0,Issued Notice of Compliance,2021-04-29,2020,11,4,2,178,1
190458,Daclizumab,BIOGEN CANADA INC,Immunosuppressants,NDS,0,2016-02-12,0,1,0,0,0,0,0,0,0,0,0,0,Issued Notice of Compliance,2016-12-08,2016,2,1,1,300,1
214572,Dacomitinib,PFIZER CANADA INC,Antineoplastic agents,NDS,0,2018-05-03,0,1,0,0,0,0,1,0,0,0,0,0,Issued Notice of Compliance,2019-02-26,2018,5,2,1,299,1
212390,Dalbavancin,CIPHER PHARMACEUTICALS INC,Antibacterials for systemic use,NDS,0,2018-03-08,0,1,0,1,0,0,0,0,0,0,0,0,Issued Notice of Compliance,2018-09-04,2018,3,1,1,180,1
274338,Danicopan,ALEXION PHARMA GMBH,Other hematological agents,NDS,0,2023-09-06,0,1,0,0,0,0,0,0,0,0,0,0,Issued Notice of Compliance,2024-07-19,2023,9,3,1,317,1
263001,Daprodustat,GLAXOSMITHKLINE INC,Antianemic preparations,NDS,0,2022-05-27,0,1,0,0,0,0,1,0,0,0,0,0,Cancelled by sponsor,2023-07-10,2022,5,2,1,409,0
187648,Daratumumab,JANSSEN INC,Antineoplastic agents,NDS,0,2015-11-10,0,1,0,0,1,0,0,0,0,0,0,0,Issued Notice of Compliance under the NOC/c Guidance,2016-06-29,2015,11,4,1,232,1
255507,Daridorexant hydrochloride,IDORSIA PHARMACEUTICALS LTD,Other nervous system drugs,NDS,0,2021-10-15,0,1,0,0,0,0,0,0,0,0,0,0,Issued Notice of Compliance,2023-04-28,2021,10,4,1,560,1
226146,Darolutamide,BAYER INC,Endocrine therapy,NDS,0,2019-04-26,0,1,0,0,0,0,0,0,0,0,0,1,Issued Notice of Compliance,2020-02-20,2019,4,2,1,300,1
217347,Darvadstrocel,TAKEDA CANADA INC,Unassigned,NDS,0,2018-08-09,0,1,0,0,0,0,0,0,0,0,0,0,Cancelled by sponsor,2019-06-05,2018,8,3,1,300,0
284807,Datopotamab deruxtecan,ASTRAZENECA CANADA INC,Antineoplastic agents,NDS,0,2024-07-02,0,1,0,0,0,0,1,0,0,0,0,0,Cancelled by sponsor,2025-03-21,2024,7,3,1,262,0
267589,"Davesomeran, elasomeran *For use in relation to COVID-19","MODERNATX, INC.",Vaccines,NDS,0,2022-09-12,0,1,0,0,0,0,0,1,0,0,0,0,Issued Notice of Compliance,2022-11-03,2022,9,3,2,52,1
207372,Decitabine,PENDOPHARM DIVISION OF PHARMASCIENCE INC,Antineoplastic agents,NDS,0,2018-03-27,0,1,0,0,0,1,0,0,0,0,0,0,Issued Notice of Compliance,2019-01-21,2018,3,1,1,300,1
217663,Decitabine,OTSUKA PHARMACEUTICAL CO LTD,Antineoplastic agents,NDS,0,2018-09-17,0,1,0,0,0,0,0,0,0,0,0,0,Issued Notice of Compliance,2019-07-11,2018,9,3,1,297,1
200808,Defibrotide,JAZZ PHARMACEUTICALS IRELAND LIMITED,Antithrombotic agents,NDS,0,2017-01-11,0,1,0,1,0,0,0,0,0,0,0,0,Issued Notice of Compliance,2017-07-10,2017,1,1,1,180,1
284667,Delafloxacin meglumine,XEDITON PHARMACEUTICALS INC,Antibacterials for systemic use,NDS,0,2024-06-07,0,1,0,1,0,0,0,0,0,0,0,0,Issued Notice of Compliance,2025-01-17,2024,6,2,1,224,1
282015,Delgocitinib,LEO PHARMA INC,Other dermatological preparations,NDS,0,2024-02-13,0,1,0,0,0,0,1,0,0,0,0,0,Issued Notice of Compliance,2025-08-25,2024,2,1,1,559,1
271806,Denosumab,SANDOZ CANADA INCORPORATED,Drugs for treatment of bone diseases,NDS,0,2023-03-20,0,0,1,0,0,0,0,0,0,0,0,0,Issued Notice of Compliance,2024-02-16,2023,3,1,1,333,1
267788,Denosumab,SANDOZ CANADA INCORPORATED,Drugs for treatment of bone diseases,NDS,0,2023-03-20,0,0,1,0,0,0,0,0,0,0,0,0,Issued Notice of Compliance,2024-03-01,2023,3,1,1,347,1
278930,Denosumab,CELLTRION INC,Drugs for treatment of bone diseases,NDS,0,2024-05-16,0,0,1,0,0,0,1,0,0,0,0,0,Issued Notice of Compliance,2025-09-17,2024,5,2,1,489,1
282455,Denosumab,CELLTRION INC,Drugs for treatment of bone diseases,NDS,0,2024-05-16,0,0,1,0,0,0,1,0,0,0,0,0,Issued Notice of Compliance,2025-09-17,2024,5,2,1,489,1
286878,Denosumab,"SHANGHAI HENLIUS BIOTECH, INC.",Drugs for treatment of bone diseases,NDS,0,2024-09-11,0,0,1,0,0,0,0,0,0,0,0,0,Issued Notice of Compliance,2026-03-09,2024,9,3,1,544,1
286888,Denosumab,"SHANGHAI HENLIUS BIOTECH, INC.",Drugs for treatment of bone diseases,NDS,0,2024-09-11,0,0,1,0,0,0,0,0,0,0,0,0,Issued Notice of Compliance,2026-03-09,2024,9,3,1,544,1
283188,Denosumab,APOTEX INC,Drugs for treatment of bone diseases,NDS,0,2024-11-07,0,0,1,0,0,0,1,0,0,0,0,0,Issued Notice of Compliance,2026-03-11,2024,11,4,1,489,1
289109,Denosumab,APOTEX INC,Drugs for treatment of bone diseases,NDS,0,2024-11-07,0,0,1,0,0,0,1,0,0,0,0,0,Issued Notice of Compliance,2026-03-11,2024,11,4,1,489,1
283997,Denosumab,"SAMSUNG BIOEPIS CO., LTD",Drugs for treatment of bone diseases,NDS,0,2024-05-22,0,0,1,0,0,0,0,0,0,0,0,0,Issued Notice of Compliance,2026-03-30,2024,5,2,1,677,1
283996,Denosumab,"SAMSUNG BIOEPIS CO., LTD",Drugs for treatment of bone diseases,NDS,0,2024-05-22,0,0,1,0,0,0,0,0,0,0,0,0,Issued Notice of Compliance,2026-04-13,2024,5,2,1,691,1
289488,Denosumab,BIOSIMILAR COLLABORATIONS IRELAND LIMITED,Drugs for treatment of bone diseases,NDS,0,2024-10-07,0,0,1,0,0,0,1,0,0,0,0,0,Issued Notice of Compliance,2026-04-17,2024,10,4,1,557,1
289507,Denosumab,BIOSIMILAR COLLABORATIONS IRELAND LIMITED,Drugs for treatment of bone diseases,NDS,0,2024-10-07,0,0,1,0,0,0,1,0,0,0,0,0,Issued Notice of Compliance,2026-04-17,2024,10,4,1,557,1
297641,Denosumab,FRESENIUS KABI CANADA LTD,Drugs for treatment of bone diseases,NDS,0,2025-06-23,0,0,1,0,0,0,1,0,0,0,0,0,Issued Notice of Compliance,2026-04-18,2025,6,2,1,299,1
297639,Denosumab,FRESENIUS KABI CANADA LTD,Drugs for treatment of bone diseases,NDS,0,2025-06-23,0,0,1,0,0,0,1,0,0,0,0,0,Issued Notice of Compliance,2026-04-18,2025,6,2,1,299,1
298896,Denosumab,JAMP PHARMA CORPORATION,Drugs for treatment of bone diseases,NDS,0,2025-09-16,0,0,1,0,0,0,1,0,0,0,0,0,Issued Notice of Compliance,2026-07-10,2025,9,3,1,297,1
298899,Denosumab,JAMP PHARMA CORPORATION,Drugs for treatment of bone diseases,NDS,0,2025-09-16,0,0,1,0,0,0,1,0,0,0,0,0,Issued Notice of Compliance,2026-07-10,2025,9,3,1,297,1
290294,Depemokimab,GLAXOSMITHKLINE INC,Drugs for obstructive airway diseases,NDS,0,2025-04-17,0,1,0,0,0,0,1,0,0,0,0,0,Issued Notice of Compliance,2026-06-15,2025,4,2,1,424,1
227886,Dequalinium chloride,DUCHESNAY INC,Gynecological antiinfectives and antiseptics,NDS,0,2019-07-05,0,0,0,0,0,0,0,0,0,0,0,0,Issued Notice of Compliance,2021-07-28,2019,7,3,1,754,1
195186,"Dermatophagoides farinae extract, dermatophagoides pteronyssinus extract",ALK- ABELLO A/S,Allergens,NDS,0,2016-07-08,0,0,0,0,0,0,0,0,0,0,0,0,Issued Notice of Compliance,2017-05-04,2016,7,3,2,300,1
208152,"Dermatophagoides farinae, dermatophagoides pteronyssinus",STALLERGENES CANADA INC,Allergens,NDS,0,2017-09-22,0,0,0,0,0,0,0,0,0,0,0,0,Cancelled by sponsor,2020-07-22,2017,9,3,2,1034,0
199626,Desvenlafaxine,APOTEX INC,Psychoanaleptics,NDS,0,2017-02-03,0,0,0,0,0,0,0,0,0,0,0,0,Issued Notice of Compliance,2017-08-08,2017,2,1,1,186,1
259397,Deucravacitinib,BRISTOL-MYERS SQUIBB CANADA,Immunosuppressants,NDS,0,2022-01-28,0,1,0,0,0,0,0,0,0,0,0,0,Issued Notice of Compliance,2022-11-24,2022,1,1,1,300,1
281029,"Deutivacaftor, tezacaftor, vanzacaftor calcium",VERTEX PHARMACEUTICALS (CANADA) INCORPORATED,Other respiratory system products,NDS,0,2024-09-24,0,1,0,0,0,0,1,0,0,0,0,0,Issued Notice of Compliance,2025-07-21,2024,9,3,3,300,1
212391,"Dexamethasone sodium phosphate, netilmicin sulfate",KNIGHT THERAPEUTICS INC.,Ophthalmologicals,NDS,0,2018-02-09,0,0,0,0,0,0,0,0,0,0,0,0,Issued Notice of Compliance,2019-10-18,2018,2,1,2,616,1
258157,"Dexamethasone, levofloxacin",XEDITON PHARMACEUTICALS INC,Ophthalmologicals,NDS,0,2021-12-20,0,0,0,0,0,0,0,0,0,0,0,0,Issued Notice of Compliance,2023-12-12,2021,12,4,2,722,1
254850,Diamorphine hydrochloride,PHARMASCIENCE INC,Other nervous system drugs,NDS,0,2021-08-13,0,0,0,0,0,1,0,0,0,0,0,0,Issued Notice of Compliance,2022-02-16,2021,8,3,1,187,1
254548,Difelikefalin,VIFOR FRESENIUS MEDICAL CARE RENAL PHARMA LTD,All other therapeutic products,NDS,0,2021-10-21,0,1,0,0,0,0,0,0,0,0,0,1,Issued Notice of Compliance,2022-08-16,2021,10,4,1,299,1
212066,Dinutuximab,UNITED THERAPEUTICS CORPORATION,Antineoplastic agents,NDS,0,2018-02-01,0,1,0,0,0,0,0,0,0,0,0,0,Issued Notice of Compliance,2018-11-28,2018,2,1,1,300,1
240071,Diroximel fumarate,BIOGEN CANADA INC,Immunosuppressants,NDS,0,2020-07-17,0,1,0,0,0,0,0,0,0,0,0,0,Cancelled by sponsor,2023-02-28,2020,7,3,1,956,0
220402,"Disodium phosphate, magnesium chloride, potassium chloride, sodium acetate, sodium chloride, sodium citrate, sodium phosphate monobasic",MACO PHARMA,All other non-therapeutic products,NDS,0,2018-11-23,0,0,0,0,0,0,0,0,0,0,0,0,Issued Notice of Compliance,2019-09-19,2018,11,4,7,300,1
206402,"Dolutegravir sodium, rilpivirine hydrochloride",VIIV HEALTHCARE ULC,Antivirals for systemic use,NDS,0,2017-07-26,0,0,0,0,0,0,0,0,0,0,0,0,Issued Notice of Compliance,2018-05-18,2017,7,3,2,296,1
220275,"Dolutegravir, lamivudine",VIIV HEALTHCARE ULC,Antivirals for systemic use,NDS,0,2018-10-31,0,0,0,0,0,0,1,0,0,0,0,0,Issued Notice of Compliance,2019-08-22,2018,10,4,2,295,1
282096,Donanemab,ELI LILLY CANADA INC,Psychoanaleptics,NDS,0,2024-02-05,0,1,0,0,0,0,1,0,0,0,0,0,Issued Notice of Compliance,2026-04-30,2024,2,1,1,815,1
211293,Doravirine,MERCK CANADA INC,Antivirals for systemic use,NDS,0,2017-12-15,0,1,0,0,0,0,0,0,0,0,0,0,Issued Notice of Compliance,2018-10-12,2017,12,4,1,301,1
298314,"Doravirine, islatravir",MERCK CANADA INC,Antivirals for systemic use,NDS,0,2025-08-07,0,1,0,0,0,0,0,0,0,0,0,0,Issued Notice of Compliance,2026-06-22,2025,8,3,2,319,1
211708,"Doravirine, lamivudine, tenofovir disoproxil fumarate",MERCK CANADA INC,Antivirals for systemic use,NDS,0,2018-01-17,0,0,0,0,0,0,0,0,0,0,0,0,Issued Notice of Compliance,2018-11-09,2018,1,1,3,296,1
251105,Dostarlimab,GLAXOSMITHKLINE INC,Antineoplastic agents,NDS,0,2021-04-23,0,1,0,0,1,0,1,0,0,0,0,0,Issued Notice of Compliance under the NOC/c Guidance,2021-12-23,2021,4,2,1,244,1
218346,Dotatate,"ADVANCED ACCELERATOR APPLICATIONS USA, INC.",Diagnostic radiopharmaceuticals,NDS,0,2018-09-06,0,1,0,0,0,1,0,0,0,0,0,0,Issued Notice of Compliance,2019-07-03,2018,9,3,1,300,1
290784,Doxycycline hyclate,STERIMAX INC,Antibacterials for systemic use,NDS,0,2025-01-03,0,0,0,0,0,1,0,0,0,0,0,0,Issued Notice of Compliance,2025-10-28,2025,1,1,1,298,1
240372,Dronabinol,TETRA BIO-PHARMA INC.,Antiemetics and antinauseants,NDS,0,2021-05-28,0,0,0,0,0,1,0,0,0,0,0,0,Cancelled by sponsor,2023-05-02,2021,5,2,1,704,0
242176,Drospirenone,DUCHESNAY INC,Sex hormones and modulators of the genital system,NDS,0,2021-02-05,0,0,0,0,0,0,0,0,0,0,0,0,Issued Notice of Compliance,2021-11-30,2021,2,1,1,298,1
236197,"Drospirenone, estetrol monohydrate",SEARCHLIGHT PHARMA INC,Sex hormones and modulators of the genital system,NDS,0,2020-05-12,0,1,0,0,0,0,0,0,0,0,0,0,Issued Notice of Compliance,2021-03-05,2020,5,2,2,297,1
201285,Dupilumab,SANOFI-AVENTIS CANADA INC,Immunosuppressants,NDS,0,2017-02-03,0,1,0,0,0,0,0,0,0,0,0,0,Issued Notice of Compliance,2017-11-30,2017,2,1,1,300,1
202953,Durvalumab,ASTRAZENECA CANADA INC,Antineoplastic agents,NDS,0,2017-03-17,0,1,0,0,1,0,0,0,0,0,0,0,Issued Notice of Compliance under the NOC/c Guidance,2017-11-03,2017,3,1,1,231,1
208834,Durvalumab,ASTRAZENECA CANADA INC,Antineoplastic agents,NDS,0,2017-09-22,0,0,0,0,1,0,0,0,0,0,0,0,Issued Notice of Compliance under the NOC/c Guidance,2018-05-04,2017,9,3,1,224,1
256568,"Ebola Zaire vaccine (rVSVΔG-ZEBOV-GP, live, attenuated)",MERCK CANADA INC,Vaccines,NDS,0,2021-10-29,0,1,0,0,0,0,0,0,0,0,0,0,Issued Notice of Compliance,2022-11-09,2021,10,4,3,376,1
263132,Eculizumab,AMGEN CANADA INC,Immunosuppressants,NDS,0,2022-07-26,0,0,1,0,0,0,1,0,0,0,0,0,Issued Notice of Compliance,2026-04-22,2022,7,3,1,1366,1
273714,Eculizumab,AMGEN CANADA INC,Immunosuppressants,NDS,0,2023-05-19,0,0,1,0,0,0,1,0,0,0,0,0,Cancelled by sponsor,2026-04-29,2023,5,2,1,1076,0
274185,Eculizumab,"SAMSUNG BIOEPIS CO., LTD",Immunosuppressants,NDS,0,2023-07-21,0,0,1,0,0,0,0,0,0,0,0,0,Issued Notice of Compliance,2026-06-17,2023,7,3,1,1062,1
214391,Edaravone,MITSUBISHI TANABE PHARMA CORPORATION,Other nervous system drugs,NDS,0,2018-04-06,0,1,0,1,0,0,1,0,0,0,0,0,Issued Notice of Compliance,2018-10-03,2018,4,2,1,180,1
187363,Edoxaban,DAIICHI SANKYO INC,Antithrombotic agents,NDS,0,2015-12-10,0,1,0,0,0,0,0,0,0,0,0,0,Issued Notice of Compliance,2016-11-04,2015,12,4,1,330,1
283753,Efanesoctocog alfa,SANOFI-AVENTIS CANADA INC,Antihemorrhagics,NDS,0,2024-05-17,0,1,0,0,0,0,0,0,0,0,0,0,Issued Notice of Compliance,2025-03-26,2024,5,2,1,313,1
267438,Efgartigimod alfa,ARGENX BV,Immunosuppressants,NDS,0,2022-11-23,0,1,0,0,0,0,1,0,0,0,0,0,Issued Notice of Compliance,2023-09-19,2022,11,4,1,300,1
287772,Elafibranor,IPSEN BIOPHARMACEUTICALS CANADA INC,Bile and liver therapy,NDS,0,2024-09-03,0,1,0,0,1,0,1,0,0,0,0,0,Issued Notice of Compliance under the NOC/c Guidance,2025-04-25,2024,9,3,1,234,1
209513,Elagolix,ABBVIE CORPORATION,Sex hormones and modulators of the genital system,NDS,0,2017-12-12,0,1,0,0,0,0,0,0,0,0,0,0,Issued Notice of Compliance,2018-10-05,2017,12,4,1,297,1
244946,Elasomeran *For use in relation to COVID-19,"MODERNATX, INC",Vaccines,NDS,0,2020-10-12,0,0,0,0,0,0,0,1,0,0,0,0,Authorized under Interim Order,2020-12-23,2020,10,4,1,72,1
252733,Elasomeran *For use in relation to COVID-19,"MODERNATX, INC.",Vaccines,NDS,0,2021-05-15,0,1,0,0,0,0,0,1,0,0,0,0,Issued Notice of Compliance,2021-09-16,2021,5,2,1,124,1
265656,"Elasomeran, imelasomeran *For use in relation to COVID-19","MODERNATX, INC.",Vaccines,NDS,0,2022-06-30,0,1,0,0,0,0,0,1,0,0,0,0,Issued Notice of Compliance,2022-09-01,2022,6,2,2,63,1
185866,"Elbasvir, grazoprevir",MERCK CANADA INC,Antivirals for systemic use,NDS,0,2015-07-23,0,1,0,1,0,0,0,0,0,0,0,0,Issued Notice of Compliance,2016-01-19,2015,7,3,2,180,1
246955,"Elexacaftor, ivacaftor, tezacaftor",VERTEX PHARMACEUTICALS (CANADA) INCORPORATED,Other respiratory system products,NDS,0,2020-12-23,0,1,0,1,0,0,1,0,0,0,0,0,Issued Notice of Compliance,2021-06-18,2020,12,4,3,177,1
183050,Eliglustat tartrate,"SANOFI GENZYME, A DIVISION OF SANOFI-AVENTIS CANADA INC",Other alimentary tract and metabolism products,NDS,0,2015-05-04,0,1,0,0,0,0,0,0,0,0,0,0,Issued Notice of Compliance,2017-04-21,2015,5,2,1,718,1
289506,Elinzanetant,BAYER INC,Other gynecologicals,NDS,0,2024-09-27,0,1,0,0,0,0,0,0,0,0,0,1,Issued Notice of Compliance,2025-07-23,2024,9,3,1,299,1
188144,Elotuzumab,BRISTOL-MYERS SQUIBB CANADA,Antineoplastic agents,NDS,0,2015-12-24,0,1,0,1,0,0,0,0,0,0,0,0,Issued Notice of Compliance,2016-06-21,2015,12,4,1,180,1
273519,Elranatamab,PFIZER CANADA ULC,Antineoplastic agents,NDS,0,2023-04-14,0,1,0,0,1,0,1,0,0,1,0,0,Issued Notice of Compliance under the NOC/c Guidance,2023-12-06,2023,4,2,1,236,1
190162,Eluxadoline,ALLERGAN PHARMA CO.,Drugs for functional gastrointestinal disorders,NDS,0,2016-04-01,0,1,0,0,0,0,0,0,0,0,0,0,Issued Notice of Compliance,2017-01-26,2016,4,2,1,300,1
237121,Emapalumab,SWEDISH ORPHAN BIOVITRUM AB (PUBL),Immunosuppressants,NDS,0,2020-05-06,0,1,0,0,0,0,0,0,0,0,0,0,Cancelled by sponsor,2021-01-29,2020,5,2,1,268,0
212635,Emicizumab,HOFFMANN LA ROCHE LIMITED,Antihemorrhagics,NDS,0,2018-02-05,0,1,0,1,0,0,0,0,0,0,0,0,Issued Notice of Compliance,2018-08-02,2018,2,1,1,178,1
217033,Enasidenib mesylate,CELGENE INC,Antineoplastic agents,NDS,0,2018-07-13,0,1,0,1,1,0,0,0,0,0,0,0,Issued Notice of Compliance under the NOC/c Guidance,2019-02-06,2018,7,3,1,208,1
237413,Encorafenib,PFIZER CANADA ULC,Antineoplastic agents,NDS,0,2020-05-07,0,1,0,0,0,0,1,0,0,0,0,0,Issued Notice of Compliance,2021-03-02,2020,5,2,1,299,1
238571,Encorafenib,PFIZER CANADA ULC,Antineoplastic agents,NDS,0,2020-06-04,0,0,0,0,0,0,1,0,0,0,0,0,Issued Notice of Compliance,2021-03-31,2020,6,2,1,300,1
251438,Enfortumab vedotin,SEAGEN INC.,Antineoplastic agents,NDS,0,2021-05-06,0,1,0,1,0,0,1,0,0,1,0,0,Issued Notice of Compliance,2021-10-29,2021,5,2,1,176,1
233058,Enoxaparin sodium,JUNO PHARMACEUTICALS CORP.,Antithrombotic agents,NDS,0,2019-12-19,0,0,1,0,0,0,0,0,0,0,0,0,Issued Notice of Compliance,2020-10-14,2019,12,4,1,300,1
233987,Enoxaparin sodium,SANDOZ CANADA INCORPORATED,Antithrombotic agents,NDS,0,2020-01-10,0,0,1,0,0,0,0,0,0,0,0,0,Issued Notice of Compliance,2020-11-05,2020,1,1,1,300,1
231767,Enoxaparin sodium,SHENZHEN TECHDOW PHARMACEUTICAL CO LTD,Antithrombotic agents,NDS,0,2019-11-07,0,0,1,0,0,0,0,0,0,0,0,0,Issued Notice of Compliance,2020-12-07,2019,11,4,1,396,1
243026,Enoxaparin sodium,FRESENIUS KABI CANADA LTD,Antithrombotic agents,NDS,0,2021-12-09,0,0,1,0,0,0,1,0,0,0,0,0,Issued Notice of Compliance,2022-10-26,2021,12,4,1,321,1
266545,Enoxaparin sodium,BAXTER CORPORATION,Antithrombotic agents,NDS,0,2022-09-16,0,0,1,0,0,0,1,0,0,0,0,0,Issued Notice of Compliance,2023-07-27,2022,9,3,1,314,1
262815,"Enterococcus faecalis inactivated, Escherichia coli inactivated, Klebsiella pneumoniae inactivated, Proteus vulgaris inactivated",RED LEAF MEDICAL INC,Vaccines,NDS,0,2022-05-19,0,1,0,0,0,0,0,0,0,0,0,0,Cancelled by sponsor,2023-05-26,2022,5,2,4,372,0
227517,Entrectinib,HOFFMANN LA ROCHE LIMITED,Antineoplastic agents,NDS,0,2019-06-03,0,1,0,0,1,0,0,0,0,0,0,0,Issued Notice of Compliance under the NOC/c Guidance,2020-02-10,2019,6,2,1,252,1
228159,Entrectinib,HOFFMANN LA ROCHE LIMITED,Antineoplastic agents,NDS,0,2019-07-17,0,0,0,0,0,0,0,0,0,0,0,0,Issued Notice of Compliance,2020-05-05,2019,7,3,1,293,1
271331,Epcoritamab,ABBVIE CORPORATION,Antineoplastic agents,NDS,0,2023-02-10,0,1,0,0,1,0,0,0,0,0,0,0,Issued Notice of Compliance under the NOC/c Guidance,2023-10-13,2023,2,1,1,245,1
293948,Epinephrine,ALK- ABELLO A/S,Drugs for obstructive airway diseases,NDS,0,2025-02-21,0,0,0,0,0,0,1,0,0,0,0,0,Issued Notice of Compliance,2026-04-09,2025,2,1,1,412,1
274598,Eplontersen,ASTRAZENECA CANADA INC,Other nervous system drugs,NDS,0,2023-08-24,0,1,0,0,0,0,0,0,0,0,0,0,Issued Notice of Compliance,2024-06-19,2023,8,3,1,300,1
233288,Eptinezumab,LUNDBECK CANADA INC,Analgesics,NDS,0,2020-03-18,0,1,0,0,0,0,0,0,0,0,0,0,Issued Notice of Compliance,2021-01-11,2020,3,1,1,299,1
224529,Erdafitinib,JANSSEN INC,Antineoplastic agents,NDS,0,2019-03-08,0,1,0,0,1,0,1,0,0,0,0,0,Issued Notice of Compliance under the NOC/c Guidance,2019-10-25,2019,3,1,1,231,1
208607,Erenumab,NOVARTIS PHARMACEUTICALS CANADA INC,Analgesics,NDS,0,2017-10-06,0,1,0,0,0,0,0,0,0,0,0,0,Issued Notice of Compliance,2018-08-01,2017,10,4,1,299,1
204724,Ertugliflozin pidolate,MERCK CANADA INC,Drugs used in diabetes,NDS,0,2017-07-14,0,1,0,0,0,0,0,0,0,0,0,0,Issued Notice of Compliance,2018-05-09,2017,7,3,1,299,1
201005,"Ertugliflozin pidolate, metformin hydrochloride",MERCK CANADA INC,Drugs used in diabetes,NDS,0,2017-08-03,0,0,0,0,0,0,0,0,0,0,0,0,Issued Notice of Compliance,2018-05-30,2017,8,3,2,300,1
201006,"Ertugliflozin pidolate, sitagliptin phosphate monohydrate",MERCK CANADA INC,Drugs used in diabetes,NDS,0,2017-07-27,0,0,0,0,0,0,0,0,0,0,0,0,Issued Notice of Compliance,2018-05-22,2017,7,3,2,299,1
255132,Erwinia L-asparaginase,PORTON BIOPHARMA LIMITED,Antineoplastic agents,NDS,0,2021-09-28,0,0,0,1,0,0,0,0,0,1,0,0,Cancelled by sponsor,2023-07-19,2021,9,3,1,659,0
296453,Escitalopram oxalate,ORIMED PHARMA INC,Psychoanaleptics,NDS,0,2025-09-05,0,0,0,0,0,0,0,0,0,0,0,0,Issued Notice of Compliance,2026-03-04,2025,9,3,1,180,1
222855,Esketamine hydrochloride,JANSSEN INC,Psychoanaleptics,NDS,0,2019-01-04,0,0,0,1,0,0,1,0,0,0,0,0,Issued Notice of Compliance,2020-05-20,2019,1,1,1,502,1
223938,Estradiol hemihydrate,KNIGHT THERAPEUTICS INC.,Sex hormones and modulators of the genital system,NDS,0,2019-10-24,0,0,0,0,0,0,0,0,0,0,0,0,Issued Notice of Compliance,2020-08-17,2019,10,4,1,298,1
224010,"Estradiol hemihydrate, progesterone",KNIGHT THERAPEUTICS INC.,Sex hormones and modulators of the genital system,NDS,0,2019-11-25,0,0,0,0,0,0,0,0,0,0,0,0,Issued Notice of Compliance,2020-09-17,2019,11,4,2,297,1
267148,"Estradiol, norethindrone acetate, relugolix",SUMITOMO PHARMA SWITZERLAND GMBH,Pituitary and hypothalamic hormones and analogues,NDS,0,2022-11-29,0,1,0,0,0,0,0,0,0,0,0,0,Issued Notice of Compliance,2023-09-22,2022,11,4,3,297,1
268111,"Estradiol, norethindrone acetate, relugolix",SUMITOMO PHARMA SWITZERLAND GMBH,Pituitary and hypothalamic hormones and analogues,NDS,0,2022-12-21,0,0,0,0,0,0,0,0,0,0,0,0,Issued Notice of Compliance,2023-10-17,2022,12,4,3,300,1
203472,"Estriol, lactobacillus acidophilus",ACERUS PHARMACEUTICALS CORPORATION,Sex hormones and modulators of the genital system,NDS,0,2017-06-16,0,0,0,0,0,0,0,0,0,0,0,0,Issued Notice of Deficiency - Withdrawal,2019-01-24,2017,6,2,2,587,0
193864,Etanercept,SANDOZ CANADA INCORPORATED,Immunosuppressants,NDS,0,2016-06-10,0,0,1,0,0,0,0,0,0,0,0,0,Issued Notice of Compliance,2017-04-06,2016,6,2,1,300,1
234562,Etanercept,LUPIN PHARMA CANADA LIMITED,Immunosuppressants,NDS,0,2020-02-10,0,0,1,0,0,0,0,0,0,0,0,0,Issued Notice of Compliance,2022-08-31,2020,2,1,1,933,1
256653,Etesevimab *For use in relation to COVID-19,ELI LILLY CANADA INC,Immune sera and immunoglobulins,NDS,0,2021-09-20,0,1,0,0,0,0,1,1,0,0,0,0,Cancelled by sponsor,2023-02-20,2021,9,3,1,518,0
279315,"Ethinyl estradiol, segesterone acetate",DUCHESNAY INC,Sex hormones and modulators of the genital system,NDS,0,2023-11-10,0,1,0,0,0,0,0,0,0,0,0,0,Issued Notice of Compliance,2024-12-18,2023,11,4,2,404,1
231245,Etomidate,STERIMAX INC,Anesthetics,NDS,0,2019-12-24,0,1,0,0,0,1,0,0,0,0,0,0,Issued Notice of Compliance,2020-07-15,2019,12,4,1,204,1
226314,Etonogestrel,MERCK CANADA INC,Sex hormones and modulators of the genital system,NDS,0,2019-05-16,0,0,0,0,0,0,0,0,0,0,0,0,Issued Notice of Compliance,2020-05-25,2019,5,2,1,375,1
273721,Etranacogene dezaparvovec,CSL BEHRING CANADA INC,Other hematological agents,NDS,0,2023-04-26,0,1,0,1,0,0,1,0,0,0,0,0,Issued Notice of Compliance,2023-10-23,2023,4,2,1,180,1
271038,Etrasimod L-arginine,PFIZER CANADA ULC,"Antidiarrheals, intestinal anti-inflammatory/anti-infective agents ",NDS,0,2023-03-10,0,1,0,0,0,0,0,0,0,0,0,0,Issued Notice of Compliance,2024-01-31,2023,3,1,1,327,1
272688,Evinacumab,ULTRAGENYX PHARMACEUTICAL INC,Lipid modifying agents,NDS,0,2023-03-27,0,1,0,1,0,0,1,0,0,0,0,0,Issued Notice of Compliance,2023-09-22,2023,3,1,1,179,1
284351,Exagamglogene autotemcel,VERTEX PHARMACEUTICALS (CANADA) INCORPORATED,Other hematological agents,NDS,0,2024-03-27,0,1,0,1,0,0,1,0,0,0,0,0,Issued Notice of Compliance,2024-09-23,2024,3,1,1,180,1
267502,"Famtozinameran, tozinameran *For use in relation to COVID-19",BIONTECH MANUFACTURING GMBH,Vaccines,NDS,0,2022-09-02,0,1,0,0,0,0,0,1,0,0,0,0,Issued Notice of Compliance,2022-10-07,2022,9,3,2,35,1
253904,Faricimab,HOFFMANN-LA ROCHE LIMITED,Ophthalmologicals,NDS,0,2021-08-03,0,1,0,0,0,0,0,0,0,0,0,1,Issued Notice of Compliance,2022-05-27,2021,8,3,1,297,1
256417,Favipiravir *For use in relation to COVID-19,DR REDDYS LABORATORIES INC,Antivirals for systemic use,NDS,0,2021-09-13,0,1,0,0,0,0,0,1,0,0,0,0,Cancelled by sponsor,2022-02-24,2021,9,3,1,164,0
285129,Fecal microbiota,FERRING INC,"Antidiarrheals, intestinal anti-inflammatory/anti-infective agents",NDS,0,2024-05-09,0,1,0,0,0,0,1,0,0,0,0,0,Issued Notice of Compliance,2025-03-05,2024,5,2,1,300,1
229866,Fedratinib dihydrochloride monohydrate,CELGENE INC,Antineoplastic agents,NDS,0,2019-10-25,0,1,0,0,0,0,1,0,0,0,0,0,Issued Notice of Compliance,2020-07-27,2019,10,4,1,276,1
272960,Ferric carboxymaltose,VIFOR (INTERNATIONAL) INC,Antianemic preparations,NDS,0,2023-04-24,0,1,0,0,0,0,0,0,0,0,0,0,Issued Notice of Compliance,2024-03-11,2023,4,2,1,322,1
260666,Ferric maltol,KYE PHARMACEUTICALS INC,Antianemic preparations,NDS,0,2022-06-30,0,1,0,0,0,0,0,0,0,0,0,0,Issued Notice of Compliance,2024-08-21,2022,6,2,1,783,1
239850,Ferric pyrophosphate citrate,ROCKWELL MEDICAL INC,Antianemic preparations,NDS,0,2020-06-19,0,1,0,0,0,0,0,0,0,0,0,0,Issued Notice of Compliance,2021-04-22,2020,6,2,1,307,1
258248,Ferumoxytol,COVIS PHARMA GMBH,Antianemic preparations,NDS,0,2022-03-01,0,0,0,0,0,0,1,0,0,0,0,0,Cancelled by sponsor,2023-02-23,2022,3,1,1,359,0
280470,Fezolinetant,ASTELLAS PHARMA CANADA INC,Other gynecologicals,NDS,0,2024-01-04,0,1,0,0,0,0,0,0,0,0,0,0,Issued Notice of Compliance,2024-12-02,2024,1,1,1,333,1
195870,Fibrinogen (human),OCTAPHARMA PHARMAZEUTIKA PRODUKTIONSGES M B H,Antihemorrhagics,NDS,0,2016-08-11,0,0,0,0,0,0,0,0,0,0,0,0,Issued Notice of Compliance,2017-06-07,2016,8,3,1,300,1
239016,"Fibrinogen (human), thrombin (human)",INSTITUTO GRIFOLS S.A.,Antihemorrhagics,NDS,0,2020-05-29,0,0,0,0,0,0,0,0,0,0,0,1,Issued Notice of Compliance,2021-03-25,2020,5,2,2,300,1
275853,Fidanacogene elaparvovec,PFIZER CANADA ULC,Antihemorrhagics,NDS,0,2023-06-30,0,1,0,1,0,0,1,0,0,0,0,0,Issued Notice of Compliance,2023-12-27,2023,6,2,1,180,1
235219,Filgotinib,GILEAD SCIENCES CANADA INC,Immunosuppressants,NDS,0,2020-04-06,0,1,0,0,0,0,1,0,0,0,0,0,Cancelled by sponsor,2021-01-06,2020,4,2,1,275,0
212016,Filgrastim (r-metHuG-CSF) ,SANDOZ CANADA INCORPORATED,Immunostimulants,NDS,0,2018-02-02,0,0,1,0,0,0,0,0,0,0,0,0,Cancelled by sponsor,2019-08-06,2018,2,1,1,550,0
214080,Filgrastim (r-metHuG-CSF) ,PFIZER CANADA ULC,Immunostimulants,NDS,0,2018-04-16,0,0,1,0,0,0,1,0,0,0,0,0,Issued Notice of Compliance,2020-04-16,2018,4,2,1,731,1
220512,Filgrastim (r-metHuG-CSF) ,"TANVEX BIOPHARMA USA, INC",Immunostimulants,NDS,0,2019-03-08,0,0,1,0,0,0,0,0,0,0,0,0,Issued Notice of Compliance,2021-10-08,2019,3,1,1,945,1
267597,Filgrastim (r-metHuG-CSF) ,CURATEQ BIOLOGICS PRIVATE LIMITED,Immunostimulants,NDS,0,2023-01-06,0,0,1,0,0,0,1,0,0,0,0,0,Cancelled by sponsor,2024-07-22,2023,1,1,1,563,0
273870,Filgrastim (r-metHuG-CSF) ,JAMP PHARMA CORPORATION,Immunostimulants,NDS,0,2024-05-10,0,0,1,0,0,0,0,0,0,0,0,0,Issued Notice of Compliance,2025-03-24,2024,5,2,1,318,1
249486,Finerenone,BAYER INC,Diuretics,NDS,0,2021-04-01,0,1,0,0,0,0,0,0,0,0,0,0,Cancelled by sponsor,2021-10-05,2021,4,2,1,187,0
258231,Finerenone,BAYER INC,Diuretics,NDS,0,2021-12-22,0,1,0,0,0,0,0,0,0,0,0,0,Issued Notice of Compliance,2022-10-14,2021,12,4,1,296,1
189352,Flibanserin,SPROUT PHARMACEUTICALS INC,Other gynecologicals,NDS,0,2016-04-01,0,1,0,0,0,0,0,0,0,0,0,0,Issued Notice of Compliance,2018-02-27,2016,4,2,1,697,1
193105,Florbetaben (18F),ISOLOGIC INNOVATIVE RADIOPHARMACEUTICALS LTD.,Diagnostic radiopharmaceuticals,NDS,0,2016-04-09,0,1,0,0,0,0,0,0,0,0,0,0,Issued Notice of Compliance,2017-02-22,2016,4,2,1,319,1
201510,Fluocinolone acetonide,KNIGHT THERAPEUTICS INC.,Ophthalmologicals,NDS,0,2017-02-17,0,0,0,0,0,0,0,0,0,0,0,0,Issued Notice of Compliance,2018-11-23,2017,2,1,1,644,1
211768,Fluorouracil,HILL DERMACEUTICALS INC,Antineoplastic agents,NDS,0,2018-04-09,0,0,0,0,0,0,0,0,0,0,0,0,Issued Notice of Compliance,2019-02-01,2018,4,2,1,298,1
198520,Fluoxetine hydrochloride,PHARMASCIENCE INC,Psychoanaleptics,NDS,0,2016-12-15,0,0,0,0,0,0,0,0,0,0,0,0,Issued Notice of Compliance,2017-06-13,2016,12,4,1,180,1
204880,"Fluticasone furoate, umeclidinium bromide, vilanterol trifenatate",GLAXOSMITHKLINE INC,Drugs for obstructive airway diseases,NDS,0,2017-06-08,0,0,0,0,0,0,0,0,0,0,0,0,Issued Notice of Compliance,2018-04-04,2017,6,2,3,300,1
197873,Fluticasone propionate,TEVA CANADA LIMITED,Drugs for obstructive airway diseases,NDS,0,2016-10-27,0,0,0,0,0,0,0,0,0,0,0,0,Issued Notice of Compliance,2017-08-22,2016,10,4,1,299,1
197974,"Fluticasone propionate, salmeterol xinafoate",TEVA CANADA LIMITED,Drugs for obstructive airway diseases,NDS,0,2016-11-29,0,0,0,0,0,0,0,0,0,0,0,0,Issued Notice of Compliance,2018-04-06,2016,11,4,2,493,1
188743,Follitropin delta,FERRING INC,Sex hormones and modulators of the genital system,NDS,0,2016-01-29,0,1,0,0,0,0,0,0,0,0,0,0,Issued Notice of Compliance,2018-03-22,2016,1,1,1,783,1
201306,"Formoterol fumarate dihydrate, glycopyrronium bromide",ASTRAZENECA CANADA INC,Drugs for obstructive airway diseases,NDS,0,2017-02-24,0,0,0,0,0,0,0,0,0,0,0,0,Issued Notice of Compliance,2018-03-05,2017,2,1,2,374,1
263826,"Foscarbidopa, foslevodopa",ABBVIE CORPORATION,Anti-parkinson drugs,NDS,0,2022-07-08,0,0,0,0,0,0,0,0,0,0,0,0,Issued Notice of Compliance,2023-05-03,2022,7,3,2,299,1
233046,Foscarnet sodium,STERIMAX INC,Antivirals for systemic use,NDS,0,2019-12-12,0,0,0,0,0,1,0,0,0,0,0,0,Issued Notice of Compliance,2020-10-05,2019,12,4,1,298,1
219662,Fosfomycin sodium,VERITY PHARMACEUTICALS INC,Antibacterials for systemic use,NDS,0,2018-11-02,0,0,0,1,0,0,0,0,0,0,0,0,Issued Notice of Compliance,2019-05-01,2018,11,4,1,180,1
232078,Fostamatinib disodium,RIGEL PHARMACEUTICALS INC.,Antihemorrhagics,NDS,0,2020-01-24,0,1,0,0,0,0,0,0,0,0,0,0,Issued Notice of Compliance,2020-11-19,2020,1,1,1,300,1
250213,Fostemsavir tromethamine,VIIV HEALTHCARE ULC,Antivirals for systemic use,NDS,0,2021-04-06,0,1,0,1,0,0,0,0,0,0,0,0,Issued Notice of Compliance,2021-10-01,2021,4,2,1,178,1
226828,Fremanezumab,TEVA CANADA LIMITED,Analgesics,NDS,0,2019-06-17,0,1,0,0,0,0,0,0,0,0,0,0,Issued Notice of Compliance,2020-04-09,2019,6,2,1,297,1
275803,Fruquintinib,TAKEDA CANADA INC,Antineoplastic agents,NDS,0,2023-11-21,0,1,0,0,0,0,0,0,0,0,1,1,Issued Notice of Compliance,2024-09-10,2023,11,4,1,294,1
298073,Gabapentin,RUBICON RESEARCH CANADA LIMITED,Analgesics,NDS,0,2025-11-21,0,0,0,0,0,0,0,0,0,0,0,0,Issued Notice of Compliance,2026-07-10,2025,11,4,1,231,1
293318,Gadopiclenol,BRACCO IMAGING CANADA,Contrast media,NDS,0,2025-04-17,0,1,0,0,0,0,0,0,0,0,0,0,Issued Notice of Compliance,2026-04-10,2025,4,2,1,358,1
300845,Gadoquatrane,BAYER INC,Contrast media,NDS,0,2025-09-26,0,1,0,0,0,0,0,0,0,0,0,1,Issued Notice of Compliance,2026-07-29,2025,9,3,1,306,1
186333,Gadoteric acid,GUERBET,Contrast media,NDS,0,2015-12-17,0,1,0,0,0,0,0,0,0,0,0,0,Issued Notice of Compliance,2016-11-25,2015,12,4,1,344,1
219521,Galcanezumab,ELI LILLY CANADA INC,Analgesics,NDS,0,2018-10-05,0,1,0,0,0,0,0,0,0,0,0,0,Issued Notice of Compliance,2019-07-30,2018,10,4,1,298,1
221824,Gallium (68Ga) chloride,IRE ELIT S.A.,Diagnostic radiopharmaceuticals,NDS,0,2019-04-15,0,1,0,0,0,0,0,0,0,0,0,0,Issued Notice of Compliance,2019-11-13,2019,4,2,1,212,1
227804,"Gallium (68Ga) chloride, germanium (68Ge) chloride",ECKERT & ZIEGLER RADIOPHARMA GMBH,Diagnostic radiopharmaceuticals,NDS,0,2019-10-25,0,1,0,0,0,0,0,0,0,0,0,0,Issued Notice of Compliance,2020-08-20,2019,10,4,2,300,1
242332,Gallium (68Ga) gozetotide,TELIX PHARMACEUTICALS (US) INC,Diagnostic radiopharmaceuticals,NDS,0,2021-02-05,0,1,0,0,0,1,0,0,0,0,0,0,Issued Notice of Compliance,2022-10-13,2021,2,1,1,615,1
263638,Gallium (68Ga) gozetotide,"ADVANCED ACCELERATOR APPLICATIONS USA, INC.",Diagnostic radiopharmaceuticals,NDS,0,2022-06-10,0,1,0,0,0,1,1,0,0,0,1,0,Issued Notice of Compliance,2023-04-05,2022,6,2,1,299,1
248874,Gallium oxodotreotide,CANADIAN MOLECULAR IMAGING PROBE CONSORTIUM (CANPROBE),Diagnostic radiopharmaceuticals,NDS,0,2021-05-03,0,1,0,0,0,1,0,0,0,0,0,0,Issued Notice of Compliance,2022-02-24,2021,5,2,1,297,1
221456,Ganciclovir,LABORATOIRES THEA,Ophthalmologicals,NDS,0,2019-02-12,0,0,0,0,0,0,0,0,0,0,0,0,Issued Notice of Compliance,2022-09-08,2019,2,1,1,1304,1
280174,Garadacimab,CSL BEHRING CANADA INC,Antithrombotic agents,NDS,0,2023-12-29,0,1,0,0,0,0,0,0,0,0,0,1,Issued Notice of Compliance,2025-08-06,2023,12,4,1,586,1
255697,Gefapixant,MERCK CANADA INC,Cough and cold preparations,NDS,0,2021-12-16,0,1,0,0,0,0,0,0,0,0,0,0,Cancelled by sponsor,2024-06-12,2021,12,4,1,909,0
223091,Gemtuzumab ozogamicin,PFIZER CANADA ULC,Antineoplastic agents,NDS,0,2019-02-01,0,1,0,0,0,0,1,0,0,0,0,0,Issued Notice of Compliance,2019-11-28,2019,2,1,1,300,1
227918,Gilteritinib fumarate,ASTELLAS PHARMA CANADA INC,Antineoplastic agents,NDS,0,2019-06-27,0,1,0,1,0,0,1,0,0,0,0,0,Issued Notice of Compliance,2019-12-23,2019,6,2,1,179,1
237194,Givosiran,ALNYLAM NETHERLANDS B.V.,Bile and liver therapy,NDS,0,2020-04-15,0,1,0,1,0,0,0,0,0,0,0,0,Issued Notice of Compliance,2020-10-09,2020,4,2,1,177,1
225793,Glasdegib,PFIZER CANADA ULC,Antineoplastic agents,NDS,0,2019-07-05,0,1,0,0,0,0,0,0,0,0,0,0,Issued Notice of Compliance,2020-04-28,2019,7,3,1,298,1
202233,"Glecaprevir, pibrentasvir",ABBVIE CORPORATION,Antivirals for systemic use,NDS,0,2017-02-10,0,1,0,1,0,0,0,0,0,0,0,1,Issued Notice of Compliance,2017-08-16,2017,2,1,2,187,1
265517,Glofitamab,HOFFMANN-LA ROCHE LIMITED,Antineoplastic agents,NDS,0,2022-07-25,0,1,0,0,1,0,0,0,0,0,0,0,Issued Notice of Compliance under the NOC/c Guidance,2023-03-24,2022,7,3,1,242,1
220839,Glucagon,ELI LILLY CANADA INC,Pancreatic hormones,NDS,0,2018-11-30,0,0,0,0,0,0,1,0,0,0,0,0,Issued Notice of Compliance,2019-09-25,2018,11,4,1,299,1
290371,Glucagon,LUPIN PHARMA CANADA LIMITED,Pancreatic hormones,NDS,0,2024-11-06,0,0,0,0,0,0,0,0,0,0,0,0,Issued Notice of Compliance,2026-06-10,2024,11,4,1,581,1
231585,"Glycine, histidine, L-alanine, L-arginine, L-isoleucine, L-leucine, L-lysine acetate, L-methionine, L-phenylalanine, L-proline, L-threonine, L-tryptophan, L-tyrosine, L-valine, serine, taurine",FRESENIUS KABI CANADA LTD,Blood substitutes and perfusion solutions,NDS,0,2020-03-05,0,0,0,0,0,0,0,0,0,0,0,0,Issued Notice of Compliance,2020-12-30,2020,3,1,16,300,1
197038,Glycopyrrolate,PEDIAPHARM INC,Drugs for functional gastrointestinal disorders,NDS,0,2017-01-03,0,0,0,0,0,0,0,0,0,0,0,0,Issued Notice of Compliance,2017-10-30,2017,1,1,1,300,1
228353,"Glycopyrronium bromide, indacaterol acetate, mometasone furoate",NOVARTIS PHARMACEUTICALS CANADA INC,Drugs for obstructive airway diseases,NDS,0,2019-09-06,0,0,0,0,0,0,0,0,0,0,0,0,Issued Notice of Compliance,2020-07-02,2019,9,3,3,300,1
294382,Golimumab,JAMP PHARMA CORPORATION,Immunosuppressants,NDS,0,2025-06-16,0,0,1,0,0,0,1,0,0,0,0,0,Issued Notice of Compliance,2026-04-10,2025,6,2,1,298,1
232286,Goserelin acetate,JAMP PHARMA CORPORATION,Endocrine therapy,NDS,0,2020-07-28,0,0,0,0,0,0,0,0,0,0,0,0,Cancelled by sponsor,2021-10-20,2020,7,3,1,449,0
200590,Guselkumab,JANSSEN INC,Immunosuppressants,NDS,0,2017-01-16,0,1,0,0,0,0,0,0,0,0,0,0,Issued Notice of Compliance,2017-11-10,2017,1,1,1,298,1
235556,"Haemagglutinin, neuraminidase antigen",SEQIRUS UK LIMITED,Vaccines,NDS,0,2020-03-13,0,0,0,0,0,0,0,0,0,0,0,0,Issued Notice of Compliance,2021-01-07,2020,3,1,2,300,1
289304,"Haemagglutinin-strain A(H1N1), haemagglutinin-strain A(H3N2), haemagglutinin-strain A(Yam)",SEQIRUS UK LIMITED,Vaccines,NDS,0,2024-09-25,0,0,0,0,0,0,0,0,0,0,0,0,Issued Notice of Compliance,2024-12-03,2024,9,3,3,69,1
200726,"Haemagglutinin-strain A(H1N1), haemagglutinin-strain A(H3N2), haemagglutinin-strain B",BGP PHARMA ULC,Vaccines,NDS,0,2017-05-26,0,0,0,0,0,0,0,0,0,0,0,0,Issued Notice of Compliance,2019-03-01,2017,5,2,3,644,1
203436,"Haemagglutinin-strain A(H1N1), haemagglutinin-strain A(H3N2), haemagglutinin-strain B(Victoria), haemagglutinin-strain B(Yamagata)",SEQIRUS PTY LTD,Vaccines,NDS,0,2017-04-28,0,0,0,0,0,0,0,0,0,0,0,0,Issued Notice of Compliance,2018-02-22,2017,4,2,4,300,1
222669,"Haemagglutinin-strain A(H1N1), haemagglutinin-strain A(H3N2), haemagglutinin-strain B(Victoria), haemagglutinin-strain B(Yamagata)",SEQIRUS UK LIMITED,Vaccines,NDS,0,2019-01-28,0,0,0,0,0,0,0,0,0,0,0,0,Issued Notice of Compliance,2019-11-22,2019,1,1,4,298,1
234113,"Haemagglutinin-strain A(H1N1), haemagglutinin-strain A(H3N2), haemagglutinin-strain B(Victoria), haemagglutinin-strain B(Yamagata)",SEQIRUS UK LIMITED,Vaccines,NDS,0,2020-01-30,0,0,0,0,0,0,0,0,0,0,0,0,Cancelled by sponsor,2020-11-17,2020,1,1,4,292,0
212718,"Halobetasol propionate, tazarotene","BAUSCH HEALTH, CANADA INC.","Corticosteroids, dermatological preparations",NDS,0,2018-05-25,0,0,0,0,0,0,1,0,0,0,0,0,Issued Notice of Compliance,2020-06-09,2018,5,2,2,746,1
212276,Hemin,RECORDATI RARE DISEASES CANADA INC,Other alimentary tract and metabolism products,NDS,0,2018-01-16,0,1,0,1,0,0,0,0,0,0,0,0,Issued Notice of Compliance,2018-07-13,2018,1,1,1,178,1
259302,Hepatitis B surface antigen (recombinant),VBI VACCINES INC.,Vaccines,NDS,0,2022-02-09,0,1,0,0,0,0,0,0,0,0,0,0,Issued Notice of Compliance,2022-12-06,2022,2,1,1,300,1
205160,Human heterologous liver cells,PROMETHERA BIOSCIENCES S.A./N.V.,Other alimentary tract and metabolism products,NDS,0,2017-06-16,0,1,0,0,0,0,0,0,0,0,0,0,Cancelled by sponsor,2018-07-10,2017,6,2,1,389,0
251360,Human insulin (recombinant),BAXTER CORPORATION,Drugs used in diabetes,NDS,0,2021-05-28,0,0,1,0,0,0,0,0,0,0,0,0,Issued Notice of Compliance,2022-08-03,2021,5,2,1,432,1
247727,"Hyaluronidase (human recombinant), immunoglobulin (human)",TAKEDA CANADA INC,Immune sera and immunoglobulins,NDS,0,2021-02-05,0,1,0,0,0,0,1,0,0,0,0,0,Issued Notice of Compliance,2022-01-14,2021,2,1,2,343,1
212396,"Hydrochlorothiazide, zofenopril calcium",BIOSYENT PHARMA INC,Agents acting on the renin-angiotensin system,NDS,0,2018-06-08,0,0,0,0,0,0,0,0,0,0,0,0,Cancelled by sponsor,2019-06-26,2018,6,2,2,383,0
216854,Hydrogen peroxide,CIPHER PHARMACEUTICALS INC,Other dermatological preparations,NDS,0,2018-12-14,0,0,0,0,0,0,0,0,0,0,0,0,Cancelled by sponsor,2019-08-26,2018,12,4,1,255,0
227235,Icosapent ethyl,HLS THERAPEUTICS INC,Lipid modifying agents,NDS,0,2019-07-05,0,1,0,1,0,0,1,0,0,0,0,0,Issued Notice of Compliance,2019-12-30,2019,7,3,1,178,1
182503,Idarucizumab,BOEHRINGER INGELHEIM (CANADA) LTD LTEE,All other therapeutic products,NDS,0,2015-05-19,0,1,0,0,1,0,0,0,0,0,0,0,Issued Notice of Compliance under the NOC/c Guidance,2016-04-29,2015,5,2,1,346,1
244266,Idecabtagene vicleucel,CELGENE INC,Antineoplastic agents,NDS,0,2020-10-19,0,1,0,1,0,0,0,0,0,0,0,0,Issued Notice of Compliance under the NOC/c Guidance,2021-05-26,2020,10,4,1,219,1
194291,Immunoglobulin (human),INSTITUTO GRIFOLS S.A.,Immune sera and immunoglobulins,NDS,0,2016-10-21,0,0,0,0,0,0,0,0,0,0,0,0,Issued Notice of Compliance,2017-08-17,2016,10,4,1,300,1
226576,Immunoglobulin (human),GRIFOLS THERAPEUTICS LLC,Immune sera and immunoglobulins,NDS,0,2019-06-14,0,0,0,0,0,0,0,0,0,0,0,0,Issued Notice of Compliance,2019-12-10,2019,6,2,1,179,1
202924,Immunoglobulin g (human),OCTAPHARMA PHARMAZEUTIKA PRODUKTIONSGES M B H,Immune sera and immunoglobulins,NDS,0,2017-04-21,0,0,0,0,0,0,0,0,0,0,0,0,Issued Notice of Compliance,2018-02-15,2017,4,2,1,300,1
288071,Inavolisib,HOFFMANN-LA ROCHE LIMITED,Antineoplastic agents,NDS,0,2024-08-22,0,1,0,1,0,0,1,0,0,1,0,0,Issued Notice of Compliance,2025-02-14,2024,8,3,1,176,1
243470,Inclisiran sodium,NOVARTIS PHARMACEUTICALS CANADA INC,Lipid modifying agents,NDS,0,2020-09-30,0,1,0,0,0,0,1,0,0,0,0,1,Issued Notice of Compliance,2021-07-26,2020,9,3,1,299,1
227987,"Indacaterol acetate, mometasone furoate",NOVARTIS PHARMACEUTICALS CANADA INC,Drugs for obstructive airway diseases,NDS,0,2019-07-11,0,0,0,0,0,0,0,0,0,0,0,0,Issued Notice of Compliance,2020-05-06,2019,7,3,2,300,1
271065,Inebilizumab,HORIZON THERAPEUTICS IRELAND DAC,Immunosuppressants,NDS,0,2023-02-17,0,1,0,0,0,0,0,0,0,0,0,0,Issued Notice of Compliance,2023-12-15,2023,2,1,1,301,1
246904,Infigratinib phosphate,"QED THERAPEUTICS, INC.",Antineoplastic agents,NDS,0,2021-01-15,0,1,0,0,1,0,0,0,1,0,0,0,Issued Notice of Compliance under the NOC/c Guidance,2021-09-27,2021,1,1,1,255,1
226189,Infliximab,AMGEN CANADA INC,Immunosuppressants,NDS,0,2019-05-17,0,0,1,0,0,0,1,0,0,0,0,0,Issued Notice of Compliance,2020-03-12,2019,5,2,1,300,1
248134,Infliximab,PFIZER CANADA ULC,Immunosuppressants,NDS,0,2021-02-25,0,0,1,0,0,0,0,0,0,0,0,0,Issued Notice of Compliance,2021-12-21,2021,2,1,1,299,1
267444,Influenza virus type A (H1N1),SANOFI PASTEUR LIMITED,Vaccines,NDS,0,2022-10-21,0,0,0,0,0,0,0,0,0,0,0,0,Issued Notice of Compliance,2023-10-27,2022,10,4,1,371,1
214274,Inotersen sodium,AKCEA THERAPEUTICS INC,Other nervous system drugs,NDS,0,2018-04-06,0,1,0,1,0,0,0,0,0,0,0,0,Issued Notice of Compliance,2018-10-03,2018,4,2,1,180,1
204077,Inotuzumab ozogamicin,PFIZER CANADA INC,Antineoplastic agents,NDS,0,2017-05-19,0,1,0,0,0,0,0,0,0,0,0,0,Issued Notice of Compliance,2018-03-15,2017,5,2,1,300,1
226573,Insulin aspart,SANOFI-AVENTIS CANADA INC,Drugs used in diabetes,NDS,0,2019-12-20,0,0,1,0,0,0,0,0,0,0,0,0,Issued Notice of Compliance,2020-10-15,2019,12,4,1,300,1
243229,Insulin aspart,BGP PHARMA ULC,Drugs used in diabetes,NDS,0,2020-12-17,0,0,1,0,0,0,0,0,0,0,0,0,Issued Notice of Compliance,2021-10-12,2020,12,4,1,299,1
198124,Insulin degludec,NOVO NORDISK CANADA INC,Drugs used in diabetes,NDS,0,2016-10-31,0,1,0,0,0,0,0,0,0,0,0,0,Issued Notice of Compliance,2017-08-25,2016,10,4,1,298,1
194513,"Insulin degludec, liraglutide",NOVO NORDISK CANADA INC,Drugs used in diabetes,NDS,0,2017-06-15,0,0,0,0,0,0,0,0,0,0,0,0,Issued Notice of Compliance,2018-04-11,2017,6,2,2,300,1
202772,Insulin glargine,BGP PHARMA ULC,Drugs used in diabetes,NDS,0,2017-04-20,0,0,1,0,0,0,1,0,0,0,0,0,Cancelled by sponsor,2019-02-15,2017,4,2,1,666,0
252068,Insulin glargine,BGP PHARMA ULC,Drugs used in diabetes,NDS,0,2021-06-14,0,0,1,0,0,0,0,0,0,0,0,0,Issued Notice of Compliance,2022-04-08,2021,6,2,1,298,1
207006,"Insulin glargine, lixisenatide",SANOFI-AVENTIS CANADA INC,Drugs used in diabetes,NDS,0,2017-09-13,0,0,0,0,0,0,0,0,0,0,0,0,Issued Notice of Compliance,2018-07-06,2017,9,3,2,296,1
273850,Insulin icodec,NOVO NORDISK CANADA INC,Drugs used in diabetes,NDS,0,2023-05-17,0,1,0,0,0,0,0,0,0,0,0,1,Issued Notice of Compliance,2024-03-12,2023,5,2,1,300,1
189076,Insulin injection human biosynthetic,ELI LILLY CANADA INC,Drugs used in diabetes,NDS,0,2016-09-30,0,0,0,0,0,0,0,0,0,0,0,0,Issued Notice of Compliance,2017-07-27,2016,9,3,1,300,1
200792,Insulin lispro,SANOFI-AVENTIS CANADA INC,Drugs used in diabetes,NDS,0,2017-01-20,0,0,1,0,0,0,0,0,0,0,0,0,Issued Notice of Compliance,2017-11-16,2017,1,1,1,300,1
244611,Insulin lispro,ELI LILLY CANADA INC,Drugs used in diabetes,NDS,0,2020-11-18,0,0,0,0,0,0,0,0,0,0,0,0,Issued Notice of Compliance,2021-09-14,2020,11,4,1,300,1
196107,Iodine,GUERBET,Contrast media,NDS,0,2016-09-19,0,0,0,0,0,0,0,0,0,0,0,0,Issued Notice of Compliance,2017-07-13,2016,9,3,1,297,1
201481,Ioflupane (123I),GE HEALTHCARE CANADA INC,Diagnostic radiopharmaceuticals,NDS,0,2017-02-10,0,1,0,0,0,0,0,0,0,0,0,0,Issued Notice of Compliance,2017-12-07,2017,2,1,1,300,1
283206,Iptacopan hydrochloride,NOVARTIS PHARMACEUTICALS CANADA INC,Immunosuppressants,NDS,0,2024-03-14,0,1,0,0,0,0,1,0,0,0,0,0,Issued Notice of Compliance,2025-01-06,2024,3,1,1,298,1
189897,Iron dextran,SANDOZ CANADA INCORPORATED,Antianemic preparations,NDS,0,2016-05-09,0,0,0,0,0,0,0,0,0,0,0,0,Cancelled by sponsor,2017-06-08,2016,5,2,1,395,0
193890,Iron isomaltoside 1000,PHARMACOSMOS A/S,Antianemic preparations,NDS,0,2016-07-13,0,1,0,0,0,0,0,0,0,0,0,0,Issued Notice of Compliance,2018-06-22,2016,7,3,1,709,1
229245,Isatuximab,SANOFI-AVENTIS CANADA INC,Antineoplastic agents,NDS,0,2019-07-29,0,1,0,0,0,0,0,0,0,0,0,1,Issued Notice of Compliance,2020-04-29,2019,7,3,1,275,1
208919,Isavuconazonium sulfate,AVIR PHARMA INC,Antimycotics for systemic use,NDS,0,2018-02-27,0,1,0,0,0,0,1,0,0,0,0,0,Issued Notice of Compliance,2018-12-19,2018,2,1,1,295,1
263460,Isotretinoin,SUN PHARMACEUTICAL INDUSTRIES LIMITED,Anti-acne preparations,NDS,0,2022-08-26,0,0,0,0,0,0,1,0,0,0,0,0,Issued Notice of Compliance,2023-06-22,2022,8,3,1,300,1
211292,"Ivacaftor, tezacaftor",VERTEX PHARMACEUTICALS (CANADA) INCORPORATED,Other respiratory system products,NDS,0,2017-12-29,0,1,0,1,0,0,0,0,0,0,0,0,Issued Notice of Compliance,2018-06-27,2017,12,4,2,180,1
211000,Ivermectin,MERCK CANADA INC,Anthelmintics,NDS,0,2017-12-19,0,0,0,0,0,1,0,0,0,0,0,0,Issued Notice of Compliance,2018-09-05,2017,12,4,1,260,1
277139,Ivosidenib,SERVIER CANADA INC,Antineoplastic agents,NDS,0,2023-09-26,0,1,0,0,0,0,0,0,0,0,0,0,Issued Notice of Compliance,2024-07-19,2023,9,3,1,297,1
190498,Ixazomib citrate,TAKEDA CANADA INC,Antineoplastic agents,NDS,0,2016-02-09,0,1,0,1,0,0,0,0,0,0,0,0,Issued Notice of Compliance,2016-08-04,2016,2,1,1,177,1
184993,Ixekizumab,ELI LILLY CANADA INC,Immunosuppressants,NDS,0,2015-07-30,0,1,0,0,0,0,0,0,0,0,0,0,Issued Notice of Compliance,2016-05-25,2015,7,3,1,300,1
276831,Labetalol hydrochloride,HIKMA CANADA LIMITED,Beta blocking agents,NDS,0,2023-11-23,0,0,0,0,0,0,0,0,0,0,0,0,Issued Notice of Compliance,2025-04-24,2023,11,4,1,518,1
213920,Lanadelumab,SHIRE PHARMA CANADA ULC,Other hematological agents,NDS,0,2018-03-23,0,1,0,1,0,0,0,0,0,0,0,0,Issued Notice of Compliance,2018-09-19,2018,3,1,1,180,1
259953,Landiolol hydrochloride,TRIMEDIC THERAPEUTICS INC.,Beta blocking agents,NDS,0,2022-02-21,0,1,0,0,0,1,0,0,0,0,0,0,Issued Notice of Compliance,2023-11-20,2022,2,1,1,637,1
219998,Larotrectinib,BAYER INC,Antineoplastic agents,NDS,0,2018-11-05,0,1,0,0,1,0,1,0,0,0,0,0,Issued Notice of Compliance under the NOC/c Guidance,2019-07-10,2018,11,4,1,247,1
236369,Lasmiditan,ELI LILLY CANADA INC,Analgesics,NDS,0,2020-04-09,0,1,0,0,0,0,0,0,0,0,0,0,Cancelled by sponsor,2021-01-26,2020,4,2,1,292,0
289987,Latanoprost,ORIMED PHARMA INC,Ophthalmologicals,NDS,0,2025-01-03,0,0,0,0,0,0,0,0,0,0,0,0,Issued Notice of Compliance,2025-12-02,2025,1,1,1,333,1
211732,Latanoprostene bunod,BAUSCH & LOMB INC,Ophthalmologicals,NDS,0,2018-03-08,0,1,0,0,0,0,1,0,0,0,0,0,Issued Notice of Compliance,2018-12-27,2018,3,1,1,294,1
285014,Lazertinib mesylate monohydrate,JANSSEN INC,Antineoplastic agents,NDS,0,2024-04-23,0,1,0,0,0,0,0,0,0,1,0,0,Issued Notice of Compliance,2025-03-06,2024,4,2,1,317,1
272660,Lebrikizumab,ELI LILLY CANADA INC,Other dermatological preparations,NDS,0,2023-05-23,0,1,0,0,0,0,1,0,0,0,0,0,Issued Notice of Compliance,2024-06-24,2023,5,2,1,398,1
273840,Lecanemab,EISAI LIMITED,Psychoanaleptics,NDS,0,2023-05-15,0,1,0,0,0,0,1,0,0,0,0,0,Issued Notice of Compliance under the NOC/c Guidance,2025-10-24,2023,5,2,1,893,1
233292,Lefamulin acetate,SUNOVION PHARMACEUTICALS CANADA INC,Antibacterials for systemic use,NDS,0,2020-01-13,0,1,0,1,0,0,0,0,0,0,0,0,Issued Notice of Compliance,2020-07-10,2020,1,1,1,179,1
231286,Lemborexant,EISAI LIMITED,Psycholeptics,NDS,0,2020-01-10,0,1,0,0,0,0,0,0,0,0,0,0,Issued Notice of Compliance,2020-11-04,2020,1,1,1,299,1
262999,Lenacapavir sodium,GILEAD SCIENCES CANADA INC,Antivirals for systemic use,NDS,0,2022-05-06,0,1,0,1,0,0,0,0,0,0,0,0,Issued Notice of Compliance,2022-11-02,2022,5,2,1,180,1
297407,Lenacapavir sodium,GILEAD SCIENCES CANADA INC,Antivirals for systemic use,NDS,0,2025-06-13,0,0,0,0,0,0,1,0,0,0,0,0,Issued Notice of Compliance,2026-04-09,2025,6,2,1,300,1
277578,Leniolisib,PHARMING TECHNOLOGIES BV,Immunostimulants,NDS,0,2023-10-25,0,1,0,1,0,0,1,0,0,0,0,0,Issued Notice of Compliance,2026-07-08,2023,10,4,1,987,1
250805,Leronlimab *For use in relation to COVID-19,"CYTODYN, INC.",Immune sera and immunoglobulins,NDS,0,2021-03-22,0,0,0,0,0,0,1,1,0,0,0,0,Interim Order expired,2021-09-16,2021,3,1,1,178,0
204165,Letermovir,MERCK CANADA INC,Antivirals for systemic use,NDS,0,2017-05-05,0,1,0,1,0,0,0,0,0,0,0,0,Issued Notice of Compliance,2017-11-01,2017,5,2,1,180,1
251157,LetibotulinumtoxinA,"CROMA AESTHETICS CANADA, LTD.",Muscle relaxants,NDS,0,2021-08-18,0,0,0,0,0,0,0,0,0,0,0,0,Issued Notice of Compliance,2022-06-14,2021,8,3,1,300,1
246800,Leuprolide mesylate,ACCORD HEALTHCARE INC,Endocrine therapy,NDS,0,2021-01-20,0,0,0,0,0,0,0,0,0,0,0,0,Issued Notice of Compliance,2021-11-16,2021,1,1,1,300,1
295847,Leuprolide mesylate,ACCORD HEALTHCARE INC,Endocrine therapy,NDS,0,2025-06-04,0,0,0,0,0,0,1,0,0,0,0,0,Issued Notice of Compliance,2026-03-31,2025,6,2,1,300,1
213656,Levetiracetam,PENDOPHARM DIVISION OF PHARMASCIENCE INC,Antiepileptics,NDS,0,2018-09-14,0,0,0,0,0,1,0,0,0,0,0,0,Issued Notice of Compliance,2019-07-11,2018,9,3,1,300,1
232047,Levothyroxine sodium,IBSA INSTITUT BIOCHIMIQUE SA,Thyroid therapy,NDS,0,2020-01-31,0,0,0,0,0,1,0,0,0,0,0,0,Issued Notice of Compliance,2020-11-25,2020,1,1,1,299,1
298537,Levothyroxine sodium,BIOSYENT PHARMA INC,Thyroid therapy,NDS,0,2025-07-15,0,0,0,0,0,1,0,0,0,0,0,0,Issued Notice of Compliance,2026-05-15,2025,7,3,1,304,1
265823,"Lidocaine hydrochloride, nifedipine",SEAFORD PHARMACEUTICALS INC,Vasoprotectives,NDS,0,2022-11-17,0,0,0,0,0,1,0,0,0,0,0,0,Issued Notice of Compliance,2024-05-30,2022,11,4,2,560,1
293019,Lifileucel,"IOVANCE BIOTHERAPEUTICS, INC",Antineoplastic agents,NDS,0,2025-01-07,0,1,0,0,1,0,0,0,0,0,0,0,Issued Notice of Compliance under the NOC/c Guidance,2025-08-15,2025,1,1,1,220,1
199810,Lifitegrast,SHIRE PHARMA CANADA ULC,Ophthalmologicals,NDS,0,2016-12-19,0,1,0,0,0,0,0,0,0,0,0,0,Issued Notice of Compliance,2017-12-22,2016,12,4,1,368,1
247562,Lisocabtagene maraleucel,CELGENE INC,Antineoplastic agents,NDS,0,2021-02-05,0,1,0,0,0,0,0,0,0,0,0,0,Issued Notice of Compliance,2022-05-06,2021,2,1,1,455,1
193862,Lixisenatide,SANOFI-AVENTIS CANADA INC,Drugs used in diabetes,NDS,0,2016-06-17,0,1,0,0,0,0,0,0,0,0,0,0,Issued Notice of Compliance,2017-05-25,2016,6,2,1,342,1
284436,Loncastuximab tesirine,SWEDISH ORPHAN BIOVITRUM AB (PUBL),Antineoplastic agents,NDS,0,2024-06-07,0,1,0,0,1,0,1,0,0,0,0,0,Issued Notice of Compliance under the NOC/c Guidance,2025-03-07,2024,6,2,1,273,1
190891,Lonoctocog alfa,CSL BEHRING CANADA INC,Antihemorrhagics,NDS,0,2016-02-17,0,1,0,0,0,0,0,0,0,0,0,0,Issued Notice of Compliance,2016-12-12,2016,2,1,1,299,1
198689,Lorcaserin hydrochloride,EISAI LIMITED,"Antiobesity preparations, excluding diet products",NDS,0,2016-11-25,0,1,0,0,0,0,0,0,0,0,0,0,Cancelled by sponsor,2018-02-02,2016,11,4,1,434,0
215733,Lorlatinib,PFIZER CANADA ULC,Antineoplastic agents,NDS,0,2018-06-18,0,1,0,0,1,0,0,0,0,0,0,0,Issued Notice of Compliance under the NOC/c Guidance,2019-02-22,2018,6,2,1,249,1
254883,Lumasiran,ALNYLAM NETHERLANDS B.V.,Other alimentary tract and metabolism products,NDS,0,2021-08-25,0,1,0,1,0,0,0,0,0,0,0,0,Issued Notice of Compliance,2022-03-07,2021,8,3,1,194,1
247485,Lurbinectedin,JAZZ PHARMACEUTICALS IRELAND LIMITED,Antineoplastic agents,NDS,0,2021-01-21,0,1,0,0,1,0,0,0,0,0,1,0,Issued Notice of Compliance under the NOC/c Guidance,2021-09-29,2021,1,1,1,251,1
236441,Luspatercept,CELGENE INC,Antianemic preparations,NDS,0,2020-03-30,0,1,0,1,0,0,0,0,0,0,0,0,Issued Notice of Compliance,2020-09-25,2020,3,1,1,179,1
236625,Luspatercept,CELGENE INC,Antianemic preparations,NDS,0,2020-04-17,0,0,0,0,0,0,0,0,0,0,0,0,Issued Notice of Compliance,2021-02-11,2020,4,2,1,300,1
217184,Lutetium (177Lu) oxodotretotide,"ADVANCED ACCELERATOR APPLICATIONS USA, INC.",Therapeutic radiopharmaceuticals,NDS,0,2018-07-13,0,1,0,1,0,0,1,0,0,0,0,0,Issued Notice of Compliance,2019-01-09,2018,7,3,1,180,1
260951,Lutetium (177Lu) vipivotide tetraxetan,"ADVANCED ACCELERATOR APPLICATIONS USA, INC.",Therapeutic radiopharmaceuticals,NDS,0,2022-02-28,0,1,0,1,0,0,1,0,0,0,1,0,Issued Notice of Compliance,2022-08-25,2022,2,1,1,178,1
245848,"Macitentan, tadalafil",JANSSEN INC,Antihypertensives,NDS,0,2020-12-18,0,0,0,0,0,0,0,0,0,0,0,0,Issued Notice of Compliance,2021-10-14,2020,12,4,2,300,1
217446,Mannitol,PHARMAXIS LTD,Diagnostic agents,NDS,0,2018-08-17,0,0,0,0,0,0,0,0,0,0,0,0,Issued Notice of Compliance,2019-06-13,2018,8,3,1,300,1
271030,Maralixibat chloride,"MIRUM PHARMACEUTICALS, INC.",Bile and liver therapy,NDS,0,2023-01-26,0,1,0,1,0,0,1,0,0,0,0,0,Issued Notice of Compliance,2023-07-21,2023,1,1,1,176,1
259676,Maribavir,TAKEDA CANADA INC,Antivirals for systemic use,NDS,0,2022-03-22,0,1,0,1,0,0,0,0,0,0,0,0,Issued Notice of Compliance,2022-09-15,2022,3,1,1,177,1
280462,Marstacimab,PFIZER CANADA ULC,Antihemorrhagics,NDS,0,2023-12-15,0,1,0,0,0,0,0,0,0,0,0,0,Cancelled by sponsor,2024-10-10,2023,12,4,1,300,0
263505,Masitinib mesylate,AB SCIENCE S.A.,Antineoplastic agents,NDS,0,2022-05-24,0,1,0,0,1,0,1,0,0,0,0,0,Issued Notice of Deficiency - Withdrawal,2024-02-19,2022,5,2,1,636,0
258772,Mavacamten,BRISTOL-MYERS SQUIBB CANADA,Cardiac therapy,NDS,0,2022-01-12,0,1,0,0,0,0,0,0,0,0,0,0,Issued Notice of Compliance,2022-11-08,2022,1,1,1,300,1
235023,Mecasermin,IPSEN BIOPHARMACEUTICALS CANADA INC,Pituitary and hypothalamic hormones and analogues,NDS,0,2020-02-24,0,1,0,0,0,0,0,0,0,0,0,0,Issued Notice of Compliance,2020-12-17,2020,2,1,1,297,1
287534,Melatonin,NEURIM PHARMACEUTICALS LTD.,Psycholeptics,NDS,0,2024-08-01,0,0,0,0,0,0,0,0,0,0,0,0,Issued Notice of Compliance,2025-09-08,2024,8,3,1,403,1
233632,"Meningococcal group A polysaccharide-tetanus toxoid conjugate, meningococcal group C polysaccharide-tetanus toxoid conjugate, meningococcal group W polysaccharide-tetanus toxoid conjugate, meningococcal group Y polysaccharide-tetanus toxoid conjugate",SANOFI PASTEUR LIMITED,Vaccines,NDS,0,2020-01-03,0,0,0,0,0,0,0,0,0,0,0,0,Issued Notice of Compliance,2020-10-29,2020,1,1,4,300,1
191347,Mercaptamine bitartrate,HORIZON PHARMA IRELAND LTD,Other alimentary tract and metabolism products,NDS,0,2016-03-16,0,1,0,1,0,0,0,0,0,0,0,0,Issued Notice of Compliance,2017-06-13,2016,3,1,1,454,1
266553,Meropenem trihydrate,B.BRAUN MEDICAL INC,Antibacterials for systemic use,NDS,0,2023-03-10,0,0,0,0,0,0,0,0,0,0,0,0,Issued Notice of Compliance,2024-01-04,2023,3,1,1,300,1
280730,"Meropenem trihydrate, vaborbactam",XEDITON PHARMACEUTICALS INC,Antibacterials for systemic use,NDS,0,2024-01-29,0,1,0,1,0,0,0,0,0,0,0,0,Issued Notice of Compliance,2024-12-20,2024,1,1,2,326,1
204605,Mesalazine,AVIR PHARMA INC,"Antidiarrheals, intestinal anti-inflammatory/anti-infective agents ",NDS,0,2017-05-25,0,0,0,0,0,0,0,0,0,0,0,0,Issued Notice of Compliance,2018-03-20,2017,5,2,1,299,1
198475,Mesalazine,AVIR PHARMA INC,"Antidiarrheals, intestinal anti-inflammatory/anti-infective agents ",NDS,0,2017-02-02,0,0,0,0,0,0,0,0,0,0,0,0,Cancelled by sponsor,2020-08-04,2017,2,1,1,1279,0
194646,Mesalazine,TILLOTTS PHARMA AG,"Antidiarrheals, intestinal anti-inflammatory/anti-infective agents ",NDS,0,2016-09-06,0,0,0,0,0,0,0,0,0,0,0,0,Issued Notice of Compliance,2021-05-18,2016,9,3,1,1715,1
247241,Mesalazine,AVIR PHARMA INC,"Antidiarrheals, intestinal anti-inflammatory/anti-infective agents ",NDS,0,2021-03-25,0,0,0,0,0,0,0,0,0,0,0,0,Issued Notice of Compliance,2022-01-18,2021,3,1,1,299,1
263913,Metformin hydrochloride,PHARMARIS CANADA INC,Drugs used in diabetes,NDS,0,2022-07-20,0,0,0,0,0,0,0,0,0,0,0,0,Issued Notice of Compliance,2023-01-24,2022,7,3,1,188,1
262108,Methotrexate,NORDIC GROUP B.V.,Immunosuppressants,NDS,0,2022-05-24,0,0,0,0,0,1,0,0,0,0,0,0,Issued Notice of Compliance,2024-03-26,2022,5,2,1,672,1
254599,Methotrexate sodium,ACCORD HEALTHCARE INC,Immunosuppressants,NDS,0,2021-11-23,0,0,0,0,0,1,0,0,0,0,0,0,Issued Notice of Compliance,2022-09-15,2021,11,4,1,296,1
204879,Methoxyflurane,PURDUE PHARMA,Analgesics,NDS,0,2017-06-12,0,0,0,0,0,0,0,0,0,0,0,0,Issued Notice of Compliance,2018-04-07,2017,6,2,1,299,1
219788,Methylene blue,PENDOPHARM DIVISION OF PHARMASCIENCE INC,Diagnostic agents,NDS,0,2018-10-26,0,0,0,0,0,0,0,0,0,0,0,0,Issued Notice of Non-compliance - Withdrawal,2021-05-21,2018,10,4,1,938,0
243224,Methylphenidate hydrochloride,KYE PHARMACEUTICALS INC,Psychoanaleptics,NDS,0,2021-01-08,0,0,0,0,0,0,0,0,0,0,0,0,Issued Notice of Compliance,2023-09-21,2021,1,1,1,986,1
281510,Methylphenidate hydrochloride,IRONSHORE PHARMACEUTICALS & DEVELOPMENT INC,Psychoanaleptics,NDS,0,2024-01-18,0,0,0,0,0,0,0,0,0,0,0,0,Issued Notice of Compliance,2024-11-13,2024,1,1,1,300,1
273908,Metreleptin,AMRYT PHARMACEUTICALS DAC,Other alimentary tract and metabolism products,NDS,0,2023-04-28,0,1,0,1,0,0,1,0,0,0,0,0,Issued Notice of Compliance,2024-01-17,2023,4,2,1,264,1
283160,Midazolam hydrochloride,"NEURAXPHARM PHARMACEUTICALS, S.L.",Psycholeptics,NDS,0,2024-06-14,0,0,0,0,0,1,0,0,0,0,0,0,Issued Notice of Compliance,2025-07-22,2024,6,2,1,403,1
201101,Midostaurin,NOVARTIS PHARMACEUTICALS CANADA INC,Antineoplastic agents,NDS,0,2017-01-06,0,1,0,1,0,0,1,0,0,0,0,0,Issued Notice of Compliance,2017-07-21,2017,1,1,1,196,1
196956,Migalastat hydrochloride,AMICUS THERAPEUTICS UK LTD,Other alimentary tract and metabolism products,NDS,0,2016-11-08,0,1,0,0,0,0,0,0,0,0,0,0,Issued Notice of Compliance,2017-09-05,2016,11,4,1,301,1
276366,Miglustat,AMICUS THERAPEUTICS CANADA INC.,Other alimentary tract and metabolism products,NDS,0,2024-06-17,0,0,0,0,0,0,1,0,0,0,0,0,Issued Notice of Compliance,2025-04-10,2024,6,2,1,297,1
266471,Mirikizumab,ELI LILLY CANADA INC,Immunosuppressants,NDS,0,2022-09-15,0,1,0,0,0,0,1,0,0,0,0,0,Issued Notice of Compliance,2023-07-20,2022,9,3,1,308,1
294637,Mirvetuximab soravtansine,ABBVIE CORPORATION,Antineoplastic agents,NDS,0,2025-03-03,0,1,0,1,0,0,1,0,0,0,0,0,Issued Notice of Compliance,2025-08-29,2025,3,1,1,179,1
251277,Mogamulizumab,"KYOWA KIRIN, INC.",Antineoplastic agents,NDS,0,2021-05-17,0,1,0,0,0,0,1,0,0,0,0,0,Issued Notice of Compliance,2022-06-02,2021,5,2,1,381,1
255584,Molnupiravir *For use in relation to COVID-19,MERCK CANADA INC,Antivirals for systemic use,NDS,0,2021-08-20,0,1,0,0,0,0,0,1,0,0,0,1,Cancelled by sponsor,2023-04-26,2021,8,3,1,614,0
281695,Momelotinib dihydrochloride monohydrate,GLAXOSMITHKLINE INC,Antineoplastic agents,NDS,0,2024-01-17,0,1,0,0,0,0,1,0,0,0,0,0,Issued Notice of Compliance,2024-11-08,2024,1,1,1,296,1
199704,Mometasone furoate,AVIR PHARMA INC,"Corticosteroids, dermatological preparations",NDS,0,2017-09-20,0,0,0,0,0,0,0,0,0,0,0,0,Cancelled by sponsor,2019-10-21,2017,9,3,1,761,0
238027,"Mometasone furoate monohydrate, olopatadine hydrochloride",GLENMARK SPECIALTY SA,Nasal preparations,NDS,0,2020-07-31,0,0,0,0,0,0,0,0,0,0,0,0,Issued Notice of Compliance,2022-09-21,2020,7,3,2,782,1
298079,Mosunetuzumab,HOFFMANN-LA ROCHE LIMITED,Antineoplastic agents,NDS,0,2025-06-17,0,1,0,0,1,0,1,0,0,0,0,0,Issued Notice of Compliance under the NOC/c Guidance,2026-02-06,2025,6,2,1,234,1
299915,Mosunetuzumab,HOFFMANN-LA ROCHE LIMITED,Antineoplastic agents,NDS,0,2025-08-15,0,0,0,0,1,0,1,0,0,0,0,0,Issued Notice of Compliance under the NOC/c Guidance,2026-04-10,2025,8,3,1,238,1
293542,"mRNA encoding haemagglutinin of B/Victoria lineage, haemagglutinin of influenza A/H1N1, haemagglutinin of influenza A/H3N2, SARS-CoV-2 spike protein NTD-RBD subdomains",MODERNA BIOPHARMA CANADA CORPORATION,Vaccines,NDS,0,2025-02-06,0,1,0,0,0,0,0,1,0,0,0,0,Cancelled by sponsor,2025-06-30,2025,2,1,4,144,0
291323,mRNA encoding SARS-CoV-2 spike protein NTD-RBD subdomains,MODERNA BIOPHARMA CANADA CORPORATION,Vaccines,NDS,0,2024-12-03,0,1,0,0,0,0,0,1,0,0,0,0,Issued Notice of Compliance,2025-09-29,2024,12,4,1,300,1
295688,Nadofaragene firadenovec,FERRING INC,Antineoplastic agents,NDS,0,2025-04-24,0,1,0,0,0,0,1,0,0,0,0,0,Issued Notice of Compliance,2026-03-16,2025,4,2,1,326,1
193199,Naloxone hydrochloride,ADAPT PHARMA OPERATIONS LIMITED,All other therapeutic products,NDS,0,2016-04-22,0,0,0,0,0,0,0,0,0,0,0,0,Issued Notice of Compliance,2016-10-03,2016,4,2,1,164,1
211970,Naloxone hydrochloride dihydrate,PURDUE PHARMA,All other therapeutic products,NDS,0,2018-01-26,0,0,0,0,0,1,0,0,0,0,0,0,Cancelled by sponsor,2019-06-17,2018,1,1,1,507,0
281754,Naloxone hydrochloride dihydrate,HIKMA CANADA LIMITED,All other therapeutic products,NDS,0,2024-04-18,0,0,0,0,0,0,0,0,0,0,0,0,Issued Notice of Compliance,2025-02-12,2024,4,2,1,300,1
225848,"Naproxen sodium, sumatriptan succinate",ARALEZ PHARMACEUTICALS CANADA INC,Analgesics,NDS,0,2019-05-03,0,0,0,0,0,0,0,0,0,0,0,0,Issued Notice of Compliance,2020-02-27,2019,5,2,2,300,1
286523,Natalizumab,POLPHARMA BIOLOGICS S.A.,Immunosuppressants,NDS,0,2024-06-24,0,0,1,0,0,0,0,0,0,0,0,0,Issued Notice of Compliance,2025-09-24,2024,6,2,1,457,1
193689,Necitumumab,ELI LILLY CANADA INC,Antineoplastic agents,NDS,0,2016-05-20,0,1,0,0,0,0,0,0,0,0,0,0,Issued Notice of Compliance,2017-03-16,2016,5,2,1,300,1
195550,"Neisseria meningitidis group B recombinant lipidated protein 2086 subfamilies A, B	",PFIZER CANADA INC,Vaccines,NDS,0,2016-07-22,0,1,0,0,0,0,0,0,0,0,0,0,Issued Notice of Compliance,2017-10-05,2016,7,3,2,440,1
286429,Nemolizumab,GALDERMA CANADA INC,Other dermatological preparations,NDS,0,2024-06-24,0,1,0,0,0,0,1,0,0,0,0,0,Issued Notice of Compliance,2025-12-18,2024,6,2,1,542,1
218224,Neratinib maleate,PUMA BIOTECHNOLOGY INC,Antineoplastic agents,NDS,0,2018-09-19,0,1,0,0,0,0,0,0,0,0,0,0,Issued Notice of Compliance,2019-07-16,2018,9,3,1,300,1
196495,"Netupitant, palonosetron hydrochloride",PURDUE PHARMA,Antiemetics and antinauseants,NDS,0,2016-12-02,0,1,0,0,0,0,0,0,0,0,0,0,Issued Notice of Compliance,2017-09-28,2016,12,4,2,300,1
216257,Nicardipine hydrochloride,PENDOPHARM DIVISION OF PHARMASCIENCE INC,Calcium channel blockers,NDS,0,2018-07-20,0,0,0,0,0,0,0,0,0,0,0,0,Issued Notice of Non-compliance - Withdrawal,2020-04-02,2018,7,3,1,622,0
293081,Nipocalimab,JANSSEN INC,Immunosuppressants,NDS,0,2025-01-21,0,1,0,0,0,0,0,0,0,0,0,1,Issued Notice of Compliance,2025-12-05,2025,1,1,1,318,1
216792,Niraparib,GLAXOSMITHKLINE INC,Antineoplastic agents,NDS,0,2018-09-28,0,1,0,0,0,0,0,0,0,0,0,1,Issued Notice of Compliance,2019-06-27,2018,9,3,1,272,1
259186,"Nirmatrelvir, ritonavir *For use in relation to COVID-19",PFIZER CANADA ULC,Antivirals for systemic use,NDS,0,2021-12-01,0,1,0,0,0,0,1,1,0,0,0,0,Issued Notice of Compliance,2022-01-17,2021,12,4,2,47,1
269388,Nirsevimab,ASTRAZENECA CANADA INC,Immune sera and immunoglobulins,NDS,0,2022-12-13,0,1,0,0,0,0,1,0,0,0,0,0,Issued Notice of Compliance,2023-04-19,2022,12,4,1,127,1
190564,Nitisinone,MENDELIKABS INC,Other alimentary tract and metabolism products,NDS,0,2016-03-24,0,1,0,1,0,1,0,0,0,0,0,0,Issued Notice of Compliance,2016-09-20,2016,3,1,1,180,1
193770,Nitisinone,CYCLE PHARMACEUTICALS LTD,Other alimentary tract and metabolism products,NDS,0,2016-05-09,0,1,0,1,0,1,0,0,0,0,0,0,Issued Notice of Compliance,2016-11-04,2016,5,2,1,179,1
193226,Nitisinone,SWEDISH ORPHAN BIOVITRUM AB (PUBL),Other alimentary tract and metabolism products,NDS,0,2016-07-08,0,1,0,1,0,0,0,0,0,0,0,0,Issued Notice of Compliance,2016-12-13,2016,7,3,1,158,1
253630,Nitric oxide *For use in relation to COVID-19,SANOTIZE RESEARCH & DEVELOPMENT CORP.,Other nervous system drugs,NDS,0,2021-06-15,0,0,0,0,0,0,0,1,0,0,0,0,Cancelled by sponsor,2021-09-01,2021,6,2,1,78,0
256629,"Nivolumab, relatlimab",BRISTOL-MYERS SQUIBB CANADA,Antineoplastic agents,NDS,0,2022-09-13,0,1,0,0,0,0,0,0,0,0,0,0,Issued Notice of Compliance,2023-09-13,2022,9,3,2,365,1
200070,Nusinersen,BIOGEN CANADA INC,Other drugs for disorders of the musculo-skeletal system,NDS,0,2016-12-12,0,1,0,0,1,0,0,0,0,0,0,0,Issued Notice of Compliance,2017-06-29,2016,12,4,1,199,1
198418,Obeticholic acid,INTERCEPT PHARMACEUTICALS INC,Bile and liver therapy,NDS,0,2016-10-18,0,1,0,1,1,0,0,0,0,0,0,0,Issued Notice of Compliance under the NOC/c Guidance,2017-05-24,2016,10,4,1,218,1
230825,Obiltoxaximab,ELUSYS THERAPEUTICS INC,Immune sera and immunoglobulins,NDS,0,2019-10-04,1,1,0,0,0,0,0,0,0,0,0,0,Issued Notice of Compliance,2020-07-30,2019,10,4,1,300,1
198094,Ocrelizumab,HOFFMANN LA ROCHE LIMITED,Immunosuppressants,NDS,0,2016-10-18,0,1,0,0,0,0,0,0,0,0,0,0,Issued Notice of Compliance,2017-08-14,2016,10,4,1,300,1
197969,Ocrelizumab,HOFFMANN LA ROCHE LIMITED,Immunosuppressants,NDS,0,2016-10-04,0,0,0,1,1,0,0,0,0,0,0,0,Issued Notice of Compliance under the NOC/c Guidance,2018-02-14,2016,10,4,1,498,1
273741,Odevixibat,MEDISON PHARMA CANADA INC.,Bile and liver therapy,NDS,0,2023-05-04,0,1,0,1,0,0,1,0,0,0,0,0,Issued Notice of Compliance,2023-10-30,2023,5,2,1,179,1
237346,Ofatumumab,NOVARTIS PHARMACEUTICALS CANADA INC,Antineoplastic agents,NDS,0,2020-05-07,0,0,0,0,0,0,1,0,0,0,0,1,Issued Notice of Compliance,2021-01-22,2020,5,2,1,260,1
182823,Olaparib,ASTRAZENECA CANADA INC,Antineoplastic agents,NDS,0,2015-06-04,0,1,0,0,1,0,0,0,0,0,0,0,Issued Notice of Compliance under the NOC/c Guidance,2016-04-29,2015,6,2,1,330,1
203478,Olaratumab,ELI LILLY CANADA INC,Antineoplastic agents,NDS,0,2017-04-06,0,1,0,0,1,0,0,0,0,0,0,0,Issued Notice of Compliance under the NOC/c Guidance,2017-11-23,2017,4,2,1,231,1
297894,Olezarsen sodium,THERATECHNOLOGIES INC,Lipid modifying agents,NDS,0,2025-06-19,0,1,0,1,0,0,1,0,0,0,0,0,Issued Notice of Compliance,2025-12-16,2025,6,2,1,180,1
275236,Olipudase alfa,SANOFI-AVENTIS CANADA INC,Other alimentary tract and metabolism products,NDS,0,2023-06-12,0,1,0,1,0,0,0,0,0,0,0,0,Issued Notice of Compliance,2024-02-28,2023,6,2,1,261,1
279053,Omalizumab,CELLTRION INC,Drugs for obstructive airway diseases,NDS,0,2024-02-12,0,0,1,0,0,0,0,0,0,0,0,0,Issued Notice of Compliance,2024-12-06,2024,2,1,1,298,1
289541,Omaveloxolone,BIOGEN CANADA INC,Other nervous system drugs,NDS,0,2024-09-16,0,1,0,1,0,0,0,0,0,0,0,0,Issued Notice of Compliance,2025-03-13,2024,9,3,1,178,1
239719,Onasemnogene abeparvovec,NOVARTIS PHARMACEUTICALS CANADA INC,Other drugs for disorders of the musculo-skeletal system,NDS,0,2020-06-18,0,1,0,1,0,0,1,0,0,0,0,0,Issued Notice of Compliance,2020-12-15,2020,6,2,1,180,1
288760,Oritavancin diphosphate,XEDITON PHARMACEUTICALS INC,Antibacterials for systemic use,NDS,0,2024-08-23,0,1,0,1,0,0,0,0,0,0,0,0,Issued Notice of Compliance,2025-09-12,2024,8,3,1,385,1
269568,Osilodrostat phosphate,RECORDATI RARE DISEASES CANADA INC,Corticosteroids for systemic use,NDS,0,2023-02-21,0,1,0,0,0,0,1,0,0,0,0,0,Issued Notice of Compliance,2025-07-03,2023,2,1,1,863,1
188171,Osimertinib,ASTRAZENECA CANADA INC,Antineoplastic agents,NDS,0,2015-11-13,0,1,0,0,1,0,0,0,0,0,0,0,Issued Notice of Compliance under the NOC/c Guidance,2016-07-05,2015,11,4,1,235,1
222001,Ospemifene,DUCHESNAY INC,Sex hormones and modulators of the genital system,NDS,0,2019-03-08,0,1,0,0,0,0,0,0,0,0,0,0,Issued Notice of Compliance,2021-07-16,2019,3,1,1,861,1
198865,Oxycodone,COLLEGIUM PHARMACEUTICAL INC,Analgesics,NDS,0,2016-11-18,0,0,0,0,0,0,0,0,0,0,0,0,Cancelled by sponsor,2018-07-27,2016,11,4,1,616,0
232761,Ozanimod hydrochloride,CELGENE INC,Immunosuppressants,NDS,0,2019-12-09,0,1,0,0,0,0,1,0,0,0,0,0,Issued Notice of Compliance,2020-10-02,2019,12,4,1,298,1
192925,Ozenoxacin,FERRER INTERNACIONAL SA,Antibiotics and chemotherapy for dermatological use,NDS,0,2016-07-05,0,1,0,0,0,0,0,0,0,0,0,0,Issued Notice of Compliance,2017-05-01,2016,7,3,1,300,1
294475,Palopegteriparatide,PENDOPHARM DIVISION OF PHARMASCIENCE INC,Calcium homeostasis,NDS,0,2025-03-28,0,1,0,0,0,0,1,0,0,0,0,0,Issued Notice of Compliance,2026-01-28,2025,3,1,1,306,1
252065,Palovarotene,IPSEN BIOPHARMACEUTICALS CANADA INC,Other drugs for disorders of the musculo-skeletal system,NDS,0,2021-07-26,0,1,0,1,0,0,0,0,0,0,0,0,Issued Notice of Compliance,2022-01-21,2021,7,3,1,179,1
187504,Panobinostat,NOVARTIS PHARMACEUTICALS CANADA INC,Antineoplastic agents,NDS,0,2015-11-02,0,1,0,0,0,0,0,0,0,0,0,0,Cancelled by sponsor,2016-06-23,2015,11,4,1,234,0
210368,Patiromer sorbitex calcium,VIFOR FRESENIUS MEDICAL CARE RENAL PHARMA LTD,All other therapeutic products,NDS,0,2017-12-07,0,1,0,0,0,0,0,0,0,0,0,0,Issued Notice of Compliance,2018-10-03,2017,12,4,1,300,1
221896,Patisiran,ALNYLAM NETHERLANDS B.V.,Other nervous system drugs,NDS,0,2018-12-11,0,1,0,1,0,0,0,0,0,0,0,0,Issued Notice of Compliance,2019-06-07,2018,12,4,1,178,1
189795,Pegaspargase,BAXALTA CANADA CORPORATION,Antineoplastic agents,NDS,0,2016-05-02,0,0,0,0,0,0,0,0,0,0,0,0,Issued Notice of Compliance,2017-02-24,2016,5,2,1,298,1
263432,Pegcetaclopan,SWEDISH ORPHAN BIOVITRUM AB (PUBL),Immunosuppressants,NDS,0,2022-06-13,0,1,0,1,0,0,1,0,0,0,0,0,Issued Notice of Compliance,2022-12-08,2022,6,2,1,178,1
272381,Pegcetaclopan,"APELLIS PHARMACEUTICALS, INC",Immunosuppressants,NDS,0,2023-03-24,0,0,0,0,0,0,1,0,0,0,0,1,Cancelled by sponsor,2025-01-24,2023,3,1,1,672,0
204841,Pegfilgrastim,APOTEX INC,Immunostimulants,NDS,0,2017-06-09,0,0,1,0,0,0,0,0,0,0,0,0,Issued Notice of Compliance,2018-04-05,2017,6,2,1,300,1
200807,Pegfilgrastim,BGP PHARMA ULC,Immunostimulants,NDS,0,2017-01-27,0,0,1,0,0,0,1,0,0,0,0,0,Issued Notice of Compliance,2018-12-24,2017,1,1,1,696,1
220445,Pegfilgrastim,SANDOZ CANADA INCORPORATED,Immunostimulants,NDS,0,2019-05-27,0,0,1,0,0,0,0,0,0,0,0,0,Issued Notice of Compliance,2020-04-21,2019,5,2,1,330,1
233373,Pegfilgrastim,PFIZER CANADA ULC,Immunostimulants,NDS,0,2020-01-02,0,0,1,0,0,0,0,0,0,0,0,0,Issued Notice of Compliance,2020-10-28,2020,1,1,1,300,1
232048,Pegfilgrastim,PURDUE PHARMA,Immunostimulants,NDS,0,2019-11-15,0,0,1,0,0,0,0,0,0,0,0,0,Cancelled by sponsor,2021-07-20,2019,11,4,1,613,0
262438,Pegfilgrastim,NORA PHARMA INC,Immunostimulants,NDS,0,2022-05-16,0,0,1,0,0,0,0,0,0,0,0,0,Issued Notice of Compliance,2024-04-17,2022,5,2,1,702,1
271699,Pegfilgrastim,CURATEQ BIOLOGICS PRIVATE LIMITED,Immunostimulants,NDS,0,2023-06-08,0,0,1,0,0,0,0,0,0,0,0,0,Cancelled by sponsor,2024-07-22,2023,6,2,1,410,0
262990,Pegfilgrastim,LUPIN PHARMA CANADA LIMITED,Immunostimulants,NDS,0,2022-05-20,0,0,1,0,0,0,0,0,0,0,0,0,Issued Notice of Compliance,2024-08-16,2022,5,2,1,819,1
273871,Pegfilgrastim,JAMP PHARMA CORPORATION,Immunostimulants,NDS,0,2023-12-04,0,0,1,0,0,0,1,0,0,0,0,0,Issued Notice of Compliance,2024-12-13,2023,12,4,1,375,1
294441,Pegfilgrastim,CURATEQ BIOLOGICS PRIVATE LIMITED,Immunostimulants,NDS,0,2025-03-12,0,0,1,0,0,0,0,0,0,0,0,0,Issued Notice of Compliance,2026-01-06,2025,3,1,1,300,1
287986,Pegunigalsidase alfa,CHIESI FARMACEUTICI S.P.A.,Other alimentary tract and metabolism products,NDS,0,2024-11-08,0,1,0,0,0,0,0,0,0,0,0,0,Issued Notice of Compliance,2025-12-09,2024,11,4,1,396,1
251687,Pegvaliase,BIOMARIN INTERNATIONAL LIMITED,Other alimentary tract and metabolism products,NDS,0,2021-06-04,0,1,0,0,0,0,0,0,0,0,0,0,Issued Notice of Compliance,2022-03-30,2021,6,2,1,299,1
302066,Pegzilarginase,IMMEDICA PHARMA AB,Other alimentary tract and metabolism products,NDS,0,2025-10-24,0,1,0,1,0,0,1,0,0,0,0,0,Issued Notice of Compliance,2026-05-29,2025,10,4,1,217,1
242569,Pemigatinib,INCYTE CORPORATION,Antineoplastic agents,NDS,0,2020-10-15,0,1,0,0,0,0,1,0,0,0,0,0,Issued Notice of Compliance under the NOC/c Guidance,2021-09-17,2020,10,4,1,337,1
191280,Peramivir,BIOCRYST PHARMACEUTICALS INC,Antivirals for systemic use,NDS,0,2016-03-11,0,1,0,0,0,0,0,0,0,0,0,0,Issued Notice of Compliance,2017-01-05,2016,3,1,1,300,1
272066,Perfluorohexyloctane,BAUSCH & LOMB INC,Ophthalmologicals,NDS,0,2023-08-11,0,1,0,0,0,0,0,0,0,0,0,0,Issued Notice of Compliance,2024-09-04,2023,8,3,1,390,1
201189,Perindopril arginine,APOTEX INC,Agents acting on the renin-angiotensin system,NDS,0,2017-08-25,0,0,0,0,0,0,0,0,0,0,0,0,Issued Notice of Compliance,2018-03-09,2017,8,3,1,196,1
237402,"Pertuzumab, trastuzumab",HOFFMANN LA ROCHE LIMITED,Antineoplastic agents,NDS,0,2020-05-06,0,0,0,0,0,0,0,0,0,0,0,0,Issued Notice of Compliance,2021-03-01,2020,5,2,2,299,1
304089,Pimicotinib hydrochloride,EMD SERONO A DIVISION OF EMD INC CANADA,Antineoplastic agents,NDS,0,2025-12-15,0,1,0,1,0,0,0,0,1,0,0,0,Issued Notice of Compliance,2026-06-12,2025,12,4,1,179,1
293854,Pirtobrutinib,ELI LILLY CANADA INC,Antineoplastic agents,NDS,0,2025-03-13,0,1,0,0,1,0,1,0,0,0,0,0,Issued Notice of Compliance under the NOC/c Guidance,2025-10-17,2025,3,1,1,218,1
238175,Pitolisant,ENDO VENTURES LTD,Other nervous system drugs,NDS,0,2020-05-22,0,1,0,0,0,0,0,0,0,0,0,0,Issued Notice of Compliance,2021-05-25,2020,5,2,1,368,1
215288,Plecanatide,CIPHER PHARMACEUTICALS INC,Drugs for constipation,NDS,0,2018-12-14,0,1,0,0,0,0,0,0,0,0,0,0,Issued Notice of Compliance,2019-10-10,2018,12,4,1,300,1
298667,Plozasiran,"ARROWHEAD PHARMACEUTICALS, INC.",Lipid modifying agents,NDS,0,2025-07-08,0,1,0,1,0,0,1,0,0,0,0,0,Issued Notice of Compliance,2026-01-02,2025,7,3,1,178,1
232303,Polatuzumab vedotin,HOFFMANN LA ROCHE LIMITED,Antineoplastic agents,NDS,0,2019-11-08,0,1,0,0,1,0,0,0,0,0,0,0,Issued Notice of Compliance under the NOC/c Guidance,2020-07-09,2019,11,4,1,244,1
239537,Ponesimod,JANSSEN INC,Immunosuppressants,NDS,0,2020-07-02,0,1,0,0,0,0,0,0,0,0,0,0,Issued Notice of Compliance,2021-04-28,2020,7,3,1,300,1
208364,PrabotulinumtoxinA,EVOLUS INCORPORATED,Muscle relaxants,NDS,0,2017-10-20,0,0,0,0,0,0,0,0,0,0,0,0,Issued Notice of Compliance,2018-08-16,2017,10,4,1,300,1
207545,Pralatrexate,SERVIER CANADA INC,Antineoplastic agents,NDS,0,2017-11-15,0,1,0,0,1,0,1,0,0,0,0,0,Issued Notice of Compliance under the NOC/c Guidance,2018-10-26,2017,11,4,1,345,1
243731,Pralsetinib,HOFFMANN LA ROCHE LIMITED,Antineoplastic agents,NDS,0,2020-11-03,0,1,0,0,1,0,0,0,0,0,1,0,Issued Notice of Compliance under the NOC/c Guidance,2021-06-30,2020,11,4,1,239,1
252270,Pralsetinib,HOFFMANN-LA ROCHE LIMITED,Antineoplastic agents,NDS,0,2021-06-28,0,0,0,0,1,0,0,0,0,0,1,0,Cancelled by sponsor,2022-04-05,2021,6,2,1,281,0
198822,Prasterone,ENDOCEUTICS INC,Anabolic agents for systemic use,NDS,0,2016-12-05,0,1,0,0,0,0,0,0,0,0,0,0,Issued Notice of Compliance,2019-11-01,2016,12,4,1,1061,1
293526,Pregabalin,ODAN LABORATORIES LTD,Analgesics,NDS,0,2025-02-21,0,0,0,0,0,0,0,0,0,0,0,0,Issued Notice of Compliance,2025-08-19,2025,2,1,1,179,1
211548,Progesterone,PHARMASCIENCE INC,Sex hormones and modulators of the genital system,NDS,0,2018-02-28,0,0,0,0,0,0,0,0,0,0,0,0,Issued Notice of Compliance,2018-08-22,2018,2,1,1,175,1
239820,Progesterone,IBSA INSTITUT BIOCHIMIQUE SA,Sex hormones and modulators of the genital system,NDS,0,2020-07-08,0,0,0,0,0,0,0,0,0,0,0,0,Issued Notice of Compliance,2021-04-30,2020,7,3,1,296,1
188323,Propiverine hydrochloride,DUCHESNAY INC,Urologicals,NDS,0,2016-03-11,0,1,0,0,0,0,0,0,0,0,0,0,Issued Notice of Compliance,2017-01-05,2016,3,1,1,300,1
288150,Quizartinib,DAIICHI SANKYO PHARMA CANADA LIMITED,Antineoplastic agents,NDS,0,2024-08-13,0,1,0,0,0,0,1,0,0,0,1,0,Issued Notice of Compliance,2025-06-09,2024,8,3,1,300,1
211541,Rabies immune globulin human,KAMADA LTD,Immune sera and immunoglobulins,NDS,0,2018-01-11,0,0,0,0,0,0,0,0,0,0,0,0,Issued Notice of Compliance,2018-11-07,2018,1,1,1,300,1
251162,Ranibizumab,"SAMSUNG BIOEPIS CO., LTD",Ophthalmologicals,NDS,0,2021-05-12,0,0,1,0,0,0,0,0,0,0,0,0,Issued Notice of Compliance,2022-03-08,2021,5,2,1,300,1
254848,Ranibizumab,HOFFMANN-LA ROCHE LIMITED,Ophthalmologicals,NDS,0,2021-09-03,0,0,0,0,0,0,0,0,0,0,0,0,Issued Notice of Compliance,2022-09-14,2021,9,3,1,376,1
268288,Ranibizumab,TEVA CANADA LIMITED,Ophthalmologicals,NDS,0,2022-12-09,0,0,1,0,0,0,0,0,0,0,0,0,Issued Notice of Compliance,2023-10-11,2022,12,4,1,306,1
297955,Ranibizumab,APOTEX INC,Ophthalmologicals,NDS,0,2025-08-19,0,0,1,0,0,0,1,0,0,0,0,0,Issued Notice of Compliance,2026-06-10,2025,8,3,1,295,1
239943,Ranolazine,KYE PHARMACEUTICALS INC,Cardiac therapy,NDS,0,2020-07-06,0,1,0,1,0,1,1,0,0,0,0,0,Issued Notice of Compliance,2020-12-31,2020,7,3,1,178,1
217955,Ravulizumab,ALEXION PHARMA GMBH,Immunosuppressants,NDS,0,2018-11-02,0,1,0,0,0,0,0,0,0,0,0,0,Issued Notice of Compliance,2019-08-28,2018,11,4,1,299,1
276302,Raxtozinameran *For use in relation to COVID-19,BIONTECH MANUFACTURING GMBH,Vaccines,NDS,0,2023-06-30,0,1,0,0,0,0,0,1,0,0,0,0,Issued Notice of Compliance,2023-09-28,2023,6,2,1,90,1
180793,Recombinant fusion protein linking factor IX with recombinant albumin (RIX-FP),CSL BEHRING CANADA INC,Antihemorrhagics,NDS,0,2015-04-01,0,1,0,0,0,0,0,0,0,0,0,0,Issued Notice of Compliance,2016-01-26,2015,4,2,1,300,1
230211,"Recombinant haemagglutinin-strain A (H1N1) virus-like particles, Recombinant haemagglutinin-strain A (H3N2) virus-like particles, Recombinant haemagglutinin-strain B (Victoria lineage) virus-like particles, Recombinant haemagglutinin-strain B (Yamagata lineage) virus-like particles",MEDICAGO INC,Vaccines,NDS,0,2019-09-23,0,1,0,0,0,0,0,0,0,0,0,0,Cancelled by sponsor,2021-09-03,2019,9,3,4,711,0
235672,"Recombinant influenza strain A H1N1 HA protein, recombinant influenza strain A H3N2 HA protein, recombinant influenza strain B (Victoria lineage) HA protein, recombinant influenza strain B (Yamagata lineage) HA protein",SANOFI PASTEUR LIMITED,Vaccines,NDS,0,2020-03-20,0,1,0,0,0,0,0,0,0,0,0,0,Issued Notice of Compliance,2021-01-14,2020,3,1,4,300,1
252929,Regdanvimab *For use in relation to COVID-19,CELLTRION HEALTHCARE CO LTD,Immune sera and immunoglobulins,NDS,0,2021-05-28,0,1,0,0,0,0,1,1,0,0,0,0,Cancelled by sponsor,2024-07-31,2021,5,2,1,1160,0
271756,RelabotulinumtoxinA,GALDERMA SA,Muscle relaxants,NDS,0,2023-03-29,0,0,0,0,0,0,0,0,0,0,0,0,Cancelled by sponsor,2024-01-16,2023,3,1,1,293,0
269372,Relugolix,SUMITOMO PHARMA SWITZERLAND GMBH,Endocrine therapy,NDS,0,2022-12-15,0,1,0,0,0,0,0,0,0,0,0,0,Issued Notice of Compliance,2023-10-10,2022,12,4,1,299,1
240551,Remdesivir,GILEAD SCIENCES CANADA INC,Antivirals for systemic use,NDS,0,2020-06-19,0,1,0,0,1,0,0,0,0,0,0,0,Issued Notice of Compliance under the NOC/c Guidance,2020-07-27,2020,6,2,1,38,1
300491,Remibrutinib,NOVARTIS PHARMACEUTICALS CANADA INC,Immunosuppressants,NDS,0,2025-09-22,0,1,0,0,0,0,1,0,0,0,0,0,Issued Notice of Compliance,2026-07-16,2025,9,3,1,297,1
284373,Repotrectinib,BRISTOL-MYERS SQUIBB CANADA,Antineoplastic agents,NDS,0,2024-05-28,0,1,0,0,0,0,0,0,0,0,1,0,Issued Notice of Compliance,2025-05-07,2024,5,2,1,344,1
185873,Reslizumab,TEVA CANADA LIMITED,Immunosuppressants,NDS,0,2015-09-25,0,1,0,0,0,0,0,0,0,0,0,0,Issued Notice of Compliance,2016-07-20,2015,9,3,1,299,1
269021,Respiratory syncytial virus prefusion F protein (RSVPreF3),GLAXOSMITHKLINE INC,Vaccines,NDS,0,2022-11-29,0,1,0,0,0,0,0,0,0,0,0,0,Issued Notice of Compliance,2023-08-04,2022,11,4,1,248,1
284125,Retifanlimab,INCYTE CORPORATION,Antineoplastic agents,NDS,0,2024-04-12,0,1,0,0,0,0,0,0,0,0,0,0,Issued Notice of Compliance,2025-02-06,2024,4,2,1,300,1
203884,Ribociclib,NOVARTIS PHARMACEUTICALS CANADA INC,Antineoplastic agents,NDS,0,2017-05-08,0,1,0,0,0,0,0,0,0,0,0,0,Issued Notice of Compliance,2018-03-02,2017,5,2,1,298,1
293336,Rifapentine,MACLEODS PHARMACEUTICALS LIMITED,Antimycobacterials,NDS,0,2025-03-28,0,1,0,0,0,0,0,0,0,0,0,0,Issued Notice of Compliance,2026-02-12,2025,3,1,1,321,1
266189,"Riltozinameran, tozinameran *For use in relation to COVID-19",BIONTECH MANUFACTURING GMBH,Vaccines,NDS,0,2022-07-25,0,1,0,0,0,0,0,1,0,0,0,0,Issued Notice of Compliance,2022-10-21,2022,7,3,2,88,1
268384,Rimegepant,PFIZER CANADA ULC,Analgesics,NDS,0,2023-01-18,0,1,0,0,0,0,1,0,0,0,0,0,Issued Notice of Compliance,2023-12-01,2023,1,1,1,317,1
234688,Ripretinib,DECIPHERA PHARMACEUTICALS. LLC,Antineoplastic agents,NDS,0,2020-03-11,0,1,0,1,0,0,0,0,1,0,0,0,Issued Notice of Compliance,2020-06-19,2020,3,1,1,100,1
215753,Risankizumab,ABBVIE CORPORATION,Immunosuppressants,NDS,0,2018-06-21,0,1,0,0,0,0,0,0,0,0,0,0,Issued Notice of Compliance,2019-04-17,2018,6,2,1,300,1
242373,Risdiplam,HOFFMANN LA ROCHE LIMITED,Other drugs for disorders of the musculo-skeletal system,NDS,0,2020-10-16,0,1,0,1,0,0,0,0,0,0,0,0,Issued Notice of Compliance,2021-04-14,2020,10,4,1,180,1
233331,Risperidone,HLS THERAPEUTICS INC,Psycholeptics,NDS,0,2020-01-21,0,0,0,0,0,0,0,0,0,0,0,0,Issued Notice of Compliance,2020-11-19,2020,1,1,1,303,1
264840,Risperidone,"LABORATORIOS FARMACEUTICOS ROVI, S.A.",Psycholeptics,NDS,0,2022-12-29,0,0,0,0,0,0,0,0,0,0,0,0,Issued Notice of Compliance,2024-03-21,2022,12,4,1,448,1
259861,Risperidone,TEVA CANADA LIMITED,Psycholeptics,NDS,0,2022-03-11,0,0,0,0,0,0,1,0,0,0,0,0,Issued Notice of Compliance,2025-06-18,2022,3,1,1,1195,1
268723,Ritlecitinib,PFIZER CANADA ULC,Immunosuppressants,NDS,0,2023-02-02,0,1,0,0,0,0,0,0,0,0,0,0,Issued Notice of Compliance,2023-11-29,2023,2,1,1,300,1
207702,Rituximab,CELLTRION HEALTHCARE CO LTD,Antineoplastic agents,NDS,0,2017-09-08,0,0,1,0,0,0,0,0,0,0,0,0,Cancelled by sponsor,2019-03-14,2017,9,3,1,552,0
208107,Rituximab,CELLTRION HEALTHCARE CO LTD,Antineoplastic agents,NDS,0,2017-09-08,0,0,1,0,0,0,0,0,0,0,0,0,Cancelled by sponsor,2019-03-14,2017,9,3,1,552,0
224672,Rituximab,PFIZER CANADA ULC,Antineoplastic agents,NDS,0,2019-03-25,0,0,1,0,0,0,0,0,0,0,0,0,Cancelled by sponsor,2019-04-02,2019,3,1,1,8,0
208204,Rituximab,CELLTRION HEALTHCARE CO LTD,Antineoplastic agents,NDS,0,2017-09-08,0,0,1,0,0,0,0,0,0,0,0,0,Issued Notice of Compliance,2019-04-04,2017,9,3,1,573,1
214058,Rituximab,SANDOZ CANADA INCORPORATED,Antineoplastic agents,NDS,0,2018-04-20,0,0,1,0,0,0,0,0,0,0,0,0,Issued Notice of Compliance,2020-04-28,2018,4,2,1,739,1
224164,Rituximab,PFIZER CANADA ULC,Antineoplastic agents,NDS,0,2019-03-25,0,0,1,0,0,0,0,0,0,0,0,0,Issued Notice of Compliance,2020-05-04,2019,3,1,1,406,1
237814,Rituximab,AMGEN CANADA INC,Antineoplastic agents,NDS,0,2020-05-15,0,0,1,0,0,0,1,0,0,0,0,0,Issued Notice of Compliance,2021-03-11,2020,5,2,1,300,1
280385,Rituximab,DR. REDDY'S LABORATORIES SA,Antineoplastic agents,NDS,0,2024-02-15,0,0,1,0,0,0,1,0,0,0,0,0,Issued Notice of Compliance,2026-02-13,2024,2,1,1,729,1
264296,Roflumilast,"ARCUTIS BIOTHERAPEUTICS, INC",Other dermatological preparations,NDS,0,2022-07-04,0,0,0,0,0,0,1,0,0,0,0,0,Issued Notice of Compliance,2023-04-28,2022,7,3,1,298,1
197713,Romosozumab,AMGEN CANADA INC,Drugs for treatment of bone diseases,NDS,0,2016-10-07,0,1,0,0,0,0,0,0,0,0,0,0,Issued Notice of Compliance,2019-06-17,2016,10,4,1,983,1
300017,Ropeginterferon alfa-2b,FORUS THERAPEUTICS INC,Immunostimulants,NDS,0,2025-09-05,0,1,0,0,0,0,0,0,0,0,0,0,Issued Notice of Compliance,2026-07-02,2025,9,3,1,300,1
271972,Ropivacaine hydrochloride,FORMATIVE PHARMA INC.,Anesthetics,NDS,0,2023-05-05,0,0,0,0,0,1,0,0,0,0,0,0,Issued Notice of Compliance,2025-03-20,2023,5,2,1,685,1
236566,Roxadustat,ASTRAZENECA CANADA INC,Antianemic preparations,NDS,0,2020-03-31,0,1,0,0,0,0,1,0,0,0,0,1,Cancelled by sponsor,2021-10-29,2020,3,1,1,577,0
274979,Rozanolixizumab,UCB CANADA INC,Other drugs for disorders of the musculo-skeletal system,NDS,0,2023-11-24,0,1,0,0,0,0,1,0,0,0,0,1,Issued Notice of Compliance,2025-03-28,2023,11,4,1,490,1
279310,"RSV F-protein mRNA, 5'(m7G-5'-ppp-5'-Gm), 3' poly(A)",MODERNA BIOPHARMA CANADA CORPORATION,Vaccines,NDS,0,2024-01-11,0,1,0,0,0,0,0,0,0,0,0,0,Issued Notice of Compliance,2024-11-06,2024,1,1,3,300,1
272785,"RSV subgroups A, B stabilized prefusion F protein",PFIZER CANADA ULC,Vaccines,NDS,0,2023-03-24,0,1,0,0,0,0,0,0,0,0,0,0,Issued Notice of Compliance,2023-12-21,2023,3,1,2,272,1
186488,Rupatadine fumarate,PEDIAPHARM INC,Antihistamines for systemic use,NDS,0,2015-09-24,0,1,0,0,0,0,0,0,0,0,0,0,Issued Notice of Compliance,2016-07-20,2015,9,3,1,300,1
269729,Ruxolitinib phosphate,INCYTE CORPORATION,Other dermatological preparations,NDS,0,2023-03-17,0,0,0,0,0,0,1,0,0,0,0,0,Issued Notice of Compliance,2024-10-11,2023,3,1,1,574,1
270055,Sabizabulin *For use in relation to COVID-19,VERU INC.,Antivirals for systemic use,NDS,0,2022-11-24,0,1,0,0,0,0,1,1,0,0,0,0,Cancelled by sponsor,2023-06-08,2022,11,4,1,196,0
248753,Sacituzumab govitecan,GILEAD SCIENCES CANADA INC,Antineoplastic agents,NDS,0,2021-03-31,0,1,0,1,0,0,1,0,0,1,0,0,Issued Notice of Compliance,2021-09-24,2021,3,1,1,177,1
207115,Safinamide,VALEO PHARMA INC,Anti-parkinson drugs,NDS,0,2018-03-16,0,1,0,0,0,0,0,0,0,0,0,0,Issued Notice of Compliance,2019-01-10,2018,3,1,1,300,1
189577,Salbutamol sulfate,TEVA CANADA LIMITED,Drugs for obstructive airway diseases,NDS,0,2016-11-18,0,0,0,0,0,0,0,0,0,0,0,0,Issued Notice of Compliance,2017-11-01,2016,11,4,1,348,1
191745,Sarilumab,SANOFI-AVENTIS CANADA INC,Immunosuppressants,NDS,0,2016-03-18,0,1,0,0,0,0,0,0,0,0,0,0,Issued Notice of Compliance,2017-01-12,2016,3,1,1,300,1
254715,"SARS-CoV-2 prefusion spike delta TM protein, recombinant *For use in relation to COVID-19",SANOFI PASTEUR LIMITED,Vaccines,NDS,0,2021-07-21,0,1,0,0,0,0,0,1,0,0,0,0,Cancelled by sponsor,2023-02-27,2021,7,3,2,586,0
269939,"SARS-CoV-2 prefusion spike delta TM protein, recombinant *For use in relation to COVID-19",SANOFI PASTEUR LIMITED,Vaccines,NDS,0,2022-12-16,0,1,0,0,0,0,0,1,0,0,0,0,Cancelled by sponsor,2023-02-27,2022,12,4,2,73,0
278519,SARS-CoV-2 recombinant spike protein (Omicron XBB.1.5) *For use in relation to COVID-19,NOVAVAX INC.,Vaccines,NDS,0,2023-09-01,0,1,0,0,0,0,0,1,0,0,0,0,Issued Notice of Compliance,2023-12-05,2023,9,3,1,95,1
255370,SARS-CoV-2 recombinant spike protein *For use in relation to COVID-19,NOVAVAX INC.,Vaccines,NDS,0,2021-08-30,0,1,0,0,0,0,0,1,0,0,0,0,Issued Notice of Compliance,2022-02-17,2021,8,3,1,171,1
233642,Satralizumab,HOFFMANN LA ROCHE LIMITED,Immunosuppressants,NDS,0,2019-12-04,0,1,0,1,0,0,0,0,0,0,0,0,Issued Notice of Compliance,2020-06-01,2019,12,4,1,180,1
204085,Sebelipase alfa,ALEXION PHARMA GMBH,Other alimentary tract and metabolism products,NDS,0,2017-04-21,0,1,0,0,1,0,0,0,0,0,0,0,Issued Notice of Compliance under the NOC/c Guidance,2017-12-15,2017,4,2,1,238,1
294551,Seladelpar lysine,GILEAD SCIENCES CANADA INC,Bile and liver therapy,NDS,0,2025-02-28,0,1,0,0,1,0,1,0,0,0,0,0,Issued Notice of Compliance under the NOC/c Guidance,2025-10-16,2025,2,1,1,230,1
253182,Selinexor,FORUS THERAPEUTICS INC,Antineoplastic agents,NDS,0,2021-08-06,0,1,0,0,0,0,0,0,0,0,0,0,Issued Notice of Compliance,2022-05-31,2021,8,3,1,298,1
243748,Selpercatinib,LOXO ONCOLOGY INC,Antineoplastic agents,NDS,0,2020-10-19,0,1,0,0,1,0,1,0,0,0,1,0,Issued Notice of Compliance under the NOC/c Guidance,2021-06-15,2020,10,4,1,239,1
243733,Selumetinib,ASTRAZENECA CANADA INC,Antineoplastic agents,NDS,0,2020-11-23,0,1,0,0,0,0,1,0,0,0,1,0,Issued Notice of Compliance,2022-08-31,2020,11,4,1,646,1
202059,Semaglutide,NOVO NORDISK CANADA INC,Drugs used in diabetes,NDS,0,2017-03-10,0,1,0,0,0,0,0,0,0,0,0,0,Issued Notice of Compliance,2018-01-04,2017,3,1,1,300,1
226906,Semaglutide,NOVO NORDISK CANADA INC,Drugs used in diabetes,NDS,0,2019-06-06,0,0,0,0,0,0,0,0,0,0,0,0,Issued Notice of Compliance,2020-03-31,2019,6,2,1,299,1
247235,Semaglutide,NOVO NORDISK CANADA INC,Drugs used in diabetes,NDS,0,2021-01-29,0,0,0,0,0,0,0,0,0,0,0,0,Issued Notice of Compliance,2021-11-23,2021,1,1,1,298,1
287973,Sepiapterin,PTC THERAPEUTICS INTERNATIONAL LIMITED,Other alimentary tract and metabolism products,NDS,0,2024-07-24,0,1,0,1,0,0,0,0,0,0,0,0,Issued Notice of Compliance,2025-10-07,2024,7,3,1,440,1
268412,Setmelanotide acetate,"RHYTHM PHARMACEUTICALS, INC","Antiobesity preparations, excluding diet products",NDS,0,2022-11-09,0,1,0,1,0,0,1,0,0,0,0,0,Issued Notice of Compliance,2023-05-05,2022,11,4,1,177,1
297051,Sevabertinib,BAYER INC,Antineoplastic agents,NDS,0,2025-05-08,0,1,0,0,1,0,1,0,1,0,0,0,Issued Notice of Compliance under the NOC/c Guidance,2026-01-29,2025,5,2,1,266,1
283047,Sipavibart,ASTRAZENECA CANADA INC,Immune sera and immunoglobulins,NDS,0,2024-03-05,0,1,0,0,0,0,0,1,0,0,0,0,Issued Notice of Compliance,2025-03-21,2024,3,1,1,381,1
223225,Siponimod,NOVARTIS PHARMACEUTICALS CANADA INC,Immunosuppressants,NDS,0,2019-02-07,0,1,0,0,0,0,1,0,0,0,0,0,Issued Notice of Compliance,2020-02-20,2019,2,1,1,378,1
205568,Sirukumab,GLAXOSMITHKLINE INC,Immunosuppressants,NDS,0,2017-06-30,0,1,0,0,0,0,0,0,0,0,0,0,Cancelled by sponsor,2017-10-19,2017,6,2,1,111,0
270800,Smallpox vaccine dried,EMERGENT PRODUCT DEVELOPMENT GAITHERSBURG INC.,Vaccines,NDS,0,2023-02-08,1,0,0,0,0,0,0,0,0,0,0,0,Issued Notice of Compliance,2023-12-05,2023,2,1,1,300,1
225953,"Sodium chloride, sodium citrate",BAXTER CORPORATION,Blood substitutes and perfusion solutions,NDS,0,2019-05-08,0,0,0,0,0,1,0,0,0,0,0,0,Issued Notice of Compliance,2020-03-03,2019,5,2,2,300,1
231915,Sodium pertechnetate Tc-99m,"BC CANCER, PART OF THE PROVINCIAL HEALTH SERVICES AUTHORITY",Diagnostic radiopharmaceuticals,NDS,0,2020-01-31,0,0,0,0,0,0,0,0,0,0,0,0,Issued Notice of Compliance,2020-11-26,2020,1,1,1,300,1
253502,"Sodium phenylbutyrate, ursodoxicoltaurine",AMYLYX PHARMACEUTICALS INC.,Other nervous system drugs,NDS,0,2021-08-23,0,1,0,0,0,0,1,0,0,0,0,0,Issued Notice of Compliance under the NOC/c Guidance,2022-06-10,2021,8,3,2,291,1
218799,Sodium zirconium cyclosilicate,ASTRAZENECA CANADA INC,All other therapeutic products,NDS,0,2018-09-28,0,1,0,0,0,0,1,0,0,0,0,0,Issued Notice of Compliance,2019-07-25,2018,9,3,1,300,1
190521,"Sofosbuvir, velpatasvir",GILEAD SCIENCES CANADA INC,Antivirals for systemic use,NDS,0,2016-01-15,0,1,0,1,0,0,0,0,0,0,0,0,Issued Notice of Compliance,2016-07-11,2016,1,1,2,178,1
202324,"Sofosbuvir, velpatasvir, voxilaprevir",GILEAD SCIENCES CANADA INC,Antivirals for systemic use,NDS,0,2017-02-17,0,1,0,1,0,0,0,0,0,0,0,0,Issued Notice of Compliance,2017-08-16,2017,2,1,3,180,1
237511,Solriamfetol hydrochloride,JAZZ PHARMACEUTICALS IRELAND LIMITED,Psychoanaleptics,NDS,0,2020-07-17,0,1,0,0,0,0,0,0,0,0,0,0,Issued Notice of Compliance,2021-05-13,2020,7,3,1,300,1
267443,Somapacitan,NOVO NORDISK CANADA INC,Pituitary and hypothalamic hormones and analogues,NDS,0,2022-09-29,0,1,0,0,0,0,0,0,0,0,0,0,Issued Notice of Compliance,2023-07-26,2022,9,3,1,300,1
246729,Somatrogon,PFIZER CANADA ULC,Pituitary and hypothalamic hormones and analogues,NDS,0,2020-12-31,0,1,0,0,0,0,0,0,0,0,0,1,Issued Notice of Compliance,2021-10-26,2020,12,4,1,299,1
229407,Sonidegib,SUN PHARMA GLOBAL FZE,Antineoplastic agents,NDS,0,2019-08-20,0,1,0,0,0,0,1,0,0,0,0,0,Issued Notice of Compliance,2020-06-12,2019,8,3,1,297,1
217853,Sotagliflozin,SANOFI-AVENTIS CANADA INC,Drugs used in diabetes,NDS,0,2018-08-20,0,1,0,0,0,0,0,0,0,0,0,0,Cancelled by sponsor,2019-06-06,2018,8,3,1,290,0
283307,Sotatercept,MERCK CANADA INC,Antihypertensives,NDS,0,2024-03-01,0,1,0,1,0,0,0,0,0,0,0,1,Issued Notice of Compliance,2024-08-28,2024,3,1,1,180,1
248435,Sotorasib,AMGEN CANADA INC,Antineoplastic agents,NDS,0,2021-02-11,0,1,0,0,1,0,0,0,1,0,0,0,Issued Notice of Compliance under the NOC/c Guidance,2021-09-10,2021,2,1,1,211,1
251285,Sotrovimab *For use in relation to COVID-19,GLAXOSMITHKLINE INC,Immune sera and immunoglobulins,NDS,0,2021-04-01,0,0,0,0,0,0,1,1,0,0,0,0,Authorized under Interim Order,2021-07-30,2021,4,2,1,120,1
257895,Sotrovimab *For use in relation to COVID-19,GLAXOSMITHKLINE INC,Immune sera and immunoglobulins,NDS,0,2021-10-25,0,1,0,0,0,0,1,1,0,0,0,0,Cancelled by sponsor,2024-04-29,2021,10,4,1,917,0
267362,Spesolimab,BOEHRINGER INGELHEIM (CANADA) LTD LTEE,Immunosuppressants,NDS,0,2022-09-23,0,1,0,1,0,0,0,0,0,0,0,0,Issued Notice of Compliance,2023-03-22,2022,9,3,1,180,1
201492,Sucroferric oxyhydroxide,VIFOR FRESENIUS MEDICAL CARE RENAL PHARMA LTD,All other therapeutic products,NDS,0,2017-02-16,0,1,0,0,0,0,0,0,0,0,0,0,Issued Notice of Compliance,2018-01-05,2017,2,1,1,323,1
180385,Sugammadex,MERCK CANADA INC,All other therapeutic products,NDS,0,2015-04-13,0,1,0,0,0,0,0,0,0,0,0,0,Issued Notice of Compliance,2016-02-05,2015,4,2,1,298,1
196367,Suvorexant,MERCK CANADA INC,Psycholeptics,NDS,0,2016-08-26,0,1,0,0,0,0,0,0,0,0,0,0,Issued Notice of Compliance,2018-11-29,2016,8,3,1,825,1
209210,Tacrolimus,ENDO VENTURES LTD,Immunosuppressants,NDS,0,2018-04-23,0,0,0,0,0,0,0,0,0,0,0,0,Issued Notice of Compliance,2019-02-15,2018,4,2,1,298,1
240239,Tafamidis,PFIZER CANADA ULC,Other nervous system drugs,NDS,0,2020-09-14,0,0,0,0,0,0,0,0,0,0,0,0,Issued Notice of Compliance,2021-07-09,2020,9,3,1,298,1
228368,Tafamidis meglumine,PFIZER CANADA ULC,Other nervous system drugs,NDS,0,2019-07-24,0,1,0,1,0,0,1,0,0,0,0,0,Issued Notice of Compliance,2020-01-20,2019,7,3,1,180,1
247025,Tafasitamab,INCYTE CORPORATION,Antineoplastic agents,NDS,0,2020-12-24,0,1,0,0,1,0,0,0,0,0,1,0,Issued Notice of Compliance,2021-08-19,2020,12,4,1,238,1
220584,Talazoparib,PFIZER CANADA ULC,Antineoplastic agents,NDS,0,2018-11-15,0,1,0,0,0,0,0,0,0,0,0,0,Issued Notice of Compliance,2019-09-06,2018,11,4,1,295,1
278277,Talquetamab,JANSSEN INC,Antineoplastic agents,NDS,0,2023-09-13,0,1,0,0,1,0,0,0,0,0,1,0,Issued Notice of Compliance under the NOC/c Guidance,2024-04-30,2023,9,3,1,230,1
272063,Tapinarof,DERMAVANT SCIENCES GMBH,Antipsoriatics,NDS,0,2023-05-19,0,1,0,0,0,0,0,0,0,0,0,0,Issued Notice of Compliance,2025-04-04,2023,5,2,1,686,1
281963,Tarlatamab,AMGEN CANADA INC,Antineoplastic agents,NDS,0,2024-01-10,0,1,0,0,1,0,1,0,0,1,0,0,Issued Notice of Compliance under the NOC/c Guidance,2024-09-11,2024,1,1,1,245,1
236286,Tazarotene,"BAUSCH HEALTH, CANADA INC.",Antipsoriatics,NDS,0,2020-09-11,0,0,0,0,0,0,0,0,0,0,0,0,Issued Notice of Compliance,2021-07-08,2020,9,3,1,300,1
258717,Tebentafusp,IMMUNOCORE IRELAND LIMITED,Antineoplastic agents,NDS,0,2021-12-13,0,1,0,1,0,0,0,0,0,1,0,0,Issued Notice of Compliance,2022-06-07,2021,12,4,1,176,1
269369,Teclistamab,JANSSEN INC,Antineoplastic agents,NDS,0,2022-12-01,0,1,0,0,1,0,0,0,0,0,1,0,Issued Notice of Compliance under the NOC/c Guidance,2023-07-26,2022,12,4,1,237,1
247561,Tecovirimat monohydrate,"SIGA TECHNOLOGIES, INC.",Antivirals for systemic use,NDS,0,2021-02-02,1,1,0,0,0,0,0,0,0,0,0,0,Issued Notice of Compliance,2021-11-29,2021,2,1,1,300,1
208730,Telotristat etiprate,IPSEN BIOPHARMACEUTICALS CANADA INC,"Antidiarrheals, intestinal anti-inflammatory/anti-infective agents ",NDS,0,2017-12-15,0,1,0,0,0,0,1,0,0,0,0,0,Issued Notice of Compliance,2018-10-10,2017,12,4,1,299,1
224850,Tenapanor,KNIGHT THERAPEUTICS INC.,Drugs for constipation,NDS,0,2019-06-20,0,1,0,0,0,0,0,0,0,0,0,0,Issued Notice of Compliance,2020-04-15,2019,6,2,1,300,1
193066,Tenofovir alafenamide hemifumarate,GILEAD SCIENCES CANADA INC,Antivirals for systemic use,NDS,0,2016-07-21,0,0,0,0,0,0,0,0,0,0,0,0,Issued Notice of Compliance,2017-05-17,2016,7,3,1,300,1
289990,Teplizumab,SANOFI-AVENTIS CANADA INC,Drugs used in diabetes,NDS,0,2024-10-02,0,1,0,1,0,0,0,0,0,0,0,0,Issued Notice of Compliance,2025-05-05,2024,10,4,1,215,1
242300,Tepotinib,EMD SERONO A DIVISION OF EMD INC CANADA,Antineoplastic agents,NDS,0,2020-10-05,0,1,0,0,1,0,0,0,1,0,0,0,Issued Notice of Compliance under the NOC/c Guidance,2021-05-27,2020,10,4,1,234,1
285296,Teprotumumab,AMGEN CANADA INC,Immunosuppressants,NDS,0,2024-05-17,0,1,0,0,0,0,1,0,0,0,0,0,Issued Notice of Compliance,2025-04-17,2024,5,2,1,335,1
281005,Terbinafine hydrochloride,MEDEXUS PHARMACEUTICALS INC.,Antifungals for dermatological use,NDS,0,2024-01-04,0,0,0,0,0,0,1,0,0,0,0,0,Cancelled by sponsor,2025-04-01,2024,1,1,1,453,0
215409,Teriparatide,AVIR PHARMA INC,Calcium homeostasis,NDS,0,2018-06-01,0,0,1,0,0,0,0,0,0,0,0,0,Issued Notice of Compliance,2020-01-13,2018,6,2,1,591,1
290038,Testosterone undecanoate,"MARIUS PHARMACEUTICALS, LLC",Sex hormones and modulators of the genital system,NDS,0,2024-12-18,0,0,0,0,0,0,0,0,0,0,0,0,Issued Notice of Compliance,2025-11-10,2024,12,4,1,327,1
293552,Testosterone undecanoate,TOLMAR INTERNATIONAL LTD.,Sex hormones and modulators of the genital system,NDS,0,2025-01-31,0,0,0,0,0,0,0,0,0,0,0,0,Issued Notice of Compliance,2025-12-12,2025,1,1,1,315,1
256188,Tezepelumab,ASTRAZENECA CANADA INC,Drugs for obstructive airway diseases,NDS,0,2021-10-04,0,1,0,0,0,0,1,0,0,0,0,0,Issued Notice of Compliance,2022-07-28,2021,10,4,1,297,1
206099,Tibolone,BIOSYENT PHARMA INC,Sex hormones and modulators of the genital system,NDS,0,2017-10-02,0,1,0,0,0,0,0,0,0,0,0,0,Issued Notice of Compliance,2019-05-10,2017,10,4,1,585,1
224036,Tildrakizumab,SUN PHARMA GLOBAL FZE,Immunosuppressants,NDS,0,2019-02-27,0,1,0,0,0,0,1,0,0,0,0,0,Issued Notice of Compliance,2021-05-19,2019,2,1,1,812,1
205852,"Tipiracil hydrochloride, trifluridine","TAIHO PHARMA CANADA, INC.",Antineoplastic agents,NDS,0,2017-07-31,0,1,0,1,0,0,0,0,0,0,0,0,Issued Notice of Compliance,2018-01-25,2017,7,3,2,178,1
262080,Tirbanibulin,AVIR PHARMA INC,Antibiotics and chemotherapy for dermatological use,NDS,0,2022-07-27,0,1,0,0,0,0,0,0,0,0,0,0,Issued Notice of Compliance,2023-05-12,2022,7,3,1,289,1
259103,Tirzepatide,ELI LILLY CANADA INC,Drugs used in diabetes,NDS,0,2022-02-24,0,1,0,0,0,0,1,0,0,0,0,1,Issued Notice of Compliance,2022-11-24,2022,2,1,1,273,1
275333,Tirzepatide,ELI LILLY CANADA INC,Drugs used in diabetes,NDS,0,2024-07-18,0,0,0,0,0,0,0,0,0,0,0,0,Issued Notice of Compliance,2025-05-13,2024,7,3,1,299,1
213547,Tisagenlecleucel-T,NOVARTIS PHARMACEUTICALS CANADA INC,Antineoplastic agents,NDS,0,2018-03-09,0,1,0,1,0,0,1,0,0,0,0,0,Issued Notice of Compliance,2018-09-05,2018,3,1,1,180,1
213698,Tisagenlecleucel-T,NOVARTIS PHARMACEUTICALS CANADA INC,Antineoplastic agents,NDS,0,2018-03-09,0,0,0,1,0,0,1,0,0,0,0,0,Issued Notice of Compliance,2018-09-05,2018,3,1,1,180,1
293878,Tislelizumab,BEONE MEDICINES I GMBH,Antineoplastic agents,NDS,0,2025-02-24,0,1,0,0,0,0,1,0,0,0,0,0,Issued Notice of Compliance,2025-12-18,2025,2,1,1,297,1
297588,Tislelizumab,BEONE MEDICINES I GMBH,Antineoplastic agents,NDS,0,2025-06-20,0,0,0,0,0,0,0,0,0,0,0,0,Issued Notice of Compliance,2026-04-16,2025,6,2,1,300,1
280011,Tocilizumab,FRESENIUS KABI CANADA LTD,Immunosuppressants,NDS,0,2023-12-08,0,0,1,0,0,0,1,0,0,0,0,0,Issued Notice of Compliance,2024-10-11,2023,12,4,1,308,1
283028,Tocilizumab,CELLTRION INC,Immunosuppressants,NDS,0,2024-07-08,0,0,1,0,0,0,1,0,0,0,0,0,Issued Notice of Compliance,2025-10-16,2024,7,3,1,465,1
286094,Tocilizumab,BIOGEN CANADA INC,Immunosuppressants,NDS,0,2024-10-11,0,0,1,0,0,0,0,0,0,0,0,0,Cancelled by sponsor,2025-10-17,2024,10,4,1,371,0
283158,Tofersen,BIOGEN CANADA INC,Other nervous system drugs,NDS,0,2024-03-18,0,1,0,0,0,0,0,0,0,0,0,0,Issued Notice of Compliance under the NOC/c Guidance,2025-02-28,2024,3,1,1,347,1
290985,Toripalimab,APOTEX INC,Antineoplastic agents,NDS,0,2024-12-23,0,1,0,0,0,0,1,0,0,0,0,0,Issued Notice of Compliance,2025-10-17,2024,12,4,1,298,1
301603,Tovorafenib,IPSEN BIOPHARMACEUTICALS CANADA INC,Antineoplastic agents,NDS,0,2025-10-07,0,1,0,0,1,0,1,0,0,0,0,0,Issued Notice of Compliance under the NOC/c Guidance,2026-07-13,2025,10,4,1,279,1
244906,Tozinameran *For use in relation to COVID-19,BIONTECH MANUFACTURING GMBH,Vaccines,NDS,0,2020-10-09,0,0,0,0,0,0,0,1,0,0,0,0,Authorized under Interim Order,2020-12-09,2020,10,4,1,61,1
252736,Tozinameran *For use in relation to COVID-19,PFIZER CANADA ULC/BIONTECH SE,Vaccines,NDS,0,2021-06-10,0,1,0,0,0,0,0,1,0,0,0,0,Issued Notice of Compliance,2021-09-16,2021,6,2,1,98,1
245877,Tralokinumab,LEO PHARMA INC,Other dermatological preparations,NDS,0,2020-12-18,0,1,0,0,0,0,1,0,0,0,0,0,Issued Notice of Compliance,2021-10-13,2020,12,4,1,299,1
204579,Trastuzumab,BGP PHARMA ULC,Antineoplastic agents,NDS,0,2017-06-02,0,0,1,0,0,0,0,0,0,0,0,0,Issued Notice of Compliance,2019-05-03,2017,6,2,1,700,1
212140,Trastuzumab,PFIZER CANADA ULC,Antineoplastic agents,NDS,0,2018-02-01,0,0,1,0,0,0,0,0,0,0,0,0,Issued Notice of Compliance,2019-08-15,2018,2,1,1,560,1
210238,Trastuzumab,CELLTRION HEALTHCARE CO LTD,Antineoplastic agents,NDS,0,2017-11-17,0,0,1,0,0,0,0,0,0,0,0,0,Issued Notice of Compliance,2019-09-03,2017,11,4,1,655,1
208836,Trastuzumab,AMGEN CANADA INC,Antineoplastic agents,NDS,0,2017-10-13,0,0,1,0,0,0,0,0,0,0,0,0,Issued Notice of Compliance,2020-02-27,2017,10,4,1,867,1
235995,Trastuzumab,"SAMSUNG BIOEPIS CO., LTD",Antineoplastic agents,NDS,0,2020-04-17,0,0,1,0,0,0,0,0,0,0,0,0,Issued Notice of Compliance,2022-01-28,2020,4,2,1,651,1
253850,Trastuzumab,PRESTIGE BIOPHARMA LTD.,Antineoplastic agents,NDS,0,2021-08-27,0,0,1,0,0,0,0,0,0,0,0,0,Cancelled by sponsor,2023-06-30,2021,8,3,1,672,0
275910,Trastuzumab,ACCORD HEALTHCARE INC,Antineoplastic agents,NDS,0,2023-07-20,0,0,1,0,0,0,0,0,0,0,0,0,Issued Notice of Compliance,2024-08-20,2023,7,3,1,397,1
209878,Trastuzumab,CELLTRION HEALTHCARE CO LTD,Antineoplastic agents,NDS,0,2017-11-17,0,0,1,0,0,0,0,0,0,0,0,0,Cancelled by sponsor,2026-03-31,2017,11,4,1,3056,0
210677,Trastuzumab,CELLTRION HEALTHCARE CO LTD,Antineoplastic agents,NDS,0,2017-11-17,0,0,1,0,0,0,0,0,0,0,0,0,Cancelled by sponsor,2026-03-31,2017,11,4,1,3056,0
212273,Trastuzumab,PFIZER CANADA ULC,Antineoplastic agents,NDS,0,2018-02-01,0,0,1,0,0,0,0,0,0,0,0,0,Cancelled by sponsor,2026-07-24,2018,2,1,1,3095,0
242104,Trastuzumab deruxtecan,ASTRAZENECA CANADA INC,Antineoplastic agents,NDS,0,2020-08-21,0,1,0,0,1,0,1,0,0,0,1,0,Issued Notice of Compliance under the NOC/c Guidance,2021-04-15,2020,8,3,1,237,1
262740,Tremelimumab,ASTRAZENECA CANADA INC,Antineoplastic agents,NDS,0,2022-05-16,0,1,0,0,0,0,1,0,0,0,0,0,Issued Notice of Compliance,2023-08-31,2022,5,2,1,472,1
300062,TrenibotulinumtoxinE,ABBVIE CORPORATION,Muscle relaxants,NDS,0,2025-09-04,0,1,0,0,0,0,0,0,0,0,0,0,Issued Notice of Compliance,2026-06-22,2025,9,3,1,291,1
244137,Treosulfan,MEDEXUS INC,Antineoplastic agents,NDS,0,2020-12-21,0,0,0,1,0,0,0,0,0,0,0,0,Issued Notice of Compliance,2021-06-25,2020,12,4,1,186,1
231223,Treosulfan,MARCAN PHARMACEUTICALS INC,Antineoplastic agents,NDS,0,2020-01-08,0,0,0,0,0,1,0,0,0,0,0,0,Issued Notice of Deficiency - Withdrawal,2021-06-29,2020,1,1,1,538,0
280633,Triamcinolone acetonide,BAUSCH & LOMB INC,"Corticosteroids, dermatological preparations",NDS,0,2024-03-28,0,0,0,0,0,0,0,0,0,0,0,0,Issued Notice of Compliance,2025-07-14,2024,3,1,1,473,1
201546,Triamcinolone hexacetonide,MEDEXUS INC,Corticosteroids for systemic use,NDS,0,2017-02-15,0,0,0,0,0,1,0,0,0,0,0,0,Issued Notice of Compliance,2017-12-12,2017,2,1,1,300,1
228708,Trientine hydrochloride,MARCAN PHARMACEUTICALS INC,Other alimentary tract and metabolism products,NDS,0,2019-11-21,0,1,0,0,0,1,0,0,0,0,0,0,Issued Notice of Compliance,2020-09-14,2019,11,4,1,298,1
237287,Trientine hydrochloride,WAYMADE PLC,All other therapeutic products,NDS,0,2020-06-24,0,1,0,0,0,1,0,0,0,0,0,0,Issued Notice of Compliance,2021-04-20,2020,6,2,1,300,1
221945,Trifarotene,GALDERMA CANADA INC,Anti-acne preparations,NDS,0,2019-01-31,0,1,0,0,0,0,0,0,0,0,0,0,Issued Notice of Compliance,2019-11-25,2019,1,1,1,298,1
242196,Triheptanoin,ULTRAGENYX PHARMACEUTICAL INC,Other alimentary tract and metabolism products,NDS,0,2020-08-20,0,1,0,1,0,0,0,0,0,0,0,0,Issued Notice of Compliance,2021-02-15,2020,8,3,1,179,1
285051,Trofinetide,ACADIA PHARMACEUTICALS INC,Other nervous system drugs,NDS,0,2024-04-18,0,1,0,1,0,0,0,0,0,0,0,0,Issued Notice of Compliance,2024-10-11,2024,4,2,1,176,1
235295,Tucatinib,SEATTLE GENETICS INC,Antineoplastic agents,NDS,0,2020-02-07,0,1,0,1,0,0,0,0,1,0,0,0,Issued Notice of Compliance,2020-06-05,2020,2,1,1,119,1
256191,Ubrogepant,ABBVIE CORPORATION,Analgesics,NDS,0,2021-10-18,0,1,0,0,0,0,0,0,0,0,0,0,Issued Notice of Compliance,2022-11-10,2021,10,4,1,388,1
223734,Upadacitinib,ABBVIE CORPORATION,Immunosuppressants,NDS,0,2019-03-01,0,1,0,0,0,0,0,0,0,0,0,0,Issued Notice of Compliance,2019-12-23,2019,3,1,1,297,1
268742,Ustekinumab,JAMP PHARMA CORPORATION,Immunosuppressants,NDS,0,2023-01-13,0,0,1,0,0,0,1,0,0,0,0,0,Issued Notice of Compliance,2023-11-09,2023,1,1,1,300,1
269097,Ustekinumab,AMGEN CANADA INC,Immunosuppressants,NDS,0,2023-03-03,0,0,1,0,0,0,1,0,0,0,0,0,Issued Notice of Compliance,2023-12-27,2023,3,1,1,299,1
274939,Ustekinumab,"CELLTRION HEALTHCARE CO LTD, CELLTRION INC",Immunosuppressants,NDS,0,2023-08-21,0,0,1,0,0,0,1,0,0,0,0,0,Issued Notice of Compliance,2024-07-30,2023,8,3,1,344,1
277532,Ustekinumab,"SAMSUNG BIOEPIS CO., LTD",Immunosuppressants,NDS,0,2023-10-12,0,0,1,0,0,0,0,0,0,0,0,0,Issued Notice of Compliance,2024-08-07,2023,10,4,1,300,1
278712,Ustekinumab,"SAMSUNG BIOEPIS CO., LTD",Immunosuppressants,NDS,0,2023-10-12,0,0,1,0,0,0,0,0,0,0,0,0,Issued Notice of Compliance,2024-08-07,2023,10,4,1,300,1
279373,Ustekinumab,FRESENIUS KABI CANADA LTD,Immunosuppressants,NDS,0,2024-03-05,0,0,1,0,0,0,1,0,0,0,0,0,Issued Notice of Compliance,2024-12-30,2024,3,1,1,300,1
284892,Ustekinumab,BIOSIMILAR COLLABORATIONS IRELAND LIMITED,Immunosuppressants,NDS,0,2024-05-27,0,0,1,0,0,0,1,0,0,0,0,0,Issued Notice of Compliance,2025-10-17,2024,5,2,1,508,1
281536,Ustekinumab,ACCORD HEALTHCARE INC,Immunosuppressants,NDS,0,2024-05-14,0,0,1,0,0,0,1,0,0,0,0,0,Issued Notice of Compliance,2026-01-21,2024,5,2,1,617,1
295463,Vamorolone,KYE PHARMACEUTICALS INC,Corticosteroids for systemic use,NDS,0,2025-04-03,0,1,0,1,0,0,1,0,0,0,0,0,Issued Notice of Compliance,2025-09-29,2025,4,2,1,179,1
200244,Varicella-zoster virus glycoprotein E (GE),GLAXOSMITHKLINE INC,Vaccines,NDS,0,2016-12-22,0,1,0,0,0,0,0,0,0,0,0,0,Issued Notice of Compliance,2017-10-13,2016,12,4,1,295,1
190761,Venetoclax,ABBVIE CORPORATION,Antineoplastic agents,NDS,0,2016-02-03,0,1,0,0,1,0,0,0,0,0,0,0,Issued Notice of Compliance under the NOC/c Guidance,2016-09-30,2016,2,1,1,240,1
240862,Vericiguat,BAYER INC,Cardiac therapy,NDS,0,2021-01-27,0,1,0,0,0,0,0,0,0,0,0,0,Issued Notice of Compliance,2023-04-28,2021,1,1,1,821,1
190817,Vernakalant hydrochloride,CARDIOME UK LIMITED,Cardiac therapy,NDS,0,2016-05-17,0,1,0,0,0,0,0,0,0,0,0,0,Issued Notice of Compliance,2017-03-13,2016,5,2,1,300,1
264995,"Vibrio cholerae, strain CVD 103-HgR, live",EMERGENT TRAVEL HEALTH INC.,Vaccines,NDS,0,2022-07-22,0,0,0,0,0,0,0,0,0,0,0,1,Issued Notice of Compliance,2023-05-18,2022,7,3,3,300,1
288032,Viloxazine hydrochloride,KNIGHT THERAPEUTICS INC.,Psychoanaleptics,NDS,0,2024-12-13,0,1,0,0,0,0,0,0,0,0,0,0,Cancelled by sponsor,2026-05-04,2024,12,4,1,507,0
254598,Virus-like particles (VLP) of SARS-CoV-2 spike protein *For use in relation to COVID-19,MEDICAGO INC,Vaccines,NDS,0,2021-08-09,0,1,0,0,0,0,0,1,0,0,0,0,Issued Notice of Compliance,2022-02-24,2021,8,3,1,199,1
219321,Vitamin D3,GALEPHAR PHARMACEUTICAL RESEARCH INC,Vitamins,NDS,0,2019-01-04,0,0,0,0,0,0,0,0,0,0,0,0,Issued Notice of Compliance,2021-02-05,2019,1,1,1,763,1
225983,Vitamin K1,MARCAN PHARMACEUTICALS INC,Antihemorrhagics,NDS,0,2019-08-06,0,0,0,0,0,1,0,0,0,0,0,0,Issued Notice of Deficiency - Withdrawal,2021-06-17,2019,8,3,1,681,0
209280,Volanesorsen,AKCEA THERAPEUTICS INC,Lipid modifying agents,NDS,0,2017-11-02,0,1,0,1,0,0,0,0,0,0,0,0,Issued Notice of Non-compliance - Withdrawal,2018-11-15,2017,11,4,1,378,0
213188,Vonicog alfa,SHIRE PHARMA CANADA ULC,Antihemorrhagics,NDS,0,2018-03-16,0,1,0,0,0,0,0,0,0,0,0,0,Issued Notice of Compliance,2019-01-10,2018,3,1,1,300,1
282910,Vorasidenib citrate,SERVIER CANADA INC,Antineoplastic agents,NDS,0,2024-03-06,0,1,0,1,0,0,0,0,1,0,0,0,Issued Notice of Compliance,2024-08-27,2024,3,1,1,174,1
233097,Voretigene neparvovec,NOVARTIS PHARMACEUTICALS CANADA INC,Ophthalmologicals,NDS,0,2019-12-18,0,1,0,0,0,0,1,0,0,0,0,0,Issued Notice of Compliance,2020-10-13,2019,12,4,1,300,1
290788,Vosoritide,BIOMARIN INTERNATIONAL LIMITED,Drugs for treatment of bone diseases,NDS,0,2025-02-05,0,1,0,0,0,0,0,0,0,0,0,0,Issued Notice of Compliance under the NOC/c Guidance,2026-01-21,2025,2,1,1,350,1
267923,Vutrisiran,ALNYLAM NETHERLANDS B.V.,Other nervous system drugs,NDS,0,2022-12-23,0,1,0,0,0,0,1,0,0,0,0,0,Issued Notice of Compliance,2023-10-18,2022,12,4,1,299,1
254518,Whole virion inactivated coronavirus *For use in relation to COVID-19,VACCIGEN LTD,Vaccines,NDS,0,2021-07-13,0,1,0,0,0,0,0,1,0,0,0,0,Cancelled by sponsor,2022-08-26,2021,7,3,1,409,0
296499,Zanidatamab,JAZZ PHARMACEUTICALS IRELAND LIMITED,Antineoplastic agents,NDS,0,2025-04-29,0,1,0,0,1,0,0,0,0,0,0,0,Issued Notice of Compliance under the NOC/c Guidance,2026-01-15,2025,4,2,1,261,1
242748,Zanubrutinib,BEIGENE SWITZERLAND GMBH,Antineoplastic agents,NDS,0,2020-09-03,0,1,0,1,0,0,0,0,0,0,0,0,Issued Notice of Compliance,2021-03-01,2020,9,3,1,179,1
242885,Zanubrutinib,BEIGENE SWITZERLAND GMBH,Antineoplastic agents,NDS,0,2020-09-29,0,0,0,0,0,0,0,0,0,0,0,0,Issued Notice of Compliance,2021-07-22,2020,9,3,1,296,1
276757,Zilucoplan,UCB CANADA INC,Immunosuppressants,NDS,0,2023-08-21,0,1,0,0,0,0,1,0,0,0,0,0,Issued Notice of Compliance,2024-07-11,2023,8,3,1,325,1
212392,Zofenopril calcium,BIOSYENT PHARMA INC,Agents acting on the renin-angiotensin system,NDS,0,2018-06-08,0,1,0,0,0,0,0,0,0,0,0,0,Cancelled by sponsor,2019-06-26,2018,6,2,1,383,0
282144,Zolbetuximab,ASTELLAS PHARMA CANADA INC,Antineoplastic agents,NDS,0,2024-02-05,0,1,0,0,0,0,1,0,0,0,0,0,Issued Notice of Compliance,2024-12-13,2024,2,1,1,312,1
290103,Zuranolone,BIOGEN CANADA INC,Psychoanaleptics,NDS,0,2024-12-13,0,1,0,0,0,0,0,0,0,0,0,0,Issued Notice of Compliance,2025-12-05,2024,12,4,1,357,1
208070,"Abacavir sulfate, dolutegravir sodium, lamivudine",VIIV HEALTHCARE ULC,Antivirals for systemic use,SNDS,1,2017-08-11,0,0,0,0,0,0,0,0,0,0,0,0,Issued Notice of Compliance,2017-10-11,2017,8,3,3,61,1
204313,Abatacept,BRISTOL-MYERS SQUIBB CANADA,Immunosuppressants,SNDS,1,2017-05-19,0,0,0,0,0,0,0,0,0,0,0,0,Issued Notice of Compliance,2018-03-15,2017,5,2,1,300,1
255926,Abatacept,BRISTOL-MYERS SQUIBB CANADA,Immunosuppressants,SNDS,1,2021-09-16,0,0,0,0,0,0,0,0,0,1,0,0,Issued Notice of Compliance,2022-07-21,2021,9,3,1,308,1
249557,Abemaciclib,ELI LILLY CANADA INC,Antineoplastic agents,SNDS,1,2021-03-24,0,0,0,0,0,0,0,0,0,0,0,0,Issued Notice of Compliance,2022-01-12,2021,3,1,1,294,1
270898,Abemaciclib,ELI LILLY CANADA INC,Antineoplastic agents,SNDS,1,2023-03-03,0,0,0,0,0,0,0,0,0,0,0,0,Issued Notice of Compliance,2023-12-06,2023,3,1,1,278,1
207915,Abiraterone acetate,JANSSEN INC,Endocrine therapy,SNDS,1,2017-08-22,0,0,0,1,0,0,0,0,0,0,0,0,Issued Notice of Compliance,2018-02-13,2017,8,3,1,175,1
202245,Abobotulinumtoxina,IPSEN BIOPHARM LIMITED,Muscle relaxants,SNDS,1,2017-03-10,0,0,0,0,0,0,0,0,0,0,0,0,Issued Notice of Compliance,2017-12-21,2017,3,1,1,286,1
204299,Abobotulinumtoxina,IPSEN BIOPHARM LIMITED,Muscle relaxants,SNDS,1,2017-05-15,0,0,0,0,0,0,0,0,0,0,0,0,Issued Notice of Compliance,2018-03-09,2017,5,2,1,298,1
206921,Abobotulinumtoxina,IPSEN BIOPHARM LIMITED,Muscle relaxants,SNDS,1,2017-08-10,0,0,0,0,0,0,0,0,0,0,0,0,Issued Notice of Compliance,2018-04-24,2017,8,3,1,257,1
236999,Abobotulinumtoxina,IPSEN BIOPHARM LIMITED,Muscle relaxants,SNDS,1,2020-04-27,0,0,0,0,0,0,0,0,0,0,0,0,Issued Notice of Compliance,2021-02-19,2020,4,2,1,298,1
231228,Acalabrutinib,ASTRAZENECA CANADA INC,Antineoplastic agents,SNDS,1,2019-10-01,0,0,0,0,0,0,1,0,1,0,0,0,Issued Notice of Compliance,2019-11-28,2019,10,4,1,58,1
289986,Acalabrutinib maleate,ASTRAZENECA CANADA INC,Antineoplastic agents,SNDS,1,2024-10-08,0,0,0,0,0,0,1,0,1,0,0,0,Issued Notice of Compliance,2025-06-24,2024,10,4,1,259,1
291668,Acalabrutinib maleate,ASTRAZENECA CANADA INC,Antineoplastic agents,SNDS,1,2024-11-28,0,0,0,0,0,0,1,0,0,0,0,0,Issued Notice of Compliance,2025-09-11,2024,11,4,1,287,1
259715,Ad26.COV2.S (recombinant) *For use in relation to COVID-19,JANSSEN INC,Vaccines,SNDS,1,2021-12-17,0,0,0,0,0,0,0,1,0,0,0,0,Issued Notice of Compliance,2022-05-12,2021,12,4,1,146,1
197529,Adalimumab,ABBVIE CORPORATION,Immunosuppressants,SNDS,1,2016-09-19,0,0,0,0,0,0,0,0,0,0,0,0,Issued Notice of Compliance,2017-07-14,2016,9,3,1,298,1
201423,Adalimumab,ABBVIE CORPORATION,Immunosuppressants,SNDS,1,2017-02-08,0,0,0,0,0,0,0,0,0,0,0,0,Issued Notice of Compliance,2017-12-05,2017,2,1,1,300,1
212133,Adalimumab,ABBVIE CORPORATION,Immunosuppressants,SNDS,1,2018-02-05,0,0,0,0,0,0,0,0,0,0,0,0,Issued Notice of Compliance,2018-11-30,2018,2,1,1,298,1
213550,Adalimumab,ABBVIE CORPORATION,Immunosuppressants,SNDS,1,2018-03-29,0,0,0,0,0,0,0,0,0,0,0,0,Issued Notice of Compliance,2019-01-23,2018,3,1,1,300,1
219453,Adalimumab,AMGEN CANADA INC,Immunosuppressants,SNDS,1,2018-10-04,0,0,1,0,0,0,0,0,0,0,0,0,Issued Notice of Compliance,2020-11-04,2018,10,4,1,762,1
234183,Adalimumab,AMGEN CANADA INC,Immunosuppressants,SNDS,1,2019-12-19,0,0,1,0,0,0,0,0,0,0,0,0,Issued Notice of Compliance,2020-11-04,2019,12,4,1,321,1
234258,Adalimumab,"SAMSUNG BIOEPIS CO., LTD",Immunosuppressants,SNDS,1,2020-01-31,0,0,1,0,0,0,0,0,0,0,0,0,Issued Notice of Compliance,2020-11-26,2020,1,1,1,300,1
239280,Adalimumab,ABBVIE CORPORATION,Immunosuppressants,SNDS,1,2020-06-25,0,0,0,0,0,0,0,0,0,0,0,0,Issued Notice of Compliance,2021-04-21,2020,6,2,1,300,1
244618,Adalimumab,SANDOZ CANADA INCORPORATED,Immunosuppressants,SNDS,1,2020-11-19,0,0,1,0,0,0,0,0,0,0,0,0,Issued Notice of Compliance,2021-09-10,2020,11,4,1,295,1
257327,Adalimumab,BGP PHARMA ULC,Immunosuppressants,SNDS,1,2021-11-22,0,0,1,0,0,0,0,0,0,0,0,0,Issued Notice of Compliance,2022-08-12,2021,11,4,1,263,1
256159,Adalimumab,AMGEN CANADA INC,Immunosuppressants,SNDS,1,2021-10-19,0,0,1,0,0,0,1,0,0,0,0,0,Issued Notice of Compliance,2022-09-09,2021,10,4,1,325,1
258125,Adalimumab,SANDOZ CANADA INCORPORATED,Immunosuppressants,SNDS,1,2021-12-13,0,0,1,0,0,0,0,0,0,0,0,0,Issued Notice of Compliance,2022-10-11,2021,12,4,1,302,1
259979,Adalimumab,PFIZER CANADA ULC,Immunosuppressants,SNDS,1,2022-02-18,0,0,1,0,0,0,0,0,0,0,0,0,Issued Notice of Compliance,2022-11-14,2022,2,1,1,269,1
282461,Adalimumab,"SAMSUNG BIOEPIS CO., LTD",Immunosuppressants,SNDS,1,2024-03-13,0,0,1,0,0,0,0,0,0,0,0,0,Issued Notice of Compliance,2025-01-15,2024,3,1,1,308,1
281626,Adalimumab,CELLTRION HEALTHCARE CO LTD,Immunosuppressants,SNDS,1,2024-09-23,0,0,1,0,0,0,0,0,0,0,0,0,Issued Notice of Compliance,2025-06-19,2024,9,3,1,269,1
209785,Afatinib dimaleate,BOEHRINGER INGELHEIM (CANADA) LTD LTEE,Antineoplastic agents,SNDS,1,2017-12-19,0,0,0,0,0,0,0,0,0,0,0,0,Issued Notice of Compliance,2018-09-20,2017,12,4,1,275,1
278211,Aflibercept,BAYER INC,Ophthalmologicals,SNDS,1,2023-09-26,0,0,0,0,0,0,0,0,0,0,0,0,Issued Notice of Compliance under the NOC/c Guidance,2025-05-02,2023,9,3,1,584,1
210816,Alectinib,HOFFMANN LA ROCHE LIMITED,Antineoplastic agents,SNDS,1,2017-12-21,0,0,0,1,0,0,1,0,0,0,0,0,Issued Notice of Compliance,2018-06-11,2017,12,4,1,172,1
282375,Alectinib hydrochloride,HOFFMANN-LA ROCHE LIMITED,Antineoplastic agents,SNDS,1,2024-01-04,0,0,0,1,0,0,0,0,1,0,0,0,Issued Notice of Compliance,2024-06-27,2024,1,1,1,175,1
239220,Alemtuzumab,"SANOFI GENZYME, A DIVISION OF SANOFI-AVENTIS CANADA INC",Immunosuppressants,SNDS,1,2020-07-03,0,0,0,0,0,0,0,0,0,0,0,0,Issued Notice of Compliance,2021-04-28,2020,7,3,1,299,1
219669,Alirocumab,SANOFI-AVENTIS CANADA INC,Lipid modifying agents,SNDS,1,2018-10-05,0,0,0,0,0,0,0,0,0,0,0,0,Issued Notice of Compliance,2019-07-31,2018,10,4,1,299,1
205855,Alpha 1-proteinase inhibitor (human),GRIFOLS THERAPEUTICS INC,Antihemorrhagics,SNDS,1,2017-06-08,0,0,0,0,0,0,0,0,0,0,0,0,Issued Notice of Compliance,2017-06-30,2017,6,2,1,22,1
288056,Amifampridine phosphate,KYE PHARMACEUTICALS INC,Other nervous system drugs,SNDS,1,2024-08-14,0,0,0,0,0,0,0,0,0,0,0,0,Issued Notice of Compliance,2025-06-10,2024,8,3,1,300,1
282121,Amivantamab,JANSSEN INC,Antineoplastic agents,SNDS,1,2024-01-02,0,0,0,1,0,0,0,0,0,1,0,0,Issued Notice of Compliance,2024-06-28,2024,1,1,1,178,1
283969,Amivantamab,JANSSEN INC,Antineoplastic agents,SNDS,1,2024-03-19,0,0,0,0,0,0,0,0,0,1,0,0,Issued Notice of Compliance,2025-01-13,2024,3,1,1,300,1
299558,Amivantamab,JANSSEN INC,Antineoplastic agents,SNDS,1,2025-08-25,0,0,0,0,0,0,0,0,0,0,1,0,Issued Notice of Compliance,2026-06-18,2025,8,3,1,297,1
195649,Anakinra,SWEDISH ORPHAN BIOVITRUM AB (PUBL),Immunosuppressants,SNDS,1,2016-07-25,0,0,0,0,0,0,0,0,0,0,0,0,Issued Notice of Compliance,2017-05-18,2016,7,3,1,297,1
237738,Anakinra,SWEDISH ORPHAN BIOVITRUM AB (PUBL),Immunosuppressants,SNDS,1,2020-05-08,0,0,0,0,0,1,1,0,0,0,0,0,Cancelled by sponsor,2021-10-29,2020,5,2,1,539,0
262044,Anidulafungin,PFIZER CANADA ULC,Antimycotics for systemic use,SNDS,1,2022-07-13,0,0,0,0,0,0,0,0,0,0,0,0,Issued Notice of Compliance,2023-05-08,2022,7,3,1,299,1
234257,Anthrax antigen filtrate,EMERGENT BIODEFENSE OPERATIONS LANSING LLC,Vaccines,SNDS,1,2020-01-27,1,0,0,0,0,0,0,0,0,0,0,0,Issued Notice of Compliance,2020-11-19,2020,1,1,1,297,1
250002,Antihemophilic factor (recombinant),BAYER INC,Antihemorrhagics,SNDS,1,2021-03-29,0,0,0,0,0,0,0,0,0,0,0,0,Issued Notice of Compliance,2022-01-19,2021,3,1,1,296,1
211971,"Antihemophilic factor (recombinant), pegylated",BAXALTA CANADA CORPORATION,Antihemorrhagics,SNDS,1,2018-01-25,0,0,0,0,0,0,0,0,0,0,0,0,Issued Notice of Compliance,2018-11-21,2018,1,1,2,300,1
245031,"Antihemophilic factor (recombinant), pegylated",SHIRE PHARMA CANADA ULC,Antihemorrhagics,SNDS,1,2020-11-30,0,0,0,0,0,0,0,0,0,0,0,0,Issued Notice of Compliance,2021-11-05,2020,11,4,2,340,1
291800,"Antihemophilic factor (recombinant, B-domain deleted, pegylated)",BAYER INC,Antihemorrhagics,SNDS,1,2024-12-23,0,0,0,0,0,0,0,0,0,0,0,0,Issued Notice of Compliance,2025-10-20,2024,12,4,3,301,1
268221,"Antihemophilic factor VIII (recombinant, B-domain truncated), pegylated",NOVO NORDISK CANADA INC,Antihemorrhagics,SNDS,1,2022-11-17,0,0,0,0,0,0,0,0,0,0,0,0,Issued Notice of Compliance,2023-09-11,2022,11,4,3,298,1
228077,Apalutamide,JANSSEN INC,Endocrine therapy,SNDS,1,2019-06-17,0,0,0,1,0,0,0,0,0,0,0,0,Issued Notice of Compliance,2019-12-12,2019,6,2,1,178,1
198842,Apixaban,BRISTOL-MYERS SQUIBB CANADA,Antithrombotic agents,SNDS,1,2016-11-18,0,0,0,0,0,0,0,0,0,0,0,0,Issued Notice of Compliance,2018-10-17,2016,11,4,1,698,1
233030,Apremilast,AMGEN CANADA INC,Immunosuppressants,SNDS,1,2019-12-19,0,0,0,0,0,0,0,0,0,0,0,0,Issued Notice of Compliance,2020-08-10,2019,12,4,1,235,1
200292,Aripiprazole,OTSUKA PHARMACEUTICAL CO LTD,Psycholeptics,SNDS,1,2017-01-06,0,0,0,0,0,0,0,0,0,0,0,0,Issued Notice of Compliance,2017-11-02,2017,1,1,1,300,1
266917,Aripiprazole,OTSUKA PHARMACEUTICAL CO LTD,Psycholeptics,SNDS,1,2022-09-29,0,0,0,0,0,0,1,0,0,0,0,0,Issued Notice of Compliance,2025-01-17,2022,9,3,1,841,1
290676,Asciminib hydrochloride,NOVARTIS PHARMACEUTICALS CANADA INC,Antineoplastic agents,SNDS,1,2024-10-15,0,0,0,0,0,0,1,0,0,1,0,0,Issued Notice of Compliance,2025-07-25,2024,10,4,1,283,1
205038,Atezolizumab,HOFFMANN LA ROCHE LIMITED,Antineoplastic agents,SNDS,1,2017-06-12,0,0,0,0,0,0,0,0,0,0,0,0,Issued Notice of Compliance,2018-04-06,2017,6,2,1,298,1
217324,Atezolizumab,HOFFMANN LA ROCHE LIMITED,Antineoplastic agents,SNDS,1,2018-07-30,0,0,0,0,0,0,0,0,0,0,0,0,Issued Notice of Compliance,2019-05-24,2018,7,3,1,298,1
223753,Atezolizumab,HOFFMANN LA ROCHE LIMITED,Antineoplastic agents,SNDS,1,2019-02-11,0,0,0,1,0,0,0,0,0,0,0,0,Issued Notice of Compliance,2019-08-08,2019,2,1,1,178,1
223911,Atezolizumab,HOFFMANN LA ROCHE LIMITED,Antineoplastic agents,SNDS,1,2019-02-22,0,0,0,1,0,0,0,0,0,0,0,0,Issued Notice of Compliance under the NOC/c Guidance,2019-09-19,2019,2,1,1,209,1
226905,Atezolizumab,HOFFMANN LA ROCHE LIMITED,Antineoplastic agents,SNDS,1,2019-06-07,0,0,0,0,0,0,0,0,0,0,0,0,Issued Notice of Compliance,2020-04-02,2019,6,2,1,300,1
235450,Atezolizumab,HOFFMANN LA ROCHE LIMITED,Antineoplastic agents,SNDS,1,2020-02-20,0,0,0,0,0,0,0,0,1,0,0,0,Issued Notice of Compliance,2020-08-10,2020,2,1,1,172,1
237371,Atezolizumab,HOFFMANN LA ROCHE LIMITED,Antineoplastic agents,SNDS,1,2020-05-08,0,0,0,0,0,0,0,0,0,0,0,0,Issued Notice of Compliance,2021-03-01,2020,5,2,1,297,1
254361,Atezolizumab,HOFFMANN-LA ROCHE LIMITED,Antineoplastic agents,SNDS,1,2021-07-23,0,0,0,1,0,0,0,0,1,0,0,0,Issued Notice of Compliance,2022-01-14,2021,7,3,1,175,1
254159,Atezolizumab,HOFFMANN-LA ROCHE LIMITED,Antineoplastic agents,SNDS,1,2021-08-10,0,0,0,0,0,0,0,0,0,0,0,0,Issued Notice of Compliance,2022-03-29,2021,8,3,1,231,1
300483,Atezolizumab,HOFFMANN-LA ROCHE LIMITED,Antineoplastic agents,SNDS,1,2025-09-11,0,0,0,0,0,0,0,0,0,1,0,0,Issued Notice of Compliance,2026-07-31,2025,9,3,1,323,1
273484,Atogepant,ABBVIE CORPORATION,Analgesics,SNDS,1,2023-07-07,0,0,0,0,0,0,0,0,0,0,0,0,Issued Notice of Compliance,2024-05-02,2023,7,3,1,300,1
297240,Avapritinib,BLUEPRINT MEDICINES CORPORATION,Antineoplastic agents,SNDS,1,2025-05-16,0,0,0,1,0,0,1,0,0,0,0,0,Issued Notice of Compliance,2026-04-20,2025,5,2,1,339,1
225974,Avelumab,EMD SERONO A DIVISION OF EMD INC CANADA,Antineoplastic agents,SNDS,1,2019-04-05,0,0,0,0,1,0,0,0,0,0,0,0,Issued Notice of Compliance under the NOC/c Guidance,2019-11-06,2019,4,2,1,215,1
226954,Avelumab,EMD SERONO A DIVISION OF EMD INC CANADA,Antineoplastic agents,SNDS,1,2019-06-07,0,0,0,0,0,0,0,0,0,0,0,0,Cancelled by sponsor,2020-06-30,2019,6,2,1,389,0
240024,Avelumab,EMD SERONO A DIVISION OF EMD INC CANADA,Antineoplastic agents,SNDS,1,2020-06-15,0,0,0,1,0,0,0,0,0,0,0,0,Issued Notice of Compliance,2020-12-10,2020,6,2,1,178,1
256106,Axicabtagene ciloleucel,GILEAD SCIENCES CANADA INC,Antineoplastic agents,SNDS,1,2021-10-14,0,0,0,0,0,0,1,0,0,0,0,0,Issued Notice of Compliance under the NOC/c Guidance,2022-09-29,2021,10,4,1,350,1
259651,Axicabtagene ciloleucel,GILEAD SCIENCES CANADA INC,Antineoplastic agents,SNDS,1,2022-02-04,0,0,0,0,0,0,1,0,0,0,0,0,Issued Notice of Compliance,2022-12-06,2022,2,1,1,305,1
245813,Axitinib,PFIZER CANADA ULC,Antineoplastic agents,SNDS,1,2020-12-09,0,0,0,0,0,0,0,0,0,0,0,0,Issued Notice of Compliance,2021-10-04,2020,12,4,1,299,1
221498,"Azelastine hydrochloride, fluticasone propionate",BGP PHARMA ULC,Nasal preparations,SNDS,1,2018-12-14,0,0,0,0,0,0,0,0,0,0,0,0,Issued Notice of Compliance,2019-10-04,2018,12,4,2,294,1
254371,"Azelastine hydrochloride, fluticasone propionate",BGP PHARMA ULC,Nasal preparations,SNDS,1,2021-08-20,0,0,0,0,0,0,0,0,0,0,0,0,Issued Notice of Compliance,2022-05-18,2021,8,3,2,271,1
245874,Baricitinib,ELI LILLY CANADA INC,Immunosuppressants,SNDS,1,2020-12-18,0,0,0,0,0,0,0,0,0,0,0,0,Cancelled by sponsor,2022-01-28,2020,12,4,1,406,0
270684,Baricitinib,ELI LILLY CANADA INC,Immunosuppressants,SNDS,1,2023-04-03,0,0,0,0,0,0,0,0,0,0,0,0,Issued Notice of Compliance,2024-01-26,2023,4,2,1,298,1
256724,Baricitinib *For use in relation to COVID-19,ELI LILLY CANADA INC,Immunosuppressants,SNDS,1,2021-10-15,0,0,0,0,0,0,0,1,0,0,0,0,Issued Notice of Non-compliance - Withdrawal,2023-06-13,2021,10,4,1,606,0
210469,"Bazedoxifene acetate, conjugated estrogens",PFIZER CANADA INC,Sex hormones and modulators of the genital system,SNDS,1,2017-11-30,0,0,0,0,0,0,0,0,0,0,0,0,Issued Notice of Compliance,2018-09-14,2017,11,4,2,288,1
243390,Belimumab,GLAXOSMITHKLINE INC,Immunosuppressants,SNDS,1,2020-10-02,0,0,0,0,0,0,0,0,0,0,0,0,Issued Notice of Compliance,2021-07-29,2020,10,4,1,300,1
279522,Belimumab,GLAXOSMITHKLINE INC,Immunosuppressants,SNDS,1,2023-11-15,0,0,0,0,0,0,0,0,0,0,0,0,Issued Notice of Compliance,2025-12-23,2023,11,4,1,769,1
270609,Belzutifan,MERCK CANADA INC,Antineoplastic agents,SNDS,1,2023-01-16,0,0,0,1,0,0,1,0,0,0,0,0,Issued Notice of Compliance,2023-07-11,2023,1,1,1,176,1
282593,Belzutifan,MERCK CANADA INC,Antineoplastic agents,SNDS,1,2024-02-15,0,0,0,0,0,0,1,0,0,0,0,0,Issued Notice of Compliance,2024-12-17,2024,2,1,1,306,1
284185,Benralizumab,ASTRAZENECA CANADA INC,Drugs for obstructive airway diseases,SNDS,1,2024-04-12,0,0,0,0,0,0,0,0,0,0,0,0,Issued Notice of Compliance,2025-07-18,2024,4,2,1,462,1
247673,"Betamethasone dipropionate, calcipotriol monohydrate",LEO PHARMA INC,"Corticosteroids, dermatological preparations",SNDS,1,2021-01-29,0,0,0,0,0,0,0,0,0,0,0,0,Issued Notice of Compliance,2021-10-25,2021,1,1,2,269,1
207259,Bevacizumab,HOFFMANN LA ROCHE LIMITED,Antineoplastic agents,SNDS,1,2017-08-10,0,0,0,0,0,0,0,0,0,0,0,0,Issued Notice of Compliance,2018-06-06,2017,8,3,1,300,1
218844,Bevacizumab,AMGEN CANADA INC,Antineoplastic agents,SNDS,1,2018-09-12,0,0,1,0,0,0,0,0,0,0,0,0,Issued Notice of Compliance,2019-06-05,2018,9,3,1,266,1
230254,Bevacizumab,AMGEN CANADA INC,Antineoplastic agents,SNDS,1,2019-09-19,0,0,1,0,0,0,1,0,0,0,0,0,Issued Notice of Compliance,2020-02-21,2019,9,3,1,155,1
232977,Bevacizumab,AMGEN CANADA INC,Antineoplastic agents,SNDS,1,2019-11-20,0,0,1,0,0,0,0,0,0,0,0,0,Issued Notice of Compliance,2021-01-05,2019,11,4,1,412,1
257734,Bevacizumab,APOTEX INC,Antineoplastic agents,SNDS,1,2021-12-13,0,0,1,0,0,0,0,0,0,0,0,0,Issued Notice of Compliance,2022-10-06,2021,12,4,1,297,1
259936,Bevacizumab,BGP PHARMA ULC,Antineoplastic agents,SNDS,1,2022-02-01,0,0,1,0,0,0,0,0,0,0,0,0,Issued Notice of Compliance,2022-11-23,2022,2,1,1,295,1
226658,"Bictegravir sodium, emtricitabine, tenofovir alafenamide hemifumarate",GILEAD SCIENCES CANADA INC,Antivirals for systemic use,SNDS,1,2019-05-08,0,0,0,0,0,0,0,0,0,0,0,0,Issued Notice of Compliance,2020-03-02,2019,5,2,3,299,1
240953,"Bictegravir sodium, emtricitabine, tenofovir alafenamide hemifumarate",GILEAD SCIENCES CANADA INC,Antivirals for systemic use,SNDS,1,2020-07-29,0,0,0,0,0,0,0,0,0,0,0,0,Issued Notice of Compliance,2021-05-21,2020,7,3,3,296,1
288709,"Bictegravir sodium, emtricitabine, tenofovir alafenamide hemifumarate",GILEAD SCIENCES CANADA INC,Antivirals for systemic use,SNDS,1,2024-08-14,0,0,0,0,0,0,0,0,0,0,0,0,Issued Notice of Compliance,2025-06-10,2024,8,3,3,300,1
241318,Bilastine,ARALEZ PHARMACEUTICALS CANADA INC,Antihistamines for systemic use,SNDS,1,2020-10-15,0,0,0,0,0,0,0,0,0,0,0,0,Issued Notice of Compliance,2021-08-11,2020,10,4,1,300,1
290817,Bilastine,ARALEZ PHARMACEUTICALS CANADA INC,Ophthalmologicals,SNDS,1,2024-12-05,0,0,0,0,0,0,0,0,0,0,0,0,Issued Notice of Compliance,2025-10-01,2024,12,4,1,300,1
273184,Bimekizumab,UCB CANADA INC,Immunosuppressants,SNDS,1,2023-05-01,0,0,0,0,0,0,1,0,0,0,0,0,Issued Notice of Compliance,2024-02-23,2023,5,2,1,298,1
273663,Bimekizumab,UCB CANADA INC,Immunosuppressants,SNDS,1,2023-05-16,0,0,0,0,0,0,1,0,0,0,0,0,Issued Notice of Compliance,2024-03-11,2023,5,2,1,300,1
286289,Bimekizumab,UCB CANADA INC,Immunosuppressants,SNDS,1,2024-06-17,0,0,0,0,0,0,1,0,0,0,0,0,Issued Notice of Compliance,2025-12-12,2024,6,2,1,543,1
243497,Bisoprolol fumarate,SANDOZ CANADA INCORPORATED,Beta blocking agents,SNDS,1,2021-01-11,0,0,0,0,0,1,0,0,0,0,0,0,Issued Notice of Compliance,2024-01-04,2021,1,1,1,1088,1
197615,Blinatumomab,AMGEN CANADA INC,Antineoplastic agents,SNDS,1,2016-09-16,0,0,0,0,1,0,0,0,0,0,0,0,Issued Notice of Compliance under the NOC/c Guidance,2017-04-28,2016,9,3,1,224,1
204154,Blinatumomab,AMGEN CANADA INC,Antineoplastic agents,SNDS,1,2017-05-09,0,0,0,0,0,0,0,0,0,0,0,0,Issued Notice of Compliance,2018-03-05,2017,5,2,1,300,1
210780,Blinatumomab,AMGEN CANADA INC,Antineoplastic agents,SNDS,1,2017-12-15,0,0,0,0,1,0,1,0,0,0,0,0,Issued Notice of Compliance under the NOC/c Guidance,2019-12-19,2017,12,4,1,734,1
283004,Blinatumomab,AMGEN CANADA INC,Antineoplastic agents,SNDS,1,2024-02-26,0,0,0,0,0,0,1,0,1,0,0,0,Issued Notice of Compliance,2024-12-27,2024,2,1,1,305,1
211317,Bosutinib,PFIZER CANADA INC,Antineoplastic agents,SNDS,1,2018-02-15,0,0,0,0,0,0,0,0,0,0,0,0,Issued Notice of Compliance,2018-12-10,2018,2,1,1,298,1
213996,Brentuximab vedotin,SEATTLE GENETICS INC,Antineoplastic agents,SNDS,1,2018-04-19,0,0,0,0,0,0,0,0,0,0,0,0,Issued Notice of Compliance,2018-12-21,2018,4,2,1,246,1
216513,Brentuximab vedotin,SEATTLE GENETICS INC,Antineoplastic agents,SNDS,1,2018-07-06,0,0,0,0,0,0,0,0,0,0,0,0,Issued Notice of Compliance,2019-05-02,2018,7,3,1,300,1
227030,Brentuximab vedotin,SEATTLE GENETICS INC,Antineoplastic agents,SNDS,1,2019-05-27,0,0,0,1,0,0,0,0,0,0,0,0,Issued Notice of Compliance,2019-11-22,2019,5,2,1,179,1
268334,Brentuximab vedotin,SEAGEN INC.,Antineoplastic agents,SNDS,1,2022-12-01,0,0,0,0,0,0,1,0,0,0,0,0,Cancelled by sponsor,2023-09-13,2022,12,4,1,286,0
205854,Brexpiprazole,OTSUKA PHARMACEUTICAL CO LTD,Psycholeptics,SNDS,1,2017-07-07,0,0,0,0,0,0,0,0,0,0,0,0,Issued Notice of Compliance,2019-02-22,2017,7,3,1,595,1
257995,Brexpiprazole,OTSUKA PHARMACEUTICAL CO LTD,Psycholeptics,SNDS,1,2021-12-17,0,0,0,0,0,0,0,0,0,0,0,0,Cancelled by sponsor,2022-06-17,2021,12,4,1,182,0
272694,Brexpiprazole,OTSUKA PHARMACEUTICAL CO LTD,Psycholeptics,SNDS,1,2023-04-12,0,0,0,0,0,0,0,0,0,0,0,0,Issued Notice of Compliance,2024-01-23,2023,4,2,1,286,1
262249,Brexucabtagene autoleucel,GILEAD SCIENCES CANADA INC,Antineoplastic agents,SNDS,1,2022-04-12,0,0,0,1,0,0,1,0,0,0,0,0,Issued Notice of Compliance,2022-11-16,2022,4,2,1,218,1
237680,Brigatinib,TAKEDA CANADA INC,Antineoplastic agents,SNDS,1,2020-05-11,0,0,0,0,0,0,0,0,0,0,0,0,Issued Notice of Compliance,2021-03-03,2020,5,2,1,296,1
226734,Brivaracetam,UCB CANADA INC,Antiepileptics,SNDS,1,2019-05-29,0,0,0,0,0,0,0,0,0,0,0,0,Issued Notice of Compliance,2020-03-24,2019,5,2,1,300,1
259754,Brolucizumab,NOVARTIS PHARMACEUTICALS CANADA INC,Ophthalmologicals,SNDS,1,2022-02-04,0,0,0,0,0,0,1,0,0,0,0,0,Issued Notice of Compliance,2022-11-30,2022,2,1,1,299,1
218994,Budesonide,TILLOTTS PHARMA GMBH,"Antidiarrheals, intestinal anti-inflammatory/anti-infective agents ",SNDS,1,2018-09-18,0,0,0,0,0,0,0,0,0,0,0,0,Cancelled by sponsor,2020-03-18,2018,9,3,1,547,0
238101,Budesonide,AVIR PHARMA INC,"Antidiarrheals, intestinal anti-inflammatory/anti-infective agents ",SNDS,1,2020-05-20,0,0,0,0,0,0,1,0,0,0,0,0,Issued Notice of Compliance,2021-03-16,2020,5,2,1,300,1
220998,"Budesonide, formoterol fumarate dihydrate",ASTRAZENECA CANADA INC,Drugs for obstructive airway diseases,SNDS,1,2018-11-29,0,0,0,0,0,0,0,0,0,0,0,0,Issued Notice of Compliance,2019-09-25,2018,11,4,2,300,1
292450,Buprenorphine,INDIVIOR UK LIMITED,Other nervous system drugs,SNDS,1,2025-01-10,0,0,0,0,0,0,0,0,0,0,0,0,Issued Notice of Compliance,2025-12-02,2025,1,1,1,326,1
229313,Burosumab,KYOWA KIRIN LIMITED,Drugs for treatment of bone diseases,SNDS,1,2019-08-22,0,0,0,0,0,0,0,0,0,0,0,0,Issued Notice of Compliance,2020-06-16,2019,8,3,1,299,1
249112,Burosumab,KYOWA KIRIN LIMITED,Drugs for treatment of bone diseases,SNDS,1,2021-03-05,0,0,0,1,0,0,0,0,0,0,0,0,Issued Notice of Compliance,2021-08-26,2021,3,1,1,174,1
197440,C1 esterase inhibitor (human),CSL BEHRING CANADA INC,Other hematological agents,SNDS,1,2016-09-15,0,0,0,0,0,0,0,0,0,0,0,0,Issued Notice of Compliance,2017-03-31,2016,9,3,1,197,1
254233,"Cabotegravir, rilpivirine",VIIV HEALTHCARE ULC,Antivirals for systemic use,SNDS,1,2021-08-19,0,0,0,0,0,0,0,0,0,0,0,0,Issued Notice of Compliance,2022-06-15,2021,8,3,2,300,1
258574,"Cabotegravir, rilpivirine",VIIV HEALTHCARE ULC,Antivirals for systemic use,SNDS,1,2022-02-14,0,0,0,0,0,0,0,0,0,0,0,0,Issued Notice of Compliance,2022-12-09,2022,2,1,2,298,1
221859,Cabozantinib,IPSEN BIOPHARMACEUTICALS CANADA INC,Antineoplastic agents,SNDS,1,2018-12-19,0,0,0,0,0,0,0,0,0,0,0,0,Issued Notice of Compliance,2019-10-10,2018,12,4,1,295,1
222733,Cabozantinib,IPSEN BIOPHARMACEUTICALS CANADA INC,Antineoplastic agents,SNDS,1,2019-01-14,0,0,0,0,0,0,1,0,0,0,0,0,Issued Notice of Compliance,2019-11-08,2019,1,1,1,298,1
245824,Cabozantinib,IPSEN BIOPHARMACEUTICALS CANADA INC,Antineoplastic agents,SNDS,1,2020-12-18,0,0,0,0,0,0,0,0,0,0,0,0,Issued Notice of Compliance,2021-10-12,2020,12,4,1,298,1
257143,Cabozantinib malate,IPSEN BIOPHARMACEUTICALS CANADA INC,Antineoplastic agents,SNDS,1,2021-11-04,0,0,0,1,0,0,1,0,0,0,0,0,Issued Notice of Compliance,2022-04-28,2021,11,4,1,175,1
280615,Cabozantinib malate,IPSEN BIOPHARMACEUTICALS CANADA INC,Antineoplastic agents,SNDS,1,2023-11-23,0,0,0,0,0,0,0,0,0,0,0,0,Issued Notice of Compliance,2024-09-12,2023,11,4,1,294,1
194762,Canagliflozin,JANSSEN INC,Drugs used in diabetes,SNDS,1,2016-06-24,0,0,0,0,0,0,0,0,0,0,0,0,Issued Notice of Compliance,2017-04-13,2016,6,2,1,293,1
210676,Canagliflozin,JANSSEN INC,Drugs used in diabetes,SNDS,1,2017-12-20,0,0,0,0,0,0,0,0,0,0,0,0,Issued Notice of Compliance,2018-10-15,2017,12,4,1,299,1
229188,Canagliflozin,JANSSEN INC,Drugs used in diabetes,SNDS,1,2019-08-02,0,0,0,1,0,0,0,0,0,0,0,0,Issued Notice of Compliance,2020-01-24,2019,8,3,1,175,1
210969,"Canagliflozin, metformin hydrochloride",JANSSEN INC,Drugs used in diabetes,SNDS,1,2017-12-21,0,0,0,0,0,0,0,0,0,0,0,0,Issued Notice of Compliance,2018-10-16,2017,12,4,2,299,1
232307,"Canagliflozin, metformin hydrochloride",JANSSEN INC,Drugs used in diabetes,SNDS,1,2019-11-15,0,0,0,0,0,0,0,0,0,0,0,0,Issued Notice of Compliance,2020-08-20,2019,11,4,2,279,1
195617,Canakinumab,NOVARTIS PHARMACEUTICALS CANADA INC,Immunosuppressants,SNDS,1,2016-07-12,0,0,0,1,0,0,0,0,0,0,0,0,Issued Notice of Compliance,2017-01-06,2016,7,3,1,178,1
237113,Canakinumab,NOVARTIS PHARMACEUTICALS CANADA INC,Immunosuppressants,SNDS,1,2020-04-29,0,0,0,0,0,0,0,0,0,0,0,0,Issued Notice of Compliance,2021-02-22,2020,4,2,1,299,1
225949,Carbetocin,FERRING INC,Pituitary and hypothalamic hormones and analogues,SNDS,1,2019-05-02,0,0,0,0,0,0,0,0,0,0,0,0,Issued Notice of Compliance,2020-02-24,2019,5,2,1,298,1
237196,Carfilzomib,AMGEN CANADA INC,Antineoplastic agents,SNDS,1,2020-04-08,0,0,0,0,0,0,0,0,0,0,0,0,Issued Notice of Compliance,2021-01-29,2020,4,2,1,296,1
267413,Carfilzomib,AMGEN CANADA INC,Antineoplastic agents,SNDS,1,2022-10-07,0,0,0,0,0,1,0,0,0,0,0,0,Issued Notice of Compliance,2023-07-26,2022,10,4,1,292,1
227936,Carglumic acid,RECORDATI RARE DISEASES,Other alimentary tract and metabolism products,SNDS,1,2019-06-18,0,0,0,1,0,0,0,0,0,0,0,0,Issued Notice of Compliance,2020-11-06,2019,6,2,1,507,1
224729,"Ceftolozane, tazobactam sodium",MERCK CANADA INC,Antibacterials for systemic use,SNDS,1,2019-03-07,0,0,0,1,0,0,0,0,0,0,0,0,Issued Notice of Compliance,2019-08-30,2019,3,1,2,176,1
246918,Cemiplimab,SANOFI-AVENTIS CANADA INC,Antineoplastic agents,SNDS,1,2020-12-31,0,0,0,0,0,0,0,0,0,0,0,1,Issued Notice of Compliance,2021-10-26,2020,12,4,1,299,1
256178,Cemiplimab,SANOFI-AVENTIS CANADA INC,Antineoplastic agents,SNDS,1,2021-09-29,0,0,0,1,0,0,0,0,0,1,0,0,Issued Notice of Compliance,2022-03-23,2021,9,3,1,175,1
263700,Cemiplimab,SANOFI-AVENTIS CANADA INC,Antineoplastic agents,SNDS,1,2022-05-20,0,0,0,0,0,0,0,0,0,0,0,0,Issued Notice of Compliance,2023-04-27,2022,5,2,1,342,1
299840,Cemiplimab,REGENERON CANADA COMPANY,Antineoplastic agents,SNDS,1,2025-08-29,0,0,0,0,0,0,0,0,0,0,0,0,Issued Notice of Compliance,2026-06-23,2025,8,3,1,298,1
209082,Certolizumab pegol,UCB CANADA INC,Immunosuppressants,SNDS,1,2017-10-23,0,0,0,0,0,0,0,0,0,0,0,0,Issued Notice of Compliance,2018-08-16,2017,10,4,1,297,1
222049,Certolizumab pegol,UCB CANADA INC,Immunosuppressants,SNDS,1,2019-01-17,0,0,0,0,0,0,0,0,0,0,0,0,Issued Notice of Compliance,2019-11-13,2019,1,1,1,300,1
259446,ChAdOx1-S (recombinant) *For use in relation to COVID-19,ASTRAZENECA CANADA INC,Vaccines,SNDS,1,2021-12-10,0,0,0,0,0,0,0,1,0,0,0,0,Cancelled by sponsor,2022-03-31,2021,12,4,1,111,0
290364,Chikungunya virus live-attenuated,VALNEVA AUSTRIA GMBH,Vaccines,SNDS,1,2024-10-18,0,0,0,0,0,0,0,0,0,0,0,0,Issued Notice of Compliance,2025-08-14,2024,10,4,1,300,1
265382,"Cilgavimab, tixagevimab *For use in relation to COVID-19",ASTRAZENECA CANADA INC,Immune sera and immunoglobulins,SNDS,1,2022-06-22,0,0,0,0,0,0,1,1,0,0,0,0,Issued Notice of Compliance,2022-10-18,2022,6,2,2,118,1
277017,Ciltacabtagene autoleucel,JANSSEN INC,Antineoplastic agents,SNDS,1,2023-08-23,0,0,0,0,0,0,0,0,0,0,0,0,Issued Notice of Compliance,2024-07-19,2023,8,3,1,331,1
258126,"Coagulation factor IX (recombinant), pegylated",NOVO NORDISK CANADA INC,Antihemorrhagics,SNDS,1,2021-12-16,0,0,0,0,0,0,0,0,0,0,0,0,Issued Notice of Compliance,2022-10-12,2021,12,4,2,300,1
274244,"Coagulation factor VIII (human), human plasma proteins, Von Willebrand factor (human)",OCTAPHARMA PHARMAZEUTIKA PRODUKTIONSGES M B H,Antihemorrhagics,SNDS,1,2023-05-03,0,0,0,0,0,0,0,0,0,0,0,0,Issued Notice of Compliance,2024-02-27,2023,5,2,3,300,1
195789,"Cobicistat, elvitegravir, emtricitabine, tenofovir alafenamide hemifumarate",GILEAD SCIENCES CANADA INC,Antivirals for systemic use,SNDS,1,2016-07-28,0,0,0,0,0,0,0,0,0,0,0,0,Issued Notice of Compliance,2017-05-25,2016,7,3,4,301,1
207251,"Cobicistat, elvitegravir, emtricitabine, tenofovir alafenamide hemifumarate",GILEAD SCIENCES CANADA INC,Antivirals for systemic use,SNDS,1,2017-08-23,0,0,0,0,0,0,0,0,0,0,0,0,Issued Notice of Compliance,2018-06-19,2017,8,3,4,300,1
219784,"Cobicistat, elvitegravir, emtricitabine, tenofovir alafenamide hemifumarate",GILEAD SCIENCES CANADA INC,Antivirals for systemic use,SNDS,1,2018-10-04,0,0,0,0,0,0,0,0,0,0,0,0,Issued Notice of Compliance,2019-07-19,2018,10,4,4,288,1
202488,Collagenase clostridium histolyticum,ENDO VENTURES LTD,Other drugs for disorders of the musculo-skeletal system,SNDS,1,2017-03-08,0,0,0,0,0,0,0,0,0,0,0,0,Issued Notice of Compliance,2018-01-02,2017,3,1,1,300,1
285411,Concizumab,NOVO NORDISK CANADA INC,Antihemorrhagics,SNDS,1,2024-05-03,0,0,0,0,0,0,0,0,0,0,0,0,Cancelled by sponsor,2024-06-07,2024,5,2,1,35,0
216208,"Corynebacterium diphtheriae CRM-197 protein, pneumococcal conjugate serotypes 1, 3, 4, 5, 6A, 6B, 7F, 9V, 14, 18C, 19A, 19F, and 23F",PFIZER CANADA INC,Vaccines,SNDS,1,2018-06-19,0,0,0,0,0,0,0,0,0,0,0,0,Issued Notice of Compliance,2019-04-15,2018,6,2,14,300,1
270922,"Corynebacterium diphtheriae CRM-197 protein, pneumococcal polysaccharide serotypes 1, 3, 4, 5, 6A, 6B, 7F, 8, 9V, 10A, 11A, 12F, 14, 15B, 18C, 19A, 19F, 22F, 23F, and 33F",PFIZER CANADA ULC,Vaccines,SNDS,1,2023-01-23,0,0,0,1,0,0,0,0,0,0,0,0,Issued Notice of Compliance,2023-07-21,2023,1,1,21,179,1
259725,"Corynebacterium diphtheriae CRM-197 protein, pneumococcal polysaccharide serotypes 1, 3, 4, 5, 6A, 6B, 7F, 9V, 14, 18C, 19A, 19F, 22F, 23F, and 33F",MERCK CANADA INC,Vaccines,SNDS,1,2022-01-14,0,0,0,1,0,0,0,0,0,0,0,0,Issued Notice of Compliance,2022-07-08,2022,1,1,16,175,1
291819,"Corynebacterium diphtheriae CRM-197 protein, pneumococcal polysaccharide serotypes 6A, 7F, 8, 9N, 10A, 11A, 12F, 15A, 16F, 17F, 19A, 20A, 22F, 23A, 23B, 24F, 31, 33F, 35B, deOAc15B",MERCK CANADA INC,Vaccines,SNDS,1,2024-11-22,0,0,0,0,0,0,0,0,0,0,0,0,Issued Notice of Compliance,2025-10-14,2024,11,4,21,326,1
240171,Crisaborole,PFIZER CANADA ULC,Other dermatological preparations,SNDS,1,2020-07-17,0,0,0,0,0,0,0,0,0,0,0,0,Issued Notice of Compliance,2021-05-18,2020,7,3,1,305,1
198322,Crizotinib,PFIZER CANADA INC,Antineoplastic agents,SNDS,1,2016-11-01,0,0,0,0,0,0,0,0,0,0,0,0,Issued Notice of Compliance,2017-08-28,2016,11,4,1,300,1
199381,Dabrafenib,NOVARTIS PHARMACEUTICALS CANADA INC,Antineoplastic agents,SNDS,1,2016-11-10,0,0,0,1,0,0,0,0,0,0,0,0,Issued Notice of Compliance,2017-05-16,2016,11,4,1,187,1
210753,Dabrafenib,NOVARTIS PHARMACEUTICALS CANADA INC,Antineoplastic agents,SNDS,1,2017-11-22,0,0,0,1,0,0,0,0,0,0,0,0,Issued Notice of Compliance,2018-05-18,2017,11,4,1,177,1
213581,Dabrafenib,NOVARTIS PHARMACEUTICALS CANADA INC,Antineoplastic agents,SNDS,1,2018-03-18,0,0,0,0,1,0,0,0,0,0,0,0,Issued Notice of Compliance,2018-09-21,2018,3,1,1,187,1
270381,Dabrafenib mesylate,NOVARTIS PHARMACEUTICALS CANADA INC,Antineoplastic agents,SNDS,1,2023-01-30,0,0,0,1,0,0,1,0,0,0,0,0,Issued Notice of Compliance,2023-07-26,2023,1,1,1,177,1
278103,Dalbavancin,ENDO VENTURES LTD,Antibacterials for systemic use,SNDS,1,2023-09-28,0,0,0,0,0,0,0,0,0,0,0,0,Issued Notice of Compliance,2024-07-24,2023,9,3,1,300,1
227213,Dapagliflozin propanediol,ASTRAZENECA CANADA INC,Drugs used in diabetes,SNDS,1,2019-06-10,0,0,0,0,0,0,0,0,0,0,0,0,Issued Notice of Compliance,2020-04-02,2019,6,2,1,297,1
234304,Dapagliflozin propanediol,ASTRAZENECA CANADA INC,Drugs used in diabetes,SNDS,1,2020-01-02,0,0,0,1,0,0,1,0,0,0,0,0,Issued Notice of Compliance,2020-06-30,2020,1,1,1,180,1
248367,Dapagliflozin propanediol,ASTRAZENECA CANADA INC,Drugs used in diabetes,SNDS,1,2021-02-11,0,0,0,1,0,0,0,0,0,0,0,0,Issued Notice of Compliance,2021-08-10,2021,2,1,1,180,1
268982,Dapagliflozin propanediol monohydrate,ASTRAZENECA CANADA INC,Drugs used in diabetes,SNDS,1,2022-12-16,0,0,0,0,0,0,0,0,0,0,0,0,Issued Notice of Compliance,2023-10-11,2022,12,4,1,299,1
228055,"Dapagliflozin, metformin hydrochloride",ASTRAZENECA CANADA INC,Drugs used in diabetes,SNDS,1,2019-07-08,0,0,0,0,0,0,0,0,0,0,0,0,Issued Notice of Compliance,2020-04-23,2019,7,3,2,290,1
214792,Daptomycin,CUBIST PHARMACEUTCIALS LLC,Antibacterials for systemic use,SNDS,1,2018-05-11,0,0,0,0,0,0,0,0,0,0,0,0,Issued Notice of Compliance,2019-02-21,2018,5,2,1,286,1
198647,Daratumumab,JANSSEN INC,Antineoplastic agents,SNDS,1,2016-10-17,0,0,0,1,0,0,0,0,0,0,0,0,Issued Notice of Compliance,2017-04-13,2016,10,4,1,178,1
212559,Daratumumab,JANSSEN INC,Antineoplastic agents,SNDS,1,2018-01-31,0,0,0,0,0,0,0,0,0,0,0,0,Issued Notice of Compliance,2018-11-27,2018,1,1,1,300,1
226512,Daratumumab,JANSSEN INC,Antineoplastic agents,SNDS,1,2019-05-03,0,0,0,1,0,0,1,0,0,0,0,0,Issued Notice of Compliance,2019-10-25,2019,5,2,1,175,1
234407,Daratumumab,JANSSEN INC,Antineoplastic agents,SNDS,1,2020-01-27,0,0,0,0,0,0,0,0,0,0,0,0,Issued Notice of Compliance,2020-11-17,2020,1,1,1,295,1
244119,Daratumumab,JANSSEN INC,Antineoplastic agents,SNDS,1,2020-11-02,0,0,0,0,0,0,0,0,0,1,0,0,Issued Notice of Compliance,2021-04-12,2020,11,4,1,161,1
249815,Daratumumab,JANSSEN INC,Antineoplastic agents,SNDS,1,2021-03-29,0,0,0,0,0,0,0,0,0,0,0,0,Issued Notice of Compliance,2022-01-21,2021,3,1,1,298,1
259880,Daratumumab,JANSSEN INC,Antineoplastic agents,SNDS,1,2022-02-14,0,0,0,0,0,0,0,0,0,0,0,0,Issued Notice of Compliance,2022-12-08,2022,2,1,1,297,1
286426,Daratumumab,JANSSEN INC,Antineoplastic agents,SNDS,1,2024-05-31,0,0,0,1,0,0,0,0,0,0,0,0,Issued Notice of Compliance,2024-11-27,2024,5,2,1,180,1
293030,Daratumumab,JANSSEN INC,Antineoplastic agents,SNDS,1,2025-01-23,0,0,0,0,0,0,1,0,0,0,0,0,Issued Notice of Compliance,2025-11-18,2025,1,1,1,299,1
262749,Darolutamide,BAYER INC,Endocrine therapy,SNDS,1,2022-04-20,0,0,0,1,0,0,1,0,1,0,0,0,Issued Notice of Compliance,2022-09-29,2022,4,2,1,162,1
291388,Darolutamide,BAYER INC,Endocrine therapy,SNDS,1,2024-11-13,0,0,0,0,0,0,1,0,1,0,0,0,Issued Notice of Compliance,2025-08-18,2024,11,4,1,278,1
273747,"Davesomeran, elasomeran *For use in relation to COVID-19","MODERNATX, INC.",Vaccines,SNDS,1,2023-03-31,0,0,0,0,0,0,0,1,0,0,0,0,Issued Notice of Compliance,2023-05-18,2023,3,1,2,48,1
274717,"Davesomeran, elasomeran *For use in relation to COVID-19",MODERNA BIOPHARMA CANADA CORPORATION,Vaccines,SNDS,1,2023-05-03,0,0,0,0,0,0,0,1,0,0,0,0,Cancelled by sponsor,2023-10-26,2023,5,2,2,176,0
244597,Deferiprone,CHIESI CANADA CORP.,All other therapeutic products,SNDS,1,2020-12-18,0,0,0,0,0,0,0,0,0,0,0,0,Issued Notice of Compliance,2021-10-13,2020,12,4,1,299,1
261912,Deferiprone,CHIESI CANADA CORP.,All other therapeutic products,SNDS,1,2022-06-03,0,0,0,0,0,0,0,0,0,0,0,0,Issued Notice of Compliance,2023-03-30,2022,6,2,1,300,1
203717,Denosumab,AMGEN CANADA INC,Drugs for treatment of bone diseases,SNDS,1,2017-04-19,0,0,0,0,0,0,0,0,0,0,0,0,Issued Notice of Compliance,2018-02-13,2017,4,2,1,300,1
205235,Denosumab,AMGEN CANADA INC,Drugs for treatment of bone diseases,SNDS,1,2017-06-08,0,0,0,0,0,0,0,0,0,0,0,0,Issued Notice of Compliance,2018-04-04,2017,6,2,1,300,1
241617,"Dermatophagoides farinae extract, dermatophagoides pteronyssinus extract",ALK -  ABELLO A/S,Allergens,SNDS,1,2020-09-10,0,0,0,0,0,0,0,0,0,0,0,0,Issued Notice of Compliance,2022-12-29,2020,9,3,2,840,1
285056,"Dermatophagoides farinae extract, dermatophagoides pteronyssinus extract",ALK- ABELLO A/S,Allergens,SNDS,1,2024-05-09,0,0,0,0,0,0,0,0,0,0,0,0,Issued Notice of Compliance,2025-03-05,2024,5,2,2,300,1
215955,Dexlansoprazole,TAKEDA CANADA INC,Drugs for acid related disorders,SNDS,1,2018-06-14,0,0,0,0,0,0,0,0,0,0,0,0,Issued Notice of Compliance,2019-04-02,2018,6,2,1,292,1
259869,Dimethyl fumarate,BIOGEN CANADA INC,Immunosuppressants,SNDS,1,2022-04-14,0,0,0,0,0,0,0,0,0,0,0,0,Issued Notice of Compliance,2023-05-18,2022,4,2,1,399,1
243463,"Diphtheria toxoid adsorbed, filamentous haemagglutinin adsorbed, inactivated poliovirus type I, inactivated poliovirus type II, inactivated poliovirus type III, pertactin adsorbed, pertussis toxoid adsorbed, tetanus toxoid adsorbed",GLAXOSMITHKLINE INC,Vaccines,SNDS,1,2020-10-02,0,0,0,0,0,0,0,0,0,0,0,0,Issued Notice of Compliance,2021-08-05,2020,10,4,8,307,1
243456,"Diphtheria toxoid adsorbed, filamentous haemagglutinin adsorbed, pertussis toxoid adsorbed, tetanus toxoid adsorbed",GLAXOSMITHKLINE INC,Vaccines,SNDS,1,2020-10-02,0,0,0,0,0,0,0,0,0,0,0,0,Issued Notice of Compliance,2021-08-05,2020,10,4,4,307,1
220233,"Diphtheria toxoid, filamentous haemagglutinin, fimbriae types 2 and 3 (FIM), inactivated poliomyelitis vaccine (D.C.O) Type 1 Mahoney, inactivated poliomyelitis vaccine (D.C.O) Type 2 M.E.F.1, inactivated poliomyelitis vaccine (D.C.O) Type 3 Saukett, pertactin, pertussis toxoid, tetanus toxoid",SANOFI PASTEUR LIMITED,Vaccines,SNDS,1,2018-11-02,0,0,0,0,0,0,0,0,0,0,0,0,Issued Notice of Compliance,2020-09-28,2018,11,4,9,696,1
220103,"Diphtheria toxoid, filamentous haemagglutinin, fimbriae types 2 and 3 (FIM), pertactin, pertussis toxoid, tetanus toxoid",SANOFI PASTEUR LIMITED,Vaccines,SNDS,1,2018-11-02,0,0,0,0,0,0,0,0,0,0,0,0,Issued Notice of Compliance,2020-09-28,2018,11,4,6,696,1
207076,Dolutegravir,VIIV HEALTHCARE ULC,Antivirals for systemic use,SNDS,1,2017-08-09,0,0,0,0,0,0,0,0,0,0,0,0,Issued Notice of Compliance,2018-05-22,2017,8,3,1,286,1
235583,Dolutegravir,VIIV HEALTHCARE ULC,Antivirals for systemic use,SNDS,1,2020-04-02,0,0,0,0,0,0,0,0,0,0,0,0,Issued Notice of Compliance,2021-01-27,2020,4,2,1,300,1
264733,Doravirine,MERCK CANADA INC,Antivirals for systemic use,SNDS,1,2022-07-22,0,0,0,0,0,0,0,0,0,0,0,0,Issued Notice of Compliance,2023-05-30,2022,7,3,1,312,1
266249,"Doravirine, lamivudine, tenofovir disoproxil fumarate",MERCK CANADA INC,Antivirals for systemic use,SNDS,1,2022-09-12,0,0,0,0,0,0,0,0,0,0,0,0,Issued Notice of Compliance,2023-07-06,2022,9,3,3,297,1
274515,Dostarlimab,GLAXOSMITHKLINE INC,Antineoplastic agents,SNDS,1,2023-05-19,0,0,0,1,0,0,1,0,1,0,0,0,Issued Notice of Compliance,2023-11-15,2023,5,2,1,180,1
286361,Dostarlimab,GLAXOSMITHKLINE INC,Antineoplastic agents,SNDS,1,2024-06-20,0,0,0,0,0,0,1,0,0,0,0,0,Issued Notice of Compliance,2025-04-16,2024,6,2,1,300,1
201964,Dulaglutide,ELI LILLY CANADA INC,Drugs used in diabetes,SNDS,1,2017-03-03,0,0,0,0,0,0,0,0,0,0,0,0,Issued Notice of Compliance,2017-12-22,2017,3,1,1,294,1
232128,Dulaglutide,ELI LILLY CANADA INC,Drugs used in diabetes,SNDS,1,2019-11-18,0,0,0,0,0,0,0,0,0,0,0,0,Issued Notice of Compliance,2020-09-11,2019,11,4,1,298,1
221043,Dupilumab,SANOFI-AVENTIS CANADA INC,Other dermatological preparations,SNDS,1,2018-11-30,0,0,0,0,0,0,0,0,0,0,0,0,Issued Notice of Compliance,2019-09-25,2018,11,4,1,299,1
231268,Dupilumab,SANOFI-AVENTIS CANADA INC,Other dermatological preparations,SNDS,1,2019-10-18,0,0,0,0,0,0,0,0,0,0,0,0,Issued Notice of Compliance,2020-08-12,2019,10,4,1,299,1
234105,Dupilumab,SANOFI-AVENTIS CANADA INC,Other dermatological preparations,SNDS,1,2020-01-17,0,0,0,0,0,0,0,0,0,0,0,0,Issued Notice of Compliance,2020-11-12,2020,1,1,1,300,1
237081,Dupilumab,SANOFI-AVENTIS CANADA INC,Other dermatological preparations,SNDS,1,2020-03-17,0,0,1,0,0,0,0,0,0,0,0,0,Issued Notice of Compliance,2021-02-22,2020,3,1,1,342,1
252306,Dupilumab,SANOFI-AVENTIS CANADA INC,Other dermatological preparations,SNDS,1,2021-05-31,0,0,0,0,0,0,0,0,0,0,0,1,Issued Notice of Compliance,2022-03-25,2021,5,2,1,298,1
264439,Dupilumab,SANOFI-AVENTIS CANADA INC,Other dermatological preparations,SNDS,1,2022-06-20,0,0,0,0,0,0,0,0,0,0,0,0,Issued Notice of Compliance,2023-04-14,2022,6,2,1,298,1
268311,Dupilumab,SANOFI-AVENTIS CANADA INC,Other dermatological preparations,SNDS,1,2022-11-02,0,0,0,1,0,0,0,0,0,0,0,0,Issued Notice of Compliance,2023-05-01,2022,11,4,1,180,1
266537,Dupilumab,SANOFI-AVENTIS CANADA INC,Other dermatological preparations,SNDS,1,2022-09-16,0,0,0,0,0,0,0,0,0,0,0,1,Issued Notice of Compliance,2023-07-12,2022,9,3,1,299,1
283782,Dupilumab,SANOFI-AVENTIS CANADA INC,Other dermatological preparations,SNDS,1,2024-03-11,0,0,0,1,0,0,0,0,0,0,0,0,Issued Notice of Compliance,2024-09-06,2024,3,1,1,179,1
286477,Dupilumab,SANOFI-AVENTIS CANADA INC,Other dermatological preparations,SNDS,1,2024-06-06,0,0,0,0,0,0,0,0,0,0,0,0,Issued Notice of Compliance,2025-10-21,2024,6,2,1,502,1
292407,Dupilumab,SANOFI-AVENTIS CANADA INC,Other dermatological preparations,SNDS,1,2025-01-03,0,0,0,0,0,0,0,0,0,0,0,1,Issued Notice of Compliance,2025-10-27,2025,1,1,1,297,1
233107,Durvalumab,ASTRAZENECA CANADA INC,Antineoplastic agents,SNDS,1,2019-11-27,0,0,0,0,0,0,0,0,0,0,0,0,Issued Notice of Compliance,2020-09-21,2019,11,4,1,299,1
262782,Durvalumab,ASTRAZENECA CANADA INC,Antineoplastic agents,SNDS,1,2022-04-21,0,0,0,1,0,0,1,0,0,0,1,0,Issued Notice of Compliance,2022-09-28,2022,4,2,1,160,1
281318,Durvalumab,ASTRAZENECA CANADA INC,Endocrine therapy,SNDS,1,2024-01-12,0,0,0,0,0,0,0,0,0,0,0,0,Issued Notice of Compliance,2024-10-08,2024,1,1,1,270,1
282097,Durvalumab,ASTRAZENECA CANADA INC,Antineoplastic agents,SNDS,1,2024-01-30,0,0,0,0,0,0,1,0,0,0,0,0,Issued Notice of Compliance,2025-01-17,2024,1,1,1,353,1
290251,Durvalumab,ASTRAZENECA CANADA INC,Antineoplastic agents,SNDS,1,2024-10-10,0,0,0,1,0,0,1,0,0,1,0,0,Issued Notice of Compliance,2025-04-08,2024,10,4,1,180,1
285745,Durvalumab,ASTRAZENECA CANADA INC,Antineoplastic agents,SNDS,1,2024-05-30,0,0,0,0,0,0,1,0,0,0,0,0,Issued Notice of Compliance,2025-04-10,2024,5,2,1,315,1
292883,Durvalumab,ASTRAZENECA CANADA INC,Antineoplastic agents,SNDS,1,2025-01-03,0,0,0,1,0,0,1,0,0,0,0,0,Issued Notice of Compliance,2025-07-17,2025,1,1,1,195,1
299521,Durvalumab,ASTRAZENECA CANADA INC,Antineoplastic agents,SNDS,1,2025-07-30,0,0,0,1,0,0,1,0,0,1,0,0,Issued Notice of Compliance,2026-01-22,2025,7,3,1,176,1
281503,Durvalumab,ASTRAZENECA CANADA INC,Antineoplastic agents,SNDS,1,2024-01-16,0,0,0,0,0,0,1,0,0,0,0,0,Issued Notice of Compliance,2026-02-20,2024,1,1,1,766,1
212987,Eculizumab,ALEXION PHARMA GMBH,Immunosuppressants,SNDS,1,2018-02-21,0,0,0,1,0,0,0,0,0,0,0,0,Issued Notice of Compliance,2018-08-20,2018,2,1,1,180,1
225847,Eculizumab,ALEXION PHARMA GMBH,Immunosuppressants,SNDS,1,2019-04-01,0,0,0,1,0,0,0,0,0,0,0,0,Issued Notice of Compliance,2019-09-24,2019,4,2,1,176,1
288497,Eculizumab,ALEXION PHARMA GMBH,Immunosuppressants,SNDS,1,2024-08-29,0,0,0,0,0,0,0,0,0,0,0,0,Issued Notice of Compliance,2025-08-07,2024,8,3,1,343,1
307001,Eculizumab,"SAMSUNG BIOEPIS CO., LTD",Immunosuppressants,SNDS,1,2026-04-16,0,0,1,0,0,0,0,0,0,0,0,0,Issued Notice of Compliance,2026-07-02,2026,4,2,1,77,1
292379,Efgartigimod alfa,ARGENX BV,Immunosuppressants,SNDS,1,2025-01-08,0,0,0,0,0,0,1,0,0,0,0,0,Issued Notice of Compliance,2025-11-03,2025,1,1,1,299,1
253430,Elasomeran *For use in relation to COVID-19,"MODERNATX, INC.",Vaccines,SNDS,1,2021-06-04,0,0,0,0,0,0,0,1,0,0,0,0,Authorized under Interim Order,2021-08-27,2021,6,2,1,84,1
257293,Elasomeran *For use in relation to COVID-19,"MODERNATX, INC.",Vaccines,SNDS,1,2021-10-06,0,0,0,0,0,0,0,1,0,0,0,0,Issued Notice of Compliance,2021-11-12,2021,10,4,1,37,1
258658,Elasomeran *For use in relation to COVID-19,"MODERNATX, INC.",Vaccines,SNDS,1,2021-11-16,0,0,0,0,0,0,0,1,0,0,0,0,Issued Notice of Compliance,2022-03-17,2021,11,4,1,121,1
263775,Elasomeran *For use in relation to COVID-19,"MODERNATX, INC.",Vaccines,SNDS,1,2022-04-29,0,0,0,0,0,0,0,1,0,0,0,0,Issued Notice of Compliance,2022-07-14,2022,4,2,1,76,1
262952,Elasomeran *For use in relation to COVID-19,"MODERNATX, INC.",Vaccines,SNDS,1,2022-04-21,0,0,0,0,0,1,0,1,0,0,0,0,Cancelled by sponsor,2022-09-16,2022,4,2,1,148,0
262408,Elasomeran *For use in relation to COVID-19,"MODERNATX, INC.",Vaccines,SNDS,1,2022-03-16,0,0,0,0,0,0,0,1,0,0,0,0,Issued Notice of Compliance,2023-01-12,2022,3,1,1,302,1
269428,"Elasomeran, imelasomeran *For use in relation to COVID-19","MODERNATX, INC.",Vaccines,SNDS,1,2022-11-24,0,0,0,0,0,0,0,1,0,0,0,0,Issued Notice of Compliance,2023-02-17,2022,11,4,2,85,1
255136,"Elexacaftor, ivacaftor, tezacaftor",VERTEX PHARMACEUTICALS (CANADA) INCORPORATED,Other respiratory system products,SNDS,1,2021-10-22,0,0,0,1,0,0,1,0,0,0,0,0,Issued Notice of Compliance,2022-04-20,2021,10,4,3,180,1
271750,"Elexacaftor, ivacaftor, tezacaftor",VERTEX PHARMACEUTICALS (CANADA) INCORPORATED,Other respiratory system products,SNDS,1,2023-04-14,0,0,0,1,0,0,1,0,0,0,0,0,Issued Notice of Compliance,2023-10-16,2023,4,2,3,185,1
282009,"Elexacaftor, ivacaftor, tezacaftor",VERTEX PHARMACEUTICALS (CANADA) INCORPORATED,Other respiratory system products,SNDS,1,2024-01-16,0,0,0,1,0,0,1,0,0,0,0,0,Issued Notice of Compliance,2024-07-12,2024,1,1,3,178,1
195798,Eltrombopag olamine,NOVARTIS PHARMACEUTICALS CANADA INC,Antihemorrhagics,SNDS,1,2016-07-05,0,0,0,0,0,0,0,0,0,0,0,0,Issued Notice of Compliance,2017-05-01,2016,7,3,1,300,1
217802,Eltrombopag olamine,NOVARTIS PHARMACEUTICALS CANADA INC,Antihemorrhagics,SNDS,1,2018-07-31,0,0,0,0,0,0,0,0,0,0,0,0,Issued Notice of Compliance,2019-05-15,2018,7,3,1,288,1
216004,Eltrombopag olamine,NOVARTIS PHARMACEUTICALS CANADA INC,Antihemorrhagics,SNDS,1,2018-06-19,0,0,0,0,0,0,0,0,0,0,0,0,Cancelled by sponsor,2019-06-27,2018,6,2,1,373,0
222209,Emicizumab,HOFFMANN LA ROCHE LIMITED,Antihemorrhagics,SNDS,1,2018-12-18,0,0,0,1,0,0,0,0,0,0,0,0,Issued Notice of Compliance,2019-06-14,2018,12,4,1,178,1
193840,Empagliflozin,BOEHRINGER INGELHEIM (CANADA) LTD LTEE,Drugs used in diabetes,SNDS,1,2016-05-20,0,0,0,0,0,0,0,0,0,0,0,0,Issued Notice of Compliance,2018-04-16,2016,5,2,1,696,1
221628,Empagliflozin,BOEHRINGER INGELHEIM (CANADA) LTD LTEE,Drugs used in diabetes,SNDS,1,2019-01-15,0,0,0,0,0,0,0,0,0,0,0,0,Issued Notice of Compliance,2019-04-18,2019,1,1,1,93,1
246457,Empagliflozin,BOEHRINGER INGELHEIM (CANADA) LTD LTEE,Drugs used in diabetes,SNDS,1,2021-01-04,0,0,0,0,0,0,0,0,0,0,0,0,Issued Notice of Compliance,2021-10-29,2021,1,1,1,298,1
256491,Empagliflozin,BOEHRINGER INGELHEIM (CANADA) LTD LTEE,Drugs used in diabetes,SNDS,1,2021-10-08,0,0,0,1,0,0,0,0,0,0,0,0,Issued Notice of Compliance,2022-04-06,2021,10,4,1,180,1
270652,Empagliflozin,BOEHRINGER INGELHEIM (CANADA) LTD LTEE,Drugs used in diabetes,SNDS,1,2023-03-24,0,0,0,0,0,0,0,0,0,0,0,0,Issued Notice of Compliance,2024-01-18,2023,3,1,1,300,1
204589,"Empagliflozin, linagliptin",BOEHRINGER INGELHEIM (CANADA) LTD LTEE,Drugs used in diabetes,SNDS,1,2017-06-09,0,0,0,0,0,0,0,0,0,0,0,0,Issued Notice of Compliance,2018-04-20,2017,6,2,2,315,1
234525,"Emtricitabine, tenofovir alafenamide",GILEAD SCIENCES CANADA INC,Antivirals for systemic use,SNDS,1,2020-02-03,0,0,0,0,0,0,0,0,0,0,0,0,Issued Notice of Compliance,2020-11-27,2020,2,1,2,298,1
292474,Encorafenib,PFIZER CANADA ULC,Antineoplastic agents,SNDS,1,2024-12-17,0,0,0,0,1,0,0,0,0,1,0,0,Issued Notice of Compliance under the NOC/c Guidance,2025-07-25,2024,12,4,1,220,1
283003,Enfortumab vedotin,SEAGEN INC.,Antineoplastic agents,SNDS,1,2024-02-22,0,0,0,1,0,0,1,0,0,0,1,0,Issued Notice of Compliance,2024-08-20,2024,2,1,1,180,1
304157,Enfortumab vedotin,PFIZER CANADA ULC,Antineoplastic agents,SNDS,1,2025-12-30,0,0,0,1,0,0,1,0,0,1,0,0,Issued Notice of Compliance,2026-06-26,2025,12,4,1,178,1
209807,Enoxaparin sodium,SANOFI-AVENTIS CANADA INC,Antithrombotic agents,SNDS,1,2017-11-15,0,0,0,0,0,1,0,0,0,0,0,0,Issued Notice of Compliance,2018-09-11,2017,11,4,1,300,1
292028,Enoxaparin sodium,SANOFI-AVENTIS CANADA INC,Antithrombotic agents,SNDS,1,2024-12-27,0,0,0,0,0,0,0,0,0,0,0,0,Cancelled by sponsor,2025-08-22,2024,12,4,1,238,0
216719,Enzalutamide,ASTELLAS PHARMA CANADA INC,Endocrine therapy,SNDS,1,2018-06-25,0,0,0,1,0,0,0,0,0,0,0,0,Issued Notice of Compliance,2018-12-20,2018,6,2,1,178,1
233563,Enzalutamide,ASTELLAS PHARMA CANADA INC,Endocrine therapy,SNDS,1,2019-12-10,0,0,0,1,0,0,0,0,0,0,0,0,Issued Notice of Compliance,2020-06-02,2019,12,4,1,175,1
277282,Enzalutamide,ASTELLAS PHARMA CANADA INC,Endocrine therapy,SNDS,1,2023-08-17,0,0,0,1,0,0,0,0,1,0,0,0,Issued Notice of Compliance,2024-01-05,2023,8,3,1,141,1
200866,Eptacog alfa,NOVO NORDISK CANADA INC,Antihemorrhagics,SNDS,1,2017-01-17,0,0,0,0,0,0,0,0,0,0,0,0,Issued Notice of Compliance,2017-11-10,2017,1,1,1,297,1
267878,Eptacog alfa,NOVO NORDISK CANADA INC,Antihemorrhagics,SNDS,1,2022-11-07,0,0,0,0,0,0,0,0,0,0,0,0,Cancelled by sponsor,2023-03-15,2022,11,4,1,128,0
197739,Eribulin mesylate,EISAI LIMITED,Antineoplastic agents,SNDS,1,2016-10-14,0,0,0,0,0,0,0,0,0,0,0,0,Issued Notice of Compliance,2017-08-04,2016,10,4,1,294,1
194018,Erlotinib hydrochloride,HOFFMANN LA ROCHE LIMITED,Antineoplastic agents,SNDS,1,2016-06-02,0,0,0,0,0,0,0,0,0,0,0,0,Issued Notice of Compliance,2017-03-29,2016,6,2,1,300,1
244338,Esketamine hydrochloride,JANSSEN INC,Psychoanaleptics,SNDS,1,2020-11-12,0,0,0,0,0,0,0,0,0,0,0,0,Issued Notice of Compliance,2021-09-02,2020,11,4,1,294,1
208086,Eslicarbazepine acetate,SUNOVION PHARMACEUTICALS CANADA INC,Antiepileptics,SNDS,1,2017-09-18,0,0,0,0,0,0,0,0,0,0,0,0,Issued Notice of Compliance,2018-06-25,2017,9,3,1,280,1
209753,Eslicarbazepine acetate,SUNOVION PHARMACEUTICALS CANADA INC,Antiepileptics,SNDS,1,2017-11-16,0,0,0,0,0,0,0,0,0,0,0,0,Issued Notice of Compliance,2018-09-12,2017,11,4,1,300,1
193787,Etanercept,IMMUNEX CORPORATION,Immunosuppressants,SNDS,1,2016-05-18,0,0,0,0,0,0,0,0,0,0,0,0,Issued Notice of Compliance,2017-03-14,2016,5,2,1,300,1
213347,Etanercept,SANDOZ CANADA INCORPORATED,Immunosuppressants,SNDS,1,2018-03-23,0,0,1,0,0,0,0,0,0,0,0,0,Issued Notice of Compliance,2019-01-17,2018,3,1,1,300,1
226145,Etanercept,SANDOZ CANADA INCORPORATED,Immunosuppressants,SNDS,1,2019-05-13,0,0,1,0,0,0,0,0,0,0,0,0,Issued Notice of Compliance,2020-06-09,2019,5,2,1,393,1
231313,Etanercept,"SAMSUNG BIOEPIS CO., LTD",Immunosuppressants,SNDS,1,2019-10-25,0,0,1,0,0,0,0,0,0,0,0,0,Issued Notice of Compliance,2020-08-19,2019,10,4,1,299,1
200814,Everolimus,NOVARTIS PHARMACEUTICALS CANADA INC,Antineoplastic agents,SNDS,1,2017-01-23,0,0,0,0,0,0,0,0,0,0,0,0,Issued Notice of Compliance,2017-11-17,2017,1,1,1,298,1
291743,Evinacumab,ULTRAGENYX PHARMACEUTICAL INC,Lipid modifying agents,SNDS,1,2024-11-20,0,0,0,1,0,0,0,0,0,0,0,0,Issued Notice of Compliance,2025-07-04,2024,11,4,1,226,1
207038,Evolocumab,AMGEN CANADA INC,Lipid modifying agents,SNDS,1,2017-08-10,0,0,0,0,0,0,0,0,0,0,0,0,Issued Notice of Compliance,2018-06-05,2017,8,3,1,299,1
208904,Evolocumab,AMGEN CANADA INC,Lipid modifying agents,SNDS,1,2017-10-16,0,0,0,0,0,0,0,0,0,0,0,0,Issued Notice of Compliance,2018-08-10,2017,10,4,1,298,1
247936,Evolocumab,AMGEN CANADA INC,Lipid modifying agents,SNDS,1,2021-02-12,0,0,0,0,0,0,0,0,0,0,0,0,Issued Notice of Compliance,2021-12-09,2021,2,1,1,300,1
208034,Exenatide,ASTRAZENECA CANADA INC,Drugs used in diabetes,SNDS,1,2017-09-19,0,0,0,0,0,0,0,0,0,0,0,0,Issued Notice of Compliance,2018-07-04,2017,9,3,1,288,1
268826,"Famtozinameran, tozinameran *For use in relation to COVID-19",BIONTECH MANUFACTURING GMBH,Vaccines,SNDS,1,2022-10-27,0,0,0,0,0,0,0,1,0,0,0,0,Issued Notice of Compliance,2022-12-09,2022,10,4,2,43,1
274152,"Famtozinameran, tozinameran *For use in relation to COVID-19",BIONTECH MANUFACTURING GMBH,Vaccines,SNDS,1,2023-03-31,0,0,0,0,0,0,0,1,0,0,0,0,Issued Notice of Compliance,2023-07-06,2023,3,1,2,97,1
275559,"Famtozinameran, tozinameran *For use in relation to COVID-19",BIONTECH MANUFACTURING GMBH,Vaccines,SNDS,1,2023-06-09,0,0,0,0,0,0,0,1,0,0,0,0,Issued Notice of Compliance,2023-08-31,2023,6,2,2,83,1
278042,Faricimab,HOFFMANN-LA ROCHE LIMITED,Ophthalmologicals,SNDS,1,2023-09-29,0,0,0,0,0,0,0,0,0,0,0,1,Issued Notice of Compliance,2024-07-24,2023,9,3,1,299,1
230407,Fibrinogen (human),OCTAPHARMA PHARMAZEUTIKA PRODUKTIONSGES M B H,Antihemorrhagics,SNDS,1,2019-09-20,0,0,0,0,0,0,0,0,0,0,0,0,Issued Notice of Compliance,2020-07-16,2019,9,3,1,300,1
227551,Fibrinogen (human),CSL BEHRING CANADA INC,Antihemorrhagics,SNDS,1,2019-06-26,0,0,0,0,0,0,0,0,0,0,0,0,Cancelled by sponsor,2020-11-30,2019,6,2,1,523,0
281380,"Fibrinogen (human), thrombin (human)",INSTITUTO GRIFOLS S.A.,Antihemorrhagics,SNDS,1,2024-01-15,0,0,0,0,0,0,0,0,0,0,0,0,Issued Notice of Compliance,2024-11-18,2024,1,1,2,308,1
295025,Finerenone,BAYER INC,Diuretics,SNDS,1,2025-03-26,0,0,0,0,0,0,1,0,0,0,0,1,Issued Notice of Compliance,2026-01-19,2025,3,1,1,299,1
215423,Fingolimod hydrochloride,NOVARTIS PHARMACEUTICALS CANADA INC,Immunosuppressants,SNDS,1,2018-05-11,0,0,0,1,0,0,0,0,0,0,0,0,Issued Notice of Compliance,2018-11-07,2018,5,2,1,180,1
229727,Flibanserin,"SPROUT PHARMACEUTICALS CANADA, LTD",Other gynecologicals,SNDS,1,2019-07-26,0,0,0,0,0,0,0,0,0,0,0,0,Issued Notice of Compliance,2021-01-27,2019,7,3,1,551,1
208727,Fluticasone furoate,GLAXOSMITHKLINE INC,Drugs for obstructive airway diseases,SNDS,1,2017-10-20,0,0,0,0,0,0,0,0,0,0,0,0,Cancelled by sponsor,2018-10-24,2017,10,4,1,369,0
215148,"Fluticasone furoate, umeclidinium bromide, vilanterol trifenatate",GLAXOSMITHKLINE INC,Drugs for obstructive airway diseases,SNDS,1,2018-05-24,0,0,0,0,0,0,0,0,0,0,0,0,Issued Notice of Compliance,2019-03-20,2018,5,2,3,300,1
240101,"Fluticasone furoate, umeclidinium bromide, vilanterol trifenatate",GLAXOSMITHKLINE INC,Drugs for obstructive airway diseases,SNDS,1,2020-07-15,0,0,0,0,0,0,0,0,0,0,0,0,Issued Notice of Compliance,2021-05-11,2020,7,3,3,300,1
291390,"Follitropin alfa, lutropin alfa",EMD SERONO A DIVISION OF EMD INC CANADA,Sex hormones and modulators of the genital system,SNDS,1,2024-11-25,0,0,0,0,0,0,0,0,0,0,0,0,Issued Notice of Compliance,2025-08-11,2024,11,4,2,259,1
239493,"Formoterol fumarate dihydrate, mometasone furoate",MERCK CANADA INC,Drugs for obstructive airway diseases,SNDS,1,2020-06-29,0,0,0,0,0,0,0,0,0,0,0,0,Issued Notice of Compliance,2021-04-23,2020,6,2,2,298,1
256308,Fosfomycin sodium,VERITY PHARMACEUTICALS INC,Antibacterials for systemic use,SNDS,1,2021-12-07,0,0,0,0,0,1,0,0,0,0,0,0,Issued Notice of Compliance,2022-10-18,2021,12,4,1,315,1
295245,Fremanezumab,TEVA CANADA LIMITED,Analgesics,SNDS,1,2025-04-07,0,0,0,0,0,0,0,0,0,0,0,0,Issued Notice of Compliance,2026-01-30,2025,4,2,1,298,1
201150,Fulvestrant,ASTRAZENECA CANADA INC,Endocrine therapy,SNDS,1,2017-01-17,0,0,0,0,0,0,1,0,0,0,0,0,Issued Notice of Compliance,2017-11-08,2017,1,1,1,295,1
205610,Gadoterate meglumine,GUERBET,Contrast media,SNDS,1,2017-06-28,0,0,0,0,0,0,0,0,0,0,0,0,Issued Notice of Compliance,2018-04-24,2017,6,2,1,300,1
252254,Gadoteridol,BRACCO IMAGING CANADA,Contrast media,SNDS,1,2021-07-28,0,0,0,0,0,0,0,0,0,0,0,0,Issued Notice of Compliance,2022-05-24,2021,7,3,1,300,1
232324,Galcanezumab,ELI LILLY CANADA INC,Analgesics,SNDS,1,2019-11-22,0,0,0,0,0,0,0,0,0,0,0,0,Issued Notice of Compliance,2020-09-17,2019,11,4,1,300,1
279567,Gallium (68Ga) gozetotide,TELIX PHARMACEUTICALS (US) INC,Diagnostic radiopharmaceuticals,SNDS,1,2023-11-24,0,0,0,0,0,0,0,0,0,0,0,0,Issued Notice of Compliance,2024-09-20,2023,11,4,1,301,1
222816,"Glecaprevir, pibrentasvir",ABBVIE CORPORATION,Antivirals for systemic use,SNDS,1,2018-12-31,0,0,0,1,0,0,0,0,0,0,0,0,Issued Notice of Compliance,2019-06-25,2018,12,4,2,176,1
247707,"Glecaprevir, pibrentasvir",ABBVIE CORPORATION,Antivirals for systemic use,SNDS,1,2021-02-02,0,0,0,0,0,0,0,0,0,0,0,1,Issued Notice of Compliance,2021-11-29,2021,2,1,2,300,1
298254,"Glecaprevir, pibrentasvir",ABBVIE CORPORATION,Antivirals for systemic use,SNDS,1,2025-06-23,0,0,0,1,0,0,0,0,0,0,0,0,Issued Notice of Compliance,2025-12-18,2025,6,2,2,178,1
289989,Glofitamab,HOFFMANN-LA ROCHE LIMITED,Antineoplastic agents,SNDS,1,2024-10-21,0,0,0,0,0,0,1,0,0,0,0,0,Issued Notice of Compliance,2025-08-13,2024,10,4,1,296,1
259175,Glycerol phenylbutyrate,HORIZON THERAPEUTICS IRELAND DAC,Other alimentary tract and metabolism products,SNDS,1,2022-02-07,0,0,0,0,0,0,0,0,0,0,0,0,Issued Notice of Compliance,2022-11-24,2022,2,1,1,290,1
198552,"Glycopyrronium bromide, indacaterol maleate",NOVARTIS PHARMACEUTICALS CANADA INC,Drugs for obstructive airway diseases,SNDS,1,2016-11-07,0,0,0,0,0,0,0,0,0,0,0,0,Issued Notice of Compliance,2017-08-31,2016,11,4,2,297,1
197362,Golimumab,JANSSEN INC,Immunosuppressants,SNDS,1,2016-09-23,0,0,0,0,0,0,0,0,0,0,0,0,Issued Notice of Compliance,2017-06-28,2016,9,3,1,278,1
205724,Golimumab,JANSSEN INC,Immunosuppressants,SNDS,1,2017-06-09,0,0,0,0,0,0,0,0,0,0,0,0,Issued Notice of Compliance,2018-04-05,2017,6,2,1,300,1
255908,Golimumab,JANSSEN INC,Immunosuppressants,SNDS,1,2021-10-07,0,0,0,0,0,0,0,0,0,0,0,0,Issued Notice of Compliance,2022-07-29,2021,10,4,1,295,1
275599,Goserelin acetate,TERSERA THERAPEUTICS LLC,Endocrine therapy,SNDS,1,2023-07-11,0,0,0,0,0,0,0,0,0,0,0,0,Issued Notice of Compliance,2024-05-06,2023,7,3,1,300,1
232124,Guselkumab,JANSSEN INC,Immunosuppressants,SNDS,1,2019-11-15,0,0,0,0,0,0,0,0,0,0,0,0,Issued Notice of Compliance,2020-09-04,2019,11,4,1,294,1
288802,Guselkumab,JANSSEN INC,Immunosuppressants,SNDS,1,2024-09-13,0,0,0,0,0,0,0,0,0,0,0,0,Issued Notice of Compliance,2025-07-07,2024,9,3,1,297,1
285952,Guselkumab,JANSSEN INC,Immunosuppressants,SNDS,1,2024-06-06,0,0,0,0,0,0,0,0,0,0,0,0,Issued Notice of Compliance,2025-09-03,2024,6,2,1,454,1
293414,Guselkumab,JANSSEN INC,Immunosuppressants,SNDS,1,2025-01-21,0,0,0,0,0,0,0,0,0,0,0,0,Issued Notice of Compliance,2025-11-17,2025,1,1,1,300,1
199807,"Haemagglutinin-strain A(H1N1), haemagglutinin-strain A(H3N2), haemagglutinin-strain B",BGP PHARMA ULC,Vaccines,SNDS,1,2016-11-21,0,0,0,0,0,1,0,0,0,0,0,0,Issued Notice of Compliance,2017-05-30,2016,11,4,3,190,1
295102,"Haemagglutinin-strain A(H1N1), haemagglutinin-strain A(H3N2), haemagglutinin-strain B",BGP PHARMA ULC,Vaccines,SNDS,1,2025-04-03,0,0,0,0,0,0,0,0,0,0,0,0,Issued Notice of Compliance,2026-01-27,2025,4,2,3,299,1
225528,"Haemagglutinin-strain A(H1N1), haemagglutinin-strain A(H3N2), haemagglutinin-strain B(Victoria), haemagglutinin-strain B(Yamagata)",BGP PHARMA ULC,Vaccines,SNDS,1,2019-04-26,0,0,0,0,0,0,0,0,0,0,0,0,Issued Notice of Compliance,2020-02-20,2019,4,2,4,300,1
229325,"Haemagglutinin-strain A(H1N1), haemagglutinin-strain A(H3N2), haemagglutinin-strain B(Victoria), haemagglutinin-strain B(Yamagata)",SANOFI PASTEUR LIMITED,Vaccines,SNDS,1,2019-08-21,0,0,0,0,0,0,0,0,0,0,0,0,Issued Notice of Compliance,2020-06-16,2019,8,3,4,300,1
238479,"Haemagglutinin-strain A(H1N1), haemagglutinin-strain A(H3N2), haemagglutinin-strain B(Victoria), haemagglutinin-strain B(Yamagata)",SEQIRUS UK LIMITED,Vaccines,SNDS,1,2020-05-12,0,0,0,0,0,0,0,0,0,0,0,0,Issued Notice of Compliance,2021-03-08,2020,5,2,4,300,1
246936,"Haemagglutinin-strain A(H1N1), haemagglutinin-strain A(H3N2), haemagglutinin-strain B(Victoria), haemagglutinin-strain B(Yamagata)",BGP PHARMA ULC,Vaccines,SNDS,1,2021-01-14,0,0,0,0,0,0,0,0,0,0,0,0,Issued Notice of Compliance,2021-11-30,2021,1,1,4,320,1
251147,"Haemagglutinin-strain A(H1N1), haemagglutinin-strain A(H3N2), haemagglutinin-strain B(Victoria), haemagglutinin-strain B(Yamagata)",SEQIRUS UK LIMITED,Vaccines,SNDS,1,2021-05-19,0,0,0,0,0,0,0,0,0,0,0,0,Issued Notice of Compliance,2022-03-08,2021,5,2,4,293,1
218188,"Haemagglutinin-strain A(H1N1), haemagglutinin-strain A(H3N2), haemagglutinin-strain B(Yamagata)",SANOFI PASTEUR LIMITED,Vaccines,SNDS,1,2018-08-23,0,0,0,0,0,0,0,0,0,0,0,0,Cancelled by sponsor,2019-06-19,2018,8,3,3,300,0
273436,Hexaminolevulinate hydrochloride,PHOTOCURE ASA,Diagnostic agents,SNDS,1,2023-05-12,0,0,0,0,0,0,0,0,0,0,0,0,Issued Notice of Compliance,2024-03-21,2023,5,2,1,314,1
208033,Human immunoglobulin,CSL BEHRING CANADA INC,Immune sera and immunoglobulins,SNDS,1,2017-09-15,0,0,0,0,0,0,0,0,0,0,0,0,Issued Notice of Compliance,2018-07-12,2017,9,3,1,300,1
276884,"Hyaluronidase (human recombinant), immunoglobulin (human)",TAKEDA CANADA INC,Immune sera and immunoglobulins,SNDS,1,2023-08-17,0,0,0,0,0,0,0,0,0,0,0,0,Issued Notice of Compliance,2024-06-11,2023,8,3,2,299,1
276541,"Hyaluronidase (human recombinant), immunoglobulin (human)",TAKEDA CANADA INC,Immune sera and immunoglobulins,SNDS,1,2023-08-01,0,0,0,0,0,0,0,0,0,0,0,0,Issued Notice of Compliance,2025-03-13,2023,8,3,2,590,1
223245,Hydromorphone hydrochloride,SANDOZ CANADA INCORPORATED,Analgesics,SNDS,1,2019-01-22,0,0,0,1,0,1,0,0,0,0,0,0,Issued Notice of Compliance,2019-05-01,2019,1,1,1,99,1
223031,Hydroxyethyl starch,FRESENIUS KABI CANADA LTD,Blood substitutes and perfusion solutions,SNDS,1,2019-04-24,0,0,0,0,0,0,0,0,0,0,0,0,Issued Notice of Compliance,2020-02-18,2019,4,2,1,300,1
222938,Hydroxyethyl starch,FRESENIUS KABI CANADA LTD,Blood substitutes and perfusion solutions,SNDS,1,2019-04-24,0,0,0,0,0,0,0,0,0,0,0,0,Issued Notice of Compliance,2020-02-18,2019,4,2,1,300,1
226144,Hydroxyurea,BRISTOL-MYERS SQUIBB CANADA,Antineoplastic agents,SNDS,1,2019-04-17,0,0,0,0,0,0,0,0,0,0,0,0,Issued Notice of Compliance,2020-02-10,2019,4,2,1,299,1
204436,Ibrutinib,JANSSEN INC,Immunosuppressants,SNDS,1,2017-05-01,0,0,0,1,0,0,0,0,0,0,0,0,Issued Notice of Compliance,2017-10-25,2017,5,2,1,177,1
212632,Ibrutinib,JANSSEN INC,Antineoplastic agents,SNDS,1,2018-02-01,0,0,0,1,0,0,0,0,0,0,0,0,Issued Notice of Compliance,2018-07-24,2018,2,1,1,173,1
218457,Ibrutinib,JANSSEN INC,Antineoplastic agents,SNDS,1,2018-08-16,0,0,0,1,0,0,0,0,0,0,0,0,Issued Notice of Compliance,2019-02-11,2018,8,3,1,179,1
222804,Ibrutinib,JANSSEN INC,Antineoplastic agents,SNDS,1,2019-01-11,0,0,0,0,0,0,0,0,0,0,0,0,Issued Notice of Compliance,2019-11-06,2019,1,1,1,299,1
235706,Ibrutinib,JANSSEN INC,Antineoplastic agents,SNDS,1,2020-02-20,0,0,0,0,0,0,0,0,0,1,0,0,Issued Notice of Compliance,2020-12-15,2020,2,1,1,299,1
263702,Ibrutinib,JANSSEN INC,Antineoplastic agents,SNDS,1,2022-05-30,0,0,0,0,0,0,0,0,0,0,0,0,Issued Notice of Compliance,2023-03-20,2022,5,2,1,294,1
266710,Ibrutinib,JANSSEN INC,Antineoplastic agents,SNDS,1,2022-10-13,0,0,0,0,0,0,0,0,0,0,0,0,Issued Notice of Compliance,2023-08-04,2022,10,4,1,295,1
217805,Icatibant acetate,SHIRE ORPHAN THERAPIES LLC,Other hematological agents,SNDS,1,2018-09-12,0,0,0,0,0,0,0,0,0,0,0,0,Issued Notice of Compliance,2019-06-28,2018,9,3,1,289,1
203513,Idelalisib,GILEAD SCIENCES CANADA INC,Antineoplastic agents,SNDS,1,2017-04-26,0,0,0,0,0,0,0,0,0,0,0,0,Cancelled by sponsor,2017-12-07,2017,4,2,1,225,0
201326,Immunoglobulin (human),OCTAPHARMA PHARMAZEUTIKA PRODUKTIONSGES M B H,Immune sera and immunoglobulins,SNDS,1,2017-01-23,0,0,0,0,0,0,0,0,0,0,0,0,Issued Notice of Compliance,2017-10-04,2017,1,1,1,254,1
223557,Immunoglobulin (human),OCTAPHARMA PHARMAZEUTIKA PRODUKTIONSGES M B H,Immune sera and immunoglobulins,SNDS,1,2019-02-27,0,0,0,0,0,0,0,0,0,0,0,0,Cancelled by sponsor,2019-11-27,2019,2,1,1,273,0
240691,Immunoglobulin (human),OCTAPHARMA PHARMAZEUTIKA PRODUKTIONSGES M B H,Immune sera and immunoglobulins,SNDS,1,2020-07-24,0,0,0,0,0,0,0,0,0,0,0,0,Issued Notice of Compliance,2021-05-19,2020,7,3,1,299,1
253256,Immunoglobulin (human),OCTAPHARMA PHARMAZEUTIKA PRODUKTIONSGES M B H,Immune sera and immunoglobulins,SNDS,1,2021-07-23,0,0,0,0,0,0,0,0,0,0,0,0,Issued Notice of Compliance,2022-05-19,2021,7,3,1,300,1
208713,Incobotulinumtoxina,MERZ PHARMACEUTICALS GMBH,Muscle relaxants,SNDS,1,2017-10-02,0,0,0,0,0,0,0,0,0,0,0,0,Issued Notice of Compliance,2019-06-18,2017,10,4,1,624,1
234438,Incobotulinumtoxina,MERZ PHARMACEUTICALS GMBH,Muscle relaxants,SNDS,1,2020-01-22,0,0,0,0,0,0,0,0,0,0,0,0,Issued Notice of Compliance,2020-11-17,2020,1,1,1,300,1
251521,Incobotulinumtoxina,MERZ PHARMACEUTICALS GMBH,Muscle relaxants,SNDS,1,2021-05-13,0,0,0,0,0,0,0,0,0,0,0,0,Issued Notice of Compliance,2022-03-15,2021,5,2,1,306,1
257192,Incobotulinumtoxina,MERZ PHARMACEUTICALS GMBH,Muscle relaxants,SNDS,1,2021-11-19,0,0,0,0,0,0,0,0,0,0,0,0,Issued Notice of Compliance,2022-09-22,2021,11,4,1,307,1
268590,Incobotulinumtoxina,MERZ PHARMACEUTICALS GMBH,Muscle relaxants,SNDS,1,2022-11-04,0,0,0,0,0,0,0,0,0,0,0,0,Cancelled by sponsor,2023-10-06,2022,11,4,1,336,0
278522,Incobotulinumtoxina,MERZ PHARMACEUTICALS GMBH,Muscle relaxants,SNDS,1,2023-10-12,0,0,0,0,0,0,0,0,0,0,0,0,Issued Notice of Compliance,2024-12-11,2023,10,4,1,426,1
292615,Inebilizumab,AMGEN CANADA INC,Immunosuppressants,SNDS,1,2024-12-16,0,0,0,1,0,0,0,0,0,0,0,0,Issued Notice of Compliance,2025-06-13,2024,12,4,1,179,1
298552,Inebilizumab,AMGEN CANADA INC,Immunosuppressants,SNDS,1,2025-07-25,0,0,0,0,0,0,0,0,0,0,0,0,Issued Notice of Compliance,2026-05-19,2025,7,3,1,298,1
220321,Infliximab,CELLTRION HEALTHCARE CO LTD,Immunosuppressants,SNDS,1,2018-11-02,0,0,1,0,0,0,0,0,0,0,0,0,Issued Notice of Compliance,2019-08-28,2018,11,4,1,299,1
236086,Infliximab,CELLTRION HEALTHCARE CO LTD,Immunosuppressants,SNDS,1,2020-04-03,0,0,1,0,0,0,1,0,0,0,0,0,Issued Notice of Compliance,2021-01-28,2020,4,2,1,300,1
262141,Infliximab,CELLTRION HEALTHCARE CO LTD,Immunosuppressants,SNDS,1,2022-04-29,0,0,1,0,0,0,0,0,0,0,0,0,Issued Notice of Compliance,2023-03-07,2022,4,2,1,312,1
272981,Infliximab,CELLTRION HEALTHCARE CO LTD,Immunosuppressants,SNDS,1,2023-04-21,0,0,1,0,0,0,0,0,0,0,0,0,Issued Notice of Compliance,2024-02-15,2023,4,2,1,300,1
226586,Insulin aspart,NOVO NORDISK CANADA INC,Drugs used in diabetes,SNDS,1,2019-05-03,0,0,0,0,0,0,0,0,0,0,0,0,Issued Notice of Compliance,2020-02-26,2019,5,2,1,299,1
254352,Insulin aspart,SANOFI-AVENTIS CANADA INC,Drugs used in diabetes,SNDS,1,2021-10-01,0,0,1,0,0,0,0,0,0,0,0,0,Issued Notice of Compliance,2022-07-20,2021,10,4,1,292,1
208917,Insulin degludec,NOVO NORDISK CANADA INC,Drugs used in diabetes,SNDS,1,2017-10-27,0,0,0,0,0,0,0,0,0,0,0,0,Issued Notice of Compliance,2018-07-17,2017,10,4,1,263,1
234406,"Insulin degludec, liraglutide",NOVO NORDISK CANADA INC,Drugs used in diabetes,SNDS,1,2020-01-21,0,0,0,0,0,0,0,0,0,0,0,0,Issued Notice of Compliance,2020-11-13,2020,1,1,2,297,1
228382,Insulin glargine,SANOFI-AVENTIS CANADA INC,Drugs used in diabetes,SNDS,1,2019-07-17,0,0,0,0,0,0,0,0,0,0,0,0,Issued Notice of Compliance,2020-05-12,2019,7,3,1,300,1
232504,"Insulin glargine, lixisenatide",SANOFI-AVENTIS CANADA INC,Drugs used in diabetes,SNDS,1,2019-11-29,0,0,0,0,0,0,0,0,0,0,0,0,Issued Notice of Compliance,2020-09-17,2019,11,4,2,293,1
268527,Iohexol,GE HEALTHCARE CANADA INC,Contrast media,SNDS,1,2023-03-06,0,0,0,0,0,0,0,0,0,0,0,0,Issued Notice of Compliance,2023-12-29,2023,3,1,1,298,1
202533,Ipilimumab,BRISTOL-MYERS SQUIBB CANADA,Antineoplastic agents,SNDS,1,2017-02-13,0,0,0,0,0,0,0,0,0,0,0,0,Issued Notice of Compliance,2017-04-13,2017,2,1,1,59,1
255450,Ipilimumab,BRISTOL-MYERS SQUIBB CANADA,Antineoplastic agents,SNDS,1,2021-09-23,0,0,0,0,0,0,0,0,0,0,0,0,Issued Notice of Compliance,2022-03-03,2021,9,3,1,161,1
270801,Ipilimumab,BRISTOL-MYERS SQUIBB CANADA,Antineoplastic agents,SNDS,1,2023-02-09,0,0,0,0,0,0,0,0,0,0,0,0,Issued Notice of Compliance,2023-12-07,2023,2,1,1,301,1
297990,Iptacopan hydrochloride,NOVARTIS PHARMACEUTICALS CANADA INC,Immunosuppressants,SNDS,1,2025-07-04,0,0,0,0,0,0,1,0,0,0,0,0,Issued Notice of Compliance,2026-04-30,2025,7,3,1,300,1
244601,Isatuximab,SANOFI-AVENTIS CANADA INC,Antineoplastic agents,SNDS,1,2020-10-30,0,0,0,0,0,0,0,0,0,0,0,1,Issued Notice of Compliance,2021-09-13,2020,10,4,1,318,1
286449,Isatuximab,SANOFI-AVENTIS CANADA INC,Antineoplastic agents,SNDS,1,2024-06-21,0,0,0,0,0,0,1,0,0,0,0,0,Issued Notice of Compliance,2025-04-17,2024,6,2,1,300,1
299488,Isatuximab,SANOFI-AVENTIS CANADA INC,Antineoplastic agents,SNDS,1,2025-08-18,0,0,0,0,0,0,1,0,0,0,0,0,Issued Notice of Compliance,2026-06-10,2025,8,3,1,296,1
280928,Isavuconazonium sulfate,AVIR PHARMA INC,Antimycotics for systemic use,SNDS,1,2023-12-28,0,0,0,0,0,0,0,0,0,0,0,0,Issued Notice of Compliance,2024-11-15,2023,12,4,1,323,1
218044,Ivacaftor,VERTEX PHARMACEUTICALS,Other respiratory system products,SNDS,1,2018-08-03,0,0,1,0,0,0,0,0,0,0,0,0,Issued Notice of Compliance,2019-01-25,2018,8,3,1,175,1
247481,Ivacaftor,VERTEX PHARMACEUTICALS (CANADA) INCORPORATED,Other respiratory system products,SNDS,1,2021-02-26,0,0,0,1,0,0,0,0,0,0,0,0,Issued Notice of Compliance,2021-08-25,2021,2,1,1,180,1
255781,Ivacaftor,VERTEX PHARMACEUTICALS (CANADA) INCORPORATED,Other respiratory system products,SNDS,1,2021-09-14,0,0,0,1,0,0,0,0,0,0,0,0,Issued Notice of Compliance,2022-03-23,2021,9,3,1,190,1
273575,Ivacaftor,VERTEX PHARMACEUTICALS (CANADA) INCORPORATED,Other respiratory system products,SNDS,1,2023-06-01,0,0,0,1,0,0,0,0,0,0,0,0,Issued Notice of Compliance,2023-11-28,2023,6,2,1,180,1
198036,"Ivacaftor, lumacaftor",VERTEX PHARMACEUTICALS,Other respiratory system products,SNDS,1,2016-10-20,0,0,1,0,0,0,0,0,0,0,0,0,Issued Notice of Compliance,2017-04-18,2016,10,4,2,180,1
215032,"Ivacaftor, lumacaftor",VERTEX PHARMACEUTICALS,Other respiratory system products,SNDS,1,2018-06-15,0,0,1,0,0,0,0,0,0,0,0,0,Issued Notice of Compliance,2018-12-11,2018,6,2,2,179,1
264825,"Ivacaftor, lumacaftor",VERTEX PHARMACEUTICALS (CANADA) INCORPORATED,Other respiratory system products,SNDS,1,2022-07-08,0,0,0,0,0,0,0,0,0,0,0,1,Issued Notice of Compliance,2023-04-06,2022,7,3,2,272,1
204690,Ixekizumab,ELI LILLY CANADA INC,Immunosuppressants,SNDS,1,2017-06-05,0,0,0,0,0,0,0,0,0,0,0,0,Issued Notice of Compliance,2018-03-29,2017,6,2,1,297,1
225178,Ixekizumab,ELI LILLY CANADA INC,Immunosuppressants,SNDS,1,2019-04-17,0,0,0,0,0,0,1,0,0,0,0,0,Issued Notice of Compliance,2020-02-04,2019,4,2,1,293,1
233071,Ixekizumab,ELI LILLY CANADA INC,Immunosuppressants,SNDS,1,2019-12-20,0,0,0,0,0,0,0,0,0,0,0,0,Issued Notice of Compliance,2020-10-14,2019,12,4,1,299,1
238580,Ixekizumab,ELI LILLY CANADA INC,Immunosuppressants,SNDS,1,2020-06-02,0,0,0,0,0,0,0,0,0,0,0,0,Issued Notice of Compliance,2021-03-29,2020,6,2,1,300,1
203520,Japanese encephalitis virus vaccine inactivated,VALNEVA AUSTRIA GMBH,Vaccines,SNDS,1,2017-05-08,0,0,0,0,0,0,0,0,0,0,0,0,Issued Notice of Compliance,2018-03-02,2017,5,2,1,298,1
193732,Lacosamide,UCB CANADA INC,Antiepileptics,SNDS,1,2016-05-04,0,0,0,0,0,0,0,0,0,0,0,0,Issued Notice of Compliance,2017-02-28,2016,5,2,1,300,1
294771,Lanadelumab,TAKEDA CANADA INC,Other hematological agents,SNDS,1,2025-03-17,0,0,0,0,0,0,0,0,0,0,0,0,Issued Notice of Compliance,2026-03-02,2025,3,1,1,350,1
203094,Lanreotide acetate,IPSEN BIOPHARM LIMITED,Pituitary and hypothalamic hormones and analogues,SNDS,1,2017-04-10,0,0,0,0,0,0,0,0,0,0,0,0,Issued Notice of Compliance,2018-02-02,2017,4,2,1,298,1
199607,"Ledipasvir, sofosbuvir",GILEAD SCIENCES CANADA INC,Antivirals for systemic use,SNDS,1,2016-11-24,0,0,1,0,0,0,0,0,0,0,0,0,Issued Notice of Compliance,2017-05-24,2016,11,4,2,181,1
197794,Lenvatinib mesylate,EISAI LIMITED,Antineoplastic agents,SNDS,1,2016-11-17,0,0,0,0,0,0,0,0,0,0,0,0,Issued Notice of Compliance,2017-09-13,2016,11,4,1,300,1
212989,Lenvatinib mesylate,EISAI LIMITED,Antineoplastic agents,SNDS,1,2018-02-27,0,0,0,0,0,0,0,0,0,0,0,0,Issued Notice of Compliance,2018-12-19,2018,2,1,1,295,1
228723,Lenvatinib mesylate,EISAI LIMITED,Antineoplastic agents,SNDS,1,2019-07-09,0,0,0,0,0,0,0,0,1,0,0,0,Issued Notice of Compliance under the NOC/c Guidance,2019-09-20,2019,7,3,1,73,1
252195,Lenvatinib mesylate,EISAI LIMITED,Antineoplastic agents,SNDS,1,2021-06-07,0,0,0,0,0,0,0,0,0,0,0,0,Cancelled by sponsor,2022-02-24,2021,6,2,1,262,0
253057,Lenvatinib mesylate,EISAI LIMITED,Antineoplastic agents,SNDS,1,2021-07-12,0,0,0,0,0,0,1,0,0,0,0,0,Issued Notice of Compliance,2022-05-05,2021,7,3,1,297,1
272553,Letermovir,MERCK CANADA INC,Antivirals for systemic use,SNDS,1,2023-03-28,0,0,0,1,0,0,0,0,0,0,0,0,Issued Notice of Compliance,2023-09-21,2023,3,1,1,177,1
193372,Leuprolide acetate,ABBVIE CORPORATION,Endocrine therapy,SNDS,1,2016-05-05,0,0,0,0,0,0,0,0,0,0,0,0,Issued Notice of Compliance,2017-02-10,2016,5,2,1,281,1
269016,Leuprolide acetate,TOLMAR INTERNATIONAL LTD.,Endocrine therapy,SNDS,1,2022-12-02,0,0,0,0,0,0,0,0,0,0,0,0,Issued Notice of Compliance,2023-09-21,2022,12,4,1,293,1
254192,Leuprolide acetate,VERITY PHARMACEUTICALS INC,Endocrine therapy,SNDS,1,2021-10-14,0,0,0,0,0,0,0,0,0,0,0,0,Issued Notice of Compliance,2024-01-12,2021,10,4,1,820,1
290766,Leuprolide acetate,ABBVIE CORPORATION,Endocrine therapy,SNDS,1,2025-01-21,0,0,0,0,0,0,0,0,0,0,0,0,Issued Notice of Compliance,2025-11-13,2025,1,1,1,296,1
222857,Levomilnacipran,ALLERGAN INC,Psychoanaleptics,SNDS,1,2019-01-22,0,0,0,0,0,0,0,0,0,0,0,0,Issued Notice of Compliance,2019-11-15,2019,1,1,1,297,1
204355,Levonorgestrel,BAYER INC,Sex hormones and modulators of the genital system,SNDS,1,2017-05-19,0,0,0,0,0,0,0,0,0,0,0,0,Issued Notice of Compliance,2018-03-14,2017,5,2,1,299,1
273103,Levonorgestrel,BAYER INC,Other gynecologicals,SNDS,1,2023-04-28,0,0,0,0,0,0,0,0,0,0,0,0,Issued Notice of Compliance,2024-02-20,2023,4,2,1,298,1
279169,Linaclotide,ABBVIE CORPORATION,Drugs for constipation,SNDS,1,2023-11-10,0,0,0,0,0,0,0,0,0,0,0,0,Issued Notice of Compliance,2024-09-05,2023,11,4,1,300,1
194075,Linagliptin,BOEHRINGER INGELHEIM (CANADA) LTD LTEE,Drugs used in diabetes,SNDS,1,2016-06-03,0,0,0,0,0,0,0,0,0,0,0,0,Issued Notice of Compliance,2018-10-11,2016,6,2,1,860,1
222572,Linagliptin,BOEHRINGER INGELHEIM (CANADA) LTD LTEE,Drugs used in diabetes,SNDS,1,2019-01-16,0,0,0,0,0,0,0,0,0,0,0,0,Issued Notice of Compliance,2019-11-08,2019,1,1,1,296,1
194067,"Linagliptin, metformin hydrochloride",BOEHRINGER INGELHEIM (CANADA) LTD LTEE,Drugs used in diabetes,SNDS,1,2016-06-03,0,0,0,0,0,0,0,0,0,0,0,0,Cancelled by sponsor,2017-05-02,2016,6,2,2,333,0
229225,"Linagliptin, metformin hydrochloride",BOEHRINGER INGELHEIM (CANADA) LTD LTEE,Drugs used in diabetes,SNDS,1,2019-08-22,0,0,0,0,0,0,0,0,0,0,0,0,Issued Notice of Compliance,2020-06-15,2019,8,3,2,298,1
196457,Liraglutide,NOVO NORDISK CANADA INC,Drugs used in diabetes,SNDS,1,2016-08-19,0,0,0,0,0,0,0,0,0,0,0,0,Issued Notice of Compliance,2017-06-15,2016,8,3,1,300,1
200821,Liraglutide,NOVO NORDISK CANADA INC,Drugs used in diabetes,SNDS,1,2017-01-23,0,0,0,0,0,0,0,0,0,0,0,0,Issued Notice of Compliance,2017-11-17,2017,1,1,1,298,1
225809,Liraglutide,NOVO NORDISK CANADA INC,Drugs used in diabetes,SNDS,1,2019-05-03,0,0,0,0,0,0,0,0,0,0,0,0,Issued Notice of Compliance,2020-02-26,2019,5,2,1,299,1
237880,Liraglutide,NOVO NORDISK CANADA INC,Drugs used in diabetes,SNDS,1,2020-05-01,0,0,0,0,0,0,0,0,0,0,0,0,Issued Notice of Compliance,2021-02-25,2020,5,2,1,300,1
279827,Lisocabtagene maraleucel,CELGENE INC,Antineoplastic agents,SNDS,1,2023-11-30,0,0,0,0,0,0,1,0,0,0,0,0,Issued Notice of Compliance,2024-09-25,2023,11,4,1,300,1
247174,Lorlatinib,PFIZER CANADA ULC,Antineoplastic agents,SNDS,1,2021-01-11,0,0,0,0,0,0,1,0,1,0,0,0,Issued Notice of Compliance,2021-06-07,2021,1,1,1,147,1
265088,Lumasiran sodium,ALNYLAM NETHERLANDS B.V.,Other alimentary tract and metabolism products,SNDS,1,2022-07-28,0,0,0,0,0,0,0,0,0,0,0,0,Issued Notice of Compliance,2023-05-12,2022,7,3,1,288,1
197342,Lurasidone hydrochloride,SUNOVION PHARMACEUTICALS CANADA INC,Psycholeptics,SNDS,1,2016-09-23,0,0,0,0,0,0,0,0,0,0,0,0,Issued Notice of Compliance,2017-07-20,2016,9,3,1,300,1
205325,Lurasidone hydrochloride,SUNOVION PHARMACEUTICALS CANADA INC,Psycholeptics,SNDS,1,2017-06-23,0,0,0,0,0,0,0,0,0,0,0,0,Issued Notice of Compliance,2018-04-19,2017,6,2,1,300,1
279552,Luspatercept,CELGENE INC,Antianemic preparations,SNDS,1,2023-11-20,0,0,0,0,0,0,0,0,0,0,0,0,Issued Notice of Compliance,2024-09-13,2023,11,4,1,298,1
282347,Lutetium (177Lu) oxodotreotide,NOVARTIS PHARMACEUTICALS CANADA INC,Therapeutic radiopharmaceuticals,SNDS,1,2024-02-09,0,0,0,0,0,0,0,0,0,0,0,0,Issued Notice of Compliance,2024-12-13,2024,2,1,1,308,1
219599,Macitentan,JANSSEN INC,Antihypertensives,SNDS,1,2018-11-22,0,0,0,0,0,0,0,0,0,0,0,0,Cancelled by sponsor,2019-11-08,2018,11,4,1,351,0
221389,Macitentan,JANSSEN INC,Antihypertensives,SNDS,1,2019-01-04,0,0,0,0,0,0,0,0,0,0,0,0,Issued Notice of Compliance,2020-07-23,2019,1,1,1,566,1
282456,Macitentan,JANSSEN INC,Antihypertensives,SNDS,1,2024-02-09,0,0,0,0,0,0,0,0,0,0,0,1,Issued Notice of Compliance,2025-09-12,2024,2,1,1,581,1
292796,Maralixibat chloride,"MIRUM PHARMACEUTICALS, INC.",Bile and liver therapy,SNDS,1,2025-04-07,0,0,0,0,0,0,1,0,0,0,0,0,Issued Notice of Compliance,2026-01-30,2025,4,2,1,298,1
272517,Mavacamten,BRISTOL-MYERS SQUIBB CANADA,Cardiac therapy,SNDS,1,2023-04-06,0,0,0,0,0,0,0,0,0,0,0,0,Issued Notice of Compliance,2024-02-16,2023,4,2,1,316,1
296376,"Meningococcal groups A, C, Y, and W polysaccharide-tetanus toxoid conjugate",SANOFI PASTEUR LIMITED,Vaccines,SNDS,1,2025-05-16,0,0,0,0,0,0,0,0,0,0,0,1,Issued Notice of Compliance,2026-03-26,2025,5,2,4,314,1
203844,"Meningococcal polysaccharide antigen groups A, C, W-135, and Y, tetanus toxoid",PFIZER CANADA INC,Vaccines,SNDS,1,2017-04-25,0,0,0,0,0,0,0,0,0,0,0,0,Issued Notice of Compliance,2018-02-19,2017,4,2,5,300,1
208467,Mepolizumab,GLAXOSMITHKLINE INC,Drugs for obstructive airway diseases,SNDS,1,2017-09-20,0,0,0,0,0,0,0,0,0,0,0,0,Issued Notice of Compliance,2018-07-17,2017,9,3,1,300,1
212242,Mepolizumab,GLAXOSMITHKLINE INC,Drugs for obstructive airway diseases,SNDS,1,2018-02-02,0,0,0,0,0,0,0,0,0,0,0,0,Cancelled by sponsor,2018-10-18,2018,2,1,1,258,0
221528,Mepolizumab,GLAXOSMITHKLINE INC,Drugs for obstructive airway diseases,SNDS,1,2018-12-12,0,0,0,0,0,0,0,0,0,0,0,0,Issued Notice of Compliance,2019-10-08,2018,12,4,1,300,1
226197,Mepolizumab,GLAXOSMITHKLINE INC,Drugs for obstructive airway diseases,SNDS,1,2019-05-17,0,0,0,0,0,0,0,0,0,0,0,0,Issued Notice of Compliance,2020-03-12,2019,5,2,1,300,1
247542,Mepolizumab,GLAXOSMITHKLINE INC,Drugs for obstructive airway diseases,SNDS,1,2021-01-14,0,0,0,0,0,0,0,0,0,0,0,0,Issued Notice of Compliance,2021-11-05,2021,1,1,1,295,1
293315,Mepolizumab,GLAXOSMITHKLINE INC,Drugs for obstructive airway diseases,SNDS,1,2025-01-22,0,0,0,0,0,0,1,0,0,0,0,0,Issued Notice of Compliance,2026-06-09,2025,1,1,1,503,1
255153,Mesalazine,TILLOTTS PHARMA AG,"Antidiarrheals, intestinal anti-inflammatory/anti-infective agents ",SNDS,1,2021-09-17,0,0,0,0,0,0,0,0,0,0,0,0,Issued Notice of Compliance,2022-08-08,2021,9,3,1,325,1
262828,Methyl aminolevulinate hydrochloride,GALDERMA CANADA INC,Antineoplastic agents,SNDS,1,2022-04-29,0,0,0,0,0,0,0,0,0,0,0,0,Issued Notice of Compliance,2023-02-17,2022,4,2,1,294,1
214860,Methylphenidate hydrochloride,PURDUE PHARMA,Psychoanaleptics,SNDS,1,2018-05-11,0,0,0,0,0,0,0,0,0,0,0,0,Issued Notice of Compliance,2019-03-05,2018,5,2,1,298,1
224342,Methylphenidate hydrochloride,PURDUE PHARMA,Psychoanaleptics,SNDS,1,2019-03-21,0,0,0,0,0,0,0,0,0,0,0,0,Issued Notice of Compliance,2020-01-15,2019,3,1,1,300,1
210496,Midostaurin,NOVARTIS PHARMACEUTICALS CANADA INC,Antineoplastic agents,SNDS,1,2017-12-07,0,0,0,0,0,0,0,0,0,0,0,0,Issued Notice of Compliance,2018-10-03,2017,12,4,1,300,1
200856,"Mifepristone, misoprostol",LINEPHARMA INTERNATIONAL LIMITED,Sex hormones and modulators of the genital system,SNDS,1,2017-01-11,0,0,0,0,0,0,0,0,0,0,0,0,Issued Notice of Compliance,2017-11-07,2017,1,1,2,300,1
262810,Migalastat hydrochloride,AMICUS THERAPEUTICS UK LTD,Other alimentary tract and metabolism products,SNDS,1,2022-05-12,0,0,0,0,0,0,0,0,0,0,0,0,Issued Notice of Compliance,2023-03-23,2022,5,2,1,315,1
288758,Mirikizumab,ELI LILLY CANADA INC,Immunosuppressants,SNDS,1,2024-09-11,0,0,0,0,0,0,1,0,0,0,0,0,Issued Notice of Compliance,2025-07-08,2024,9,3,1,300,1
195973,Nadroparin calcium,ASPEN PHARMA TRADING LIMITED,Antithrombotic agents,SNDS,1,2016-08-05,0,0,0,0,0,0,0,0,0,0,0,0,Issued Notice of Compliance,2017-07-19,2016,8,3,1,348,1
221031,Naloxegol oxalate,KNIGHT THERAPEUTICS INC,Drugs for constipation,SNDS,1,2018-11-27,0,0,0,0,0,0,0,0,0,0,0,0,Cancelled by sponsor,2019-09-27,2018,11,4,1,304,0
242449,Neratinib maleate,KNIGHT THERAPEUTICS INC,Antineoplastic agents,SNDS,1,2020-09-03,0,0,0,0,0,0,0,0,0,0,0,0,Issued Notice of Compliance,2021-06-23,2020,9,3,1,293,1
211052,Nilotinib,NOVARTIS PHARMACEUTICALS CANADA INC,Antineoplastic agents,SNDS,1,2017-12-21,0,0,0,0,0,0,0,0,0,0,0,0,Issued Notice of Compliance,2018-10-16,2017,12,4,1,299,1
227166,Nintedanib,BOEHRINGER INGELHEIM (CANADA) LTD LTEE,Antineoplastic agents,SNDS,1,2019-05-28,0,0,0,1,0,0,0,0,0,0,0,0,Issued Notice of Compliance,2019-11-22,2019,5,2,1,178,1
232923,Nintedanib,BOEHRINGER INGELHEIM (CANADA) LTD LTEE,Antineoplastic agents,SNDS,1,2019-11-29,0,0,0,1,0,0,0,0,0,0,0,0,Issued Notice of Compliance,2020-05-20,2019,11,4,1,173,1
241747,Nintedanib,BOEHRINGER INGELHEIM (CANADA) LTD LTEE,Antineoplastic agents,SNDS,1,2020-08-31,0,0,0,0,0,0,0,0,0,0,0,0,Issued Notice of Compliance,2021-06-25,2020,8,3,1,298,1
237670,Niraparib,GLAXOSMITHKLINE INC,Antineoplastic agents,SNDS,1,2020-04-08,0,0,0,1,0,0,1,0,0,0,0,0,Issued Notice of Compliance,2020-10-02,2020,4,2,1,177,1
199379,Nivolumab,BRISTOL-MYERS SQUIBB CANADA,Antineoplastic agents,SNDS,1,2016-11-15,0,0,0,1,0,0,0,0,0,0,0,0,Issued Notice of Compliance,2017-05-12,2016,11,4,1,178,1
203286,Nivolumab,BRISTOL-MYERS SQUIBB CANADA,Antineoplastic agents,SNDS,1,2017-03-17,0,0,0,0,1,0,0,0,0,0,0,0,Issued Notice of Compliance,2017-11-10,2017,3,1,1,238,1
203593,Nivolumab,BRISTOL-MYERS SQUIBB CANADA,Antineoplastic agents,SNDS,1,2017-04-20,0,0,0,0,0,0,0,0,0,0,0,0,Cancelled by sponsor,2018-01-25,2017,4,2,1,280,0
206974,Nivolumab,BRISTOL-MYERS SQUIBB CANADA,Antineoplastic agents,SNDS,1,2017-07-14,0,0,0,0,1,0,0,0,0,0,0,0,Issued Notice of Compliance under the NOC/c Guidance,2018-03-23,2017,7,3,1,252,1
212067,Nivolumab,BRISTOL-MYERS SQUIBB CANADA,Antineoplastic agents,SNDS,1,2018-01-08,0,0,0,1,0,0,0,0,0,0,0,0,Issued Notice of Compliance,2018-07-06,2018,1,1,1,179,1
211838,Nivolumab,BRISTOL-MYERS SQUIBB CANADA,Antineoplastic agents,SNDS,1,2018-01-19,0,0,0,0,0,0,0,0,0,0,0,0,Issued Notice of Compliance,2018-11-15,2018,1,1,1,300,1
215535,Nivolumab,BRISTOL-MYERS SQUIBB CANADA,Antineoplastic agents,SNDS,1,2018-06-04,0,0,0,0,0,0,0,0,0,0,0,0,Cancelled by sponsor,2019-11-26,2018,6,2,1,540,0
236255,Nivolumab,BRISTOL-MYERS SQUIBB CANADA,Antineoplastic agents,SNDS,1,2020-03-18,0,0,0,0,0,0,0,0,1,0,0,0,Issued Notice of Compliance,2020-08-06,2020,3,1,1,141,1
234228,Nivolumab,BRISTOL-MYERS SQUIBB CANADA,Antineoplastic agents,SNDS,1,2020-01-24,0,0,0,0,0,0,0,0,0,0,0,0,Issued Notice of Compliance,2020-11-18,2020,1,1,1,299,1
239474,Nivolumab,BRISTOL-MYERS SQUIBB CANADA,Antineoplastic agents,SNDS,1,2020-06-01,0,0,0,0,1,0,0,0,0,0,0,0,Issued Notice of Compliance under the NOC/c Guidance,2021-02-11,2020,6,2,1,255,1
243600,Nivolumab,BRISTOL-MYERS SQUIBB CANADA,Antineoplastic agents,SNDS,1,2020-09-30,0,0,0,0,0,0,0,0,0,1,0,0,Issued Notice of Compliance,2021-05-28,2020,9,3,1,240,1
247045,Nivolumab,BRISTOL-MYERS SQUIBB CANADA,Antineoplastic agents,SNDS,1,2021-01-08,0,0,0,0,0,0,0,0,0,1,0,0,Issued Notice of Compliance,2021-07-02,2021,1,1,1,175,1
245851,Nivolumab,BRISTOL-MYERS SQUIBB CANADA,Antineoplastic agents,SNDS,1,2020-12-18,0,0,0,0,0,0,0,0,0,0,0,0,Issued Notice of Compliance,2021-10-13,2020,12,4,1,299,1
247339,Nivolumab,BRISTOL-MYERS SQUIBB CANADA,Antineoplastic agents,SNDS,1,2021-01-12,0,0,0,0,0,0,0,0,0,1,0,0,Issued Notice of Compliance,2021-10-28,2021,1,1,1,289,1
253652,Nivolumab,BRISTOL-MYERS SQUIBB CANADA,Antineoplastic agents,SNDS,1,2021-07-29,0,0,0,0,0,0,0,0,0,0,0,0,Issued Notice of Compliance under the NOC/c Guidance,2022-06-27,2021,7,3,1,333,1
257103,Nivolumab,BRISTOL-MYERS SQUIBB CANADA,Antineoplastic agents,SNDS,1,2021-11-17,0,0,0,0,0,0,0,0,0,1,0,0,Issued Notice of Compliance,2022-07-25,2021,11,4,1,250,1
261300,Nivolumab,BRISTOL-MYERS SQUIBB CANADA,Antineoplastic agents,SNDS,1,2022-03-10,0,0,0,1,0,0,0,0,1,0,0,0,Issued Notice of Compliance,2022-08-18,2022,3,1,1,161,1
272504,Nivolumab,BRISTOL-MYERS SQUIBB CANADA,Antineoplastic agents,SNDS,1,2023-03-31,0,0,0,0,0,0,0,0,0,0,1,0,Issued Notice of Compliance,2023-12-29,2023,3,1,1,273,1
282374,Nivolumab,BRISTOL-MYERS SQUIBB CANADA,Antineoplastic agents,SNDS,1,2024-01-03,0,0,0,1,0,0,0,0,0,1,0,0,Issued Notice of Compliance,2024-06-28,2024,1,1,1,177,1
288843,Nivolumab,BRISTOL-MYERS SQUIBB CANADA,Antineoplastic agents,SNDS,1,2024-08-23,0,0,0,0,0,0,1,0,0,1,0,0,Issued Notice of Compliance,2025-06-19,2024,8,3,1,300,1
289379,Nivolumab,BRISTOL-MYERS SQUIBB CANADA,Antineoplastic agents,SNDS,1,2024-09-19,0,0,0,0,0,0,1,0,0,1,0,0,Issued Notice of Compliance,2025-07-16,2024,9,3,1,300,1
282961,Nivolumab,BRISTOL-MYERS SQUIBB CANADA,Antineoplastic agents,SNDS,1,2024-03-07,0,0,0,0,0,0,0,0,0,1,0,0,Issued Notice of Compliance,2026-02-09,2024,3,1,1,704,1
208906,Norfloxacin,APOTEX INC,Antibacterials for systemic use,SNDS,1,2017-10-06,0,0,0,0,0,0,0,0,0,0,0,0,Issued Notice of Compliance,2017-12-05,2017,10,4,1,60,1
208089,Obinutuzumab,HOFFMANN LA ROCHE LIMITED,Antineoplastic agents,SNDS,1,2017-09-08,0,0,0,0,0,0,0,0,0,0,0,0,Issued Notice of Compliance,2018-07-05,2017,9,3,1,300,1
295777,Obinutuzumab,HOFFMANN-LA ROCHE LIMITED,Antineoplastic agents,SNDS,1,2025-03-28,0,0,0,0,0,0,1,0,0,0,0,1,Issued Notice of Compliance,2026-01-22,2025,3,1,1,300,1
289602,Odevixibat,MEDISON PHARMA CANADA INC.,Bile and liver therapy,SNDS,1,2024-09-26,0,0,0,0,0,0,0,0,0,0,0,0,Issued Notice of Compliance,2025-07-22,2024,9,3,1,299,1
210204,Olaparib,ASTRAZENECA CANADA INC,Antineoplastic agents,SNDS,1,2017-11-09,0,0,0,1,0,0,0,0,0,0,0,0,Issued Notice of Compliance,2018-05-08,2017,11,4,1,180,1
219799,Olaparib,ASTRAZENECA CANADA INC,Antineoplastic agents,SNDS,1,2018-11-19,0,0,0,1,0,0,1,0,0,0,0,0,Issued Notice of Compliance,2019-05-06,2018,11,4,1,168,1
230309,Olaparib,ASTRAZENECA CANADA INC,Antineoplastic agents,SNDS,1,2019-08-23,0,0,0,1,0,0,1,0,0,0,0,0,Issued Notice of Compliance,2020-02-14,2019,8,3,1,175,1
235698,Olaparib,ASTRAZENECA CANADA INC,Antineoplastic agents,SNDS,1,2020-02-27,0,0,0,1,0,0,1,0,0,0,0,0,Issued Notice of Compliance,2020-08-21,2020,2,1,1,176,1
259417,Olaparib,ASTRAZENECA CANADA INC,Antineoplastic agents,SNDS,1,2022-01-18,0,0,0,1,0,0,1,0,0,0,1,0,Issued Notice of Compliance under the NOC/c Guidance,2022-07-27,2022,1,1,1,190,1
265427,Olaparib,ASTRAZENECA CANADA INC,Antineoplastic agents,SNDS,1,2022-08-10,0,0,0,0,0,0,1,0,0,0,0,0,Issued Notice of Compliance under the NOC/c Guidance,2023-07-11,2022,8,3,1,335,1
286243,Olaparib,ASTRAZENECA CANADA INC,Antineoplastic agents,SNDS,1,2024-05-15,0,0,0,0,0,0,1,0,0,0,0,0,Issued Notice of Compliance,2025-04-29,2024,5,2,1,349,1
223910,"Olodaterol hydrochloride, tiotropium bromide monohydrate",BOEHRINGER INGELHEIM (CANADA) LTD LTEE,Drugs for obstructive airway diseases,SNDS,1,2019-03-11,0,0,0,0,0,0,0,0,0,0,0,0,Issued Notice of Compliance,2019-12-06,2019,3,1,2,270,1
194542,Omalizumab,NOVARTIS PHARMACEUTICALS CANADA INC,Drugs for obstructive airway diseases,SNDS,1,2016-06-16,0,0,0,0,0,0,0,0,0,0,0,0,Issued Notice of Compliance,2017-04-12,2016,6,2,1,300,1
241064,Omalizumab,NOVARTIS PHARMACEUTICALS CANADA INC,Drugs for obstructive airway diseases,SNDS,1,2020-08-14,0,0,0,0,0,0,0,0,0,0,0,0,Issued Notice of Compliance,2021-07-19,2020,8,3,1,339,1
195504,"Ombitasvir, paritaprevir, ritonavir",ABBVIE CORPORATION,Antivirals for systemic use,SNDS,1,2016-07-11,0,0,0,0,0,0,0,0,0,0,0,0,Issued Notice of Compliance,2017-05-05,2016,7,3,3,298,1
211053,OnabotulinumtoxinA,ALLERGAN INC,Muscle relaxants,SNDS,1,2017-12-20,0,0,0,0,0,0,0,0,0,0,0,0,Issued Notice of Compliance,2018-10-16,2017,12,4,1,300,1
237685,OnabotulinumtoxinA,ALLERGAN INC,Muscle relaxants,SNDS,1,2020-05-15,0,0,0,0,0,0,0,0,0,0,0,0,Issued Notice of Compliance,2021-03-11,2020,5,2,1,300,1
273166,OnabotulinumtoxinA,ABBVIE CORPORATION,Muscle relaxants,SNDS,1,2023-04-13,0,0,0,0,0,0,0,0,0,0,0,0,Issued Notice of Compliance,2024-02-07,2023,4,2,1,300,1
275576,OnabotulinumtoxinA,ABBVIE CORPORATION,Muscle relaxants,SNDS,1,2023-06-28,0,0,0,0,0,0,0,0,0,0,0,0,Cancelled by sponsor,2024-04-23,2023,6,2,1,300,0
285064,OnabotulinumtoxinA,ABBVIE CORPORATION,Muscle relaxants,SNDS,1,2024-05-08,0,0,0,0,0,0,0,0,0,0,0,0,Issued Notice of Compliance,2025-03-04,2024,5,2,1,300,1
211762,Osimertinib mesylate,ASTRAZENECA CANADA INC,Antineoplastic agents,SNDS,1,2018-01-12,0,0,0,1,0,0,1,0,0,0,0,0,Issued Notice of Compliance,2018-07-10,2018,1,1,1,179,1
243288,Osimertinib mesylate,ASTRAZENECA CANADA INC,Antineoplastic agents,SNDS,1,2020-09-15,0,0,0,1,0,0,0,0,1,0,0,0,Issued Notice of Compliance,2021-01-18,2020,9,3,1,125,1
279138,Osimertinib mesylate,ASTRAZENECA CANADA INC,Antineoplastic agents,SNDS,1,2023-10-17,0,0,0,1,0,0,1,0,1,0,0,0,Issued Notice of Compliance,2024-07-10,2023,10,4,1,267,1
288417,Osimertinib mesylate,ASTRAZENECA CANADA INC,Antineoplastic agents,SNDS,1,2024-08-07,0,0,0,1,0,0,1,0,0,0,1,0,Issued Notice of Compliance under the NOC/c Guidance,2025-04-23,2024,8,3,1,259,1
209413,"Outer membrane vesicles (Neisseria meningitidis group B NZ98/254 strain), recombinant Neisseria meningitidis group B NHBA fusion protein, recombinant Neisseria meningitidis group B NadA protein, recombinant Neisseria meningitidis group B fHBP fusion protein",GLAXOSMITHKLINE INC,Vaccines,SNDS,1,2017-11-02,0,0,0,0,0,0,0,0,0,0,0,0,Issued Notice of Compliance,2018-08-14,2017,11,4,4,285,1
248992,Ozanimod,CELGENE INC,Immunosuppressants,SNDS,1,2021-05-28,0,0,0,0,0,0,0,0,0,0,0,0,Issued Notice of Compliance,2022-04-08,2021,5,2,1,315,1
195948,Palbociclib,PFIZER CANADA INC,Antineoplastic agents,SNDS,1,2016-07-26,0,0,0,0,0,0,0,0,0,0,0,0,Issued Notice of Compliance,2017-05-19,2016,7,3,1,297,1
219500,Palbociclib,PFIZER CANADA INC,Antineoplastic agents,SNDS,1,2018-10-11,0,0,0,0,0,0,0,0,0,0,0,0,Issued Notice of Compliance,2019-08-06,2018,10,4,1,299,1
273901,Palbociclib,PFIZER CANADA ULC,Antineoplastic agents,SNDS,1,2023-05-17,0,0,0,0,0,0,0,0,0,0,0,0,Issued Notice of Compliance,2024-03-07,2023,5,2,1,295,1
215829,Palonosetron hydrochloride,PURDUE PHARMA,Antiemetics and antinauseants,SNDS,1,2018-06-14,0,0,0,0,0,0,0,0,0,0,0,0,Issued Notice of Compliance,2019-04-08,2018,6,2,1,298,1
193962,Panitumumab,AMGEN CANADA INC,Antineoplastic agents,SNDS,1,2016-06-09,0,0,0,0,0,0,0,0,0,0,0,0,Issued Notice of Compliance,2017-04-05,2016,6,2,1,300,1
209345,Pasireotide,NOVARTIS PHARMACEUTICALS CANADA INC,Pituitary and hypothalamic hormones and analogues,SNDS,1,2017-11-02,0,0,0,0,0,0,0,0,0,0,0,0,Issued Notice of Compliance,2018-08-29,2017,11,4,1,300,1
301559,Pegcetacoplan,SWEDISH ORPHAN BIOVITRUM AB (PUBL),Immunosuppressants,SNDS,1,2025-10-10,0,0,0,1,0,0,1,0,0,0,0,0,Issued Notice of Compliance,2026-04-08,2025,10,4,1,180,1
201200,Pembrolizumab,MERCK CANADA INC,Antineoplastic agents,SNDS,1,2017-01-13,0,0,0,0,1,0,0,0,0,0,0,0,Issued Notice of Compliance under the NOC/c Guidance,2017-09-08,2017,1,1,1,238,1
203157,Pembrolizumab,MERCK CANADA INC,Antineoplastic agents,SNDS,1,2017-03-24,0,0,0,1,0,0,0,0,0,0,0,0,Issued Notice of Compliance,2017-09-20,2017,3,1,1,180,1
212388,Pembrolizumab,MERCK CANADA INC,Antineoplastic agents,SNDS,1,2018-01-26,0,0,0,0,1,0,0,0,0,0,0,0,Issued Notice of Compliance under the NOC/c Guidance,2018-09-21,2018,1,1,1,238,1
215699,Pembrolizumab,MERCK CANADA INC,Antineoplastic agents,SNDS,1,2018-05-18,0,0,0,0,0,0,1,0,0,0,0,0,Issued Notice of Compliance,2019-03-13,2018,5,2,1,299,1
216451,Pembrolizumab,MERCK CANADA INC,Antineoplastic agents,SNDS,1,2018-06-06,0,0,0,0,0,0,0,0,0,0,0,0,Issued Notice of Compliance,2019-04-02,2018,6,2,1,300,1
209011,Pembrolizumab,MERCK CANADA INC,Antineoplastic agents,SNDS,1,2017-09-25,0,0,0,0,1,0,0,0,0,0,0,0,Issued Notice of Compliance,2019-04-11,2017,9,3,1,563,1
218779,Pembrolizumab,MERCK CANADA INC,Antineoplastic agents,SNDS,1,2018-08-22,0,0,0,0,1,0,0,0,0,0,0,0,Issued Notice of Compliance under the NOC/c Guidance,2019-04-18,2018,8,3,1,239,1
219700,Pembrolizumab,MERCK CANADA INC,Antineoplastic agents,SNDS,1,2018-10-15,0,0,0,0,0,0,1,0,0,0,0,0,Issued Notice of Compliance,2019-07-04,2018,10,4,1,262,1
228721,Pembrolizumab,MERCK CANADA INC,Antineoplastic agents,SNDS,1,2019-07-09,0,0,0,0,0,0,0,0,1,0,0,0,Issued Notice of Compliance under the NOC/c Guidance,2019-09-20,2019,7,3,1,73,1
223819,Pembrolizumab,MERCK CANADA INC,Antineoplastic agents,SNDS,1,2019-02-18,0,0,0,0,0,0,0,0,0,0,0,0,Issued Notice of Compliance,2019-12-13,2019,2,1,1,298,1
219213,Pembrolizumab,MERCK CANADA INC,Antineoplastic agents,SNDS,1,2018-09-27,0,0,0,0,0,0,0,0,0,0,0,0,Issued Notice of Compliance,2020-03-16,2018,9,3,1,536,1
232775,Pembrolizumab,MERCK CANADA INC,Antineoplastic agents,SNDS,1,2019-12-20,0,0,0,0,0,0,1,0,0,0,0,0,Issued Notice of Compliance,2020-10-09,2019,12,4,1,294,1
236910,Pembrolizumab,MERCK CANADA INC,Antineoplastic agents,SNDS,1,2020-04-03,0,0,0,0,1,0,0,0,0,0,0,0,Issued Notice of Compliance under the NOC/c Guidance,2020-12-14,2020,4,2,1,255,1
239505,Pembrolizumab,MERCK CANADA INC,Antineoplastic agents,SNDS,1,2020-06-19,0,0,0,0,0,0,0,0,1,0,0,0,Issued Notice of Compliance under the NOC/c Guidance,2021-02-05,2020,6,2,1,231,1
240864,Pembrolizumab,MERCK CANADA INC,Antineoplastic agents,SNDS,1,2020-07-29,0,0,0,0,0,0,1,0,0,1,0,0,Issued Notice of Compliance,2021-03-03,2020,7,3,1,217,1
246922,Pembrolizumab,MERCK CANADA INC,Antineoplastic agents,SNDS,1,2020-12-15,0,0,0,1,0,0,0,0,0,1,0,0,Issued Notice of Compliance,2021-06-04,2020,12,4,1,171,1
246373,Pembrolizumab,MERCK CANADA INC,Antineoplastic agents,SNDS,1,2020-12-18,0,0,0,0,0,0,0,0,0,0,0,0,Issued Notice of Compliance under the NOC/c Guidance,2021-11-19,2020,12,4,1,336,1
252263,Pembrolizumab,MERCK CANADA INC,Antineoplastic agents,SNDS,1,2021-06-07,0,0,0,0,0,0,0,0,0,0,0,0,Cancelled by sponsor,2022-02-24,2021,6,2,1,262,0
257236,Pembrolizumab,MERCK CANADA INC,Antineoplastic agents,SNDS,1,2021-11-05,0,0,0,1,0,0,0,0,0,1,0,0,Issued Notice of Compliance,2022-04-07,2021,11,4,1,153,1
256659,Pembrolizumab,MERCK CANADA INC,Antineoplastic agents,SNDS,1,2021-10-15,0,0,0,1,0,0,1,0,0,0,1,0,Issued Notice of Compliance,2022-04-12,2021,10,4,1,179,1
253060,Pembrolizumab,MERCK CANADA INC,Antineoplastic agents,SNDS,1,2021-07-12,0,0,0,0,0,0,0,0,0,0,0,0,Issued Notice of Compliance,2022-05-04,2021,7,3,1,296,1
259703,Pembrolizumab,MERCK CANADA INC,Antineoplastic agents,SNDS,1,2022-01-05,0,0,0,1,0,0,0,0,0,0,1,0,Issued Notice of Compliance,2022-07-05,2022,1,1,1,181,1
256537,Pembrolizumab,MERCK CANADA INC,Antineoplastic agents,SNDS,1,2021-10-22,0,0,0,0,0,0,0,0,0,1,0,0,Issued Notice of Compliance,2022-08-18,2021,10,4,1,300,1
264318,Pembrolizumab,MERCK CANADA INC,Antineoplastic agents,SNDS,1,2022-06-24,0,0,0,0,0,0,0,0,0,0,1,0,Issued Notice of Compliance,2023-04-19,2022,6,2,1,299,1
272409,Pembrolizumab,MERCK CANADA INC,Antineoplastic agents,SNDS,1,2023-03-30,0,0,0,0,0,0,0,0,0,0,0,0,Issued Notice of Compliance,2024-02-06,2023,3,1,1,313,1
273487,Pembrolizumab,MERCK CANADA INC,Antineoplastic agents,SNDS,1,2023-05-10,0,0,0,0,0,0,0,0,0,0,1,0,Issued Notice of Compliance,2024-03-21,2023,5,2,1,316,1
275053,Pembrolizumab,MERCK CANADA INC,Antineoplastic agents,SNDS,1,2023-06-13,0,0,0,0,0,0,1,0,0,0,1,0,Issued Notice of Compliance,2024-04-12,2023,6,2,1,304,1
276501,Pembrolizumab,MERCK CANADA INC,Antineoplastic agents,SNDS,1,2023-08-03,0,0,0,0,0,0,0,0,0,0,0,0,Issued Notice of Compliance,2024-05-29,2023,8,3,1,300,1
282981,Pembrolizumab,MERCK CANADA INC,Antineoplastic agents,SNDS,1,2024-02-22,0,0,0,1,0,0,0,0,0,0,1,0,Issued Notice of Compliance,2024-08-20,2024,2,1,1,180,1
278399,Pembrolizumab,MERCK CANADA INC,Antineoplastic agents,SNDS,1,2023-10-13,0,0,0,0,0,0,1,0,0,0,0,0,Issued Notice of Compliance,2024-08-29,2023,10,4,1,321,1
274453,Pembrolizumab,MERCK CANADA INC,Antineoplastic agents,SNDS,1,2023-06-06,0,0,0,0,0,0,1,0,0,0,0,0,Issued Notice of Compliance,2025-02-06,2023,6,2,1,611,1
285469,Pembrolizumab,MERCK CANADA INC,Antineoplastic agents,SNDS,1,2024-05-10,0,0,0,0,0,0,1,0,0,1,0,0,Issued Notice of Compliance,2025-03-05,2024,5,2,1,299,1
286343,Pembrolizumab,MERCK CANADA INC,Antineoplastic agents,SNDS,1,2024-06-17,0,0,0,0,0,0,1,0,0,1,0,0,Issued Notice of Compliance,2025-04-11,2024,6,2,1,298,1
284571,Pembrolizumab,MERCK CANADA INC,Antineoplastic agents,SNDS,1,2024-04-17,0,0,0,0,0,0,1,0,0,0,1,0,Issued Notice of Compliance,2025-07-14,2024,4,2,1,453,1
294481,Pembrolizumab,MERCK CANADA INC,Antineoplastic agents,SNDS,1,2025-02-13,0,0,0,1,0,0,1,0,0,1,0,0,Issued Notice of Compliance,2025-08-11,2025,2,1,1,179,1
302363,Pembrolizumab,MERCK CANADA INC,Antineoplastic agents,SNDS,1,2025-11-03,0,0,0,1,0,0,0,0,0,1,0,0,Issued Notice of Compliance,2026-04-24,2025,11,4,1,172,1
303530,Pembrolizumab,MERCK CANADA INC,Antineoplastic agents,SNDS,1,2025-12-09,0,0,0,1,0,0,1,0,0,1,0,0,Issued Notice of Compliance,2026-06-05,2025,12,4,1,178,1
204327,Perampanel,EISAI LIMITED,Antiepileptics,SNDS,1,2017-05-26,0,0,0,0,0,0,0,0,0,0,0,0,Issued Notice of Compliance,2018-03-21,2017,5,2,1,299,1
225719,Perampanel,EISAI LIMITED,Antiepileptics,SNDS,1,2019-05-01,0,0,0,0,0,0,0,0,0,0,0,0,Issued Notice of Compliance,2020-02-25,2019,5,2,1,300,1
209467,Pertuzumab,HOFFMANN LA ROCHE LIMITED,Antineoplastic agents,SNDS,1,2017-11-03,0,0,0,0,0,0,0,0,0,0,0,0,Issued Notice of Compliance,2018-08-30,2017,11,4,1,300,1
222022,"Pertuzumab, trastuzumab",HOFFMANN LA ROCHE LIMITED,Antineoplastic agents,SNDS,1,2018-12-12,0,0,0,0,0,0,0,0,0,0,0,0,Issued Notice of Compliance,2020-07-30,2018,12,4,2,596,1
230602,"Pertuzumab, trastuzumab",HOFFMANN LA ROCHE LIMITED,Antineoplastic agents,SNDS,1,2019-09-25,0,0,0,0,0,0,0,0,0,0,0,0,Issued Notice of Compliance,2021-02-25,2019,9,3,2,519,1
254251,"Pertuzumab, trastuzumab",HOFFMANN-LA ROCHE LIMITED,Antineoplastic agents,SNDS,1,2021-07-28,0,0,0,0,0,0,0,0,0,0,0,0,Issued Notice of Compliance,2022-01-05,2021,7,3,2,161,1
220947,Pimecrolimus,VALEANT CANADA LP VALEANT CANADA S.E.C.,Other dermatological preparations,SNDS,1,2018-11-30,0,0,0,0,0,0,0,0,0,0,0,0,Issued Notice of Compliance,2019-09-26,2018,11,4,1,300,1
247851,Pimecrolimus,"BAUSCH HEALTH, CANADA INC.",Other dermatological preparations,SNDS,1,2021-01-05,0,0,0,0,0,0,0,0,0,0,0,0,Cancelled by sponsor,2023-09-14,2021,1,1,1,982,0
270856,Pitolisant hydrochloride,ENDO VENTURES LTD,Other nervous system drugs,SNDS,1,2023-02-13,0,0,0,0,0,0,0,0,0,0,0,0,Issued Notice of Compliance,2024-01-25,2023,2,1,1,346,1
284477,Pitolisant hydrochloride,ENDO VENTURES LTD,Other nervous system drugs,SNDS,1,2024-04-22,0,0,0,0,0,0,0,0,0,0,0,0,Issued Notice of Compliance,2025-02-14,2024,4,2,1,298,1
279583,Plecanatide,"BAUSCH HEALTH, CANADA INC.",Drugs for constipation,SNDS,1,2024-01-18,0,0,0,0,0,0,0,0,0,0,0,0,Issued Notice of Compliance,2024-12-24,2024,1,1,1,341,1
213345,Plerixafor,SANOFI-AVENTIS CANADA INC,Immunostimulants,SNDS,1,2018-02-01,0,0,0,0,0,0,0,0,0,0,0,0,Issued Notice of Compliance,2019-01-10,2018,2,1,1,343,1
259726,Polatuzumab vedotin,HOFFMANN-LA ROCHE LIMITED,Antineoplastic agents,SNDS,1,2022-01-21,0,0,0,0,0,0,0,0,0,0,0,0,Issued Notice of Compliance,2022-11-14,2022,1,1,1,297,1
218459,Pomalidomide,CELGENE INC,Immunosuppressants,SNDS,1,2018-09-07,0,0,0,0,0,0,0,0,0,0,0,0,Issued Notice of Compliance,2019-07-02,2018,9,3,1,298,1
201272,Ranibizumab,NOVARTIS PHARMACEUTICALS CANADA INC,Ophthalmologicals,SNDS,1,2017-01-09,0,0,0,0,0,0,0,0,0,0,0,0,Issued Notice of Compliance,2017-11-03,2017,1,1,1,298,1
233361,Ranibizumab,NOVARTIS PHARMACEUTICALS CANADA INC,Ophthalmologicals,SNDS,1,2019-11-29,0,0,0,0,0,0,0,0,0,0,0,0,Issued Notice of Compliance under the NOC/c Guidance,2021-11-19,2019,11,4,1,721,1
264421,Ranolazine,KYE PHARMACEUTICALS INC,Cardiac therapy,SNDS,1,2022-08-26,0,0,0,0,0,1,0,0,0,0,0,0,Issued Notice of Compliance,2025-06-30,2022,8,3,1,1039,1
259173,Ravulizumab,ALEXION PHARMA GMBH,Immunosuppressants,SNDS,1,2022-01-05,0,0,0,0,0,0,1,0,0,0,0,0,Issued Notice of Compliance,2022-11-01,2022,1,1,1,300,1
261864,Ravulizumab,ALEXION PHARMA GMBH,Immunosuppressants,SNDS,1,2022-03-16,0,0,0,0,0,0,1,0,0,0,0,0,Issued Notice of Compliance,2023-01-06,2022,3,1,1,296,1
269852,Ravulizumab,ALEXION PHARMA GMBH,Immunosuppressants,SNDS,1,2023-01-03,0,0,0,0,0,0,1,0,0,0,0,0,Issued Notice of Compliance,2023-10-30,2023,1,1,1,300,1
223244,"Recombinant human papillomavirus types 6, 11, 16, 18, 31, 33, 45, 52, 58 L1 protein",MERCK CANADA INC,Vaccines,SNDS,1,2019-02-11,0,0,0,0,0,0,0,0,0,0,0,0,Issued Notice of Compliance,2020-08-20,2019,2,1,9,556,1
251509,"Recombinant human papillomavirus types 6, 11, 16, 18, 31, 33, 45, 52, 58 L1 protein",MERCK CANADA INC,Vaccines,SNDS,1,2021-05-28,0,0,0,0,0,0,0,0,0,0,0,0,Issued Notice of Compliance under the NOC/c Guidance,2022-04-06,2021,5,2,9,313,1
203322,Regorafenib,BAYER INC,Antineoplastic agents,SNDS,1,2017-04-03,0,0,0,1,0,0,0,0,0,0,0,0,Issued Notice of Compliance,2017-09-18,2017,4,2,1,168,1
250151,Remdesivir *For use in relation to COVID-19,GILEAD SCIENCES CANADA INC,Antivirals for systemic use,SNDS,1,2021-04-22,0,0,0,0,0,0,0,1,0,0,0,0,Issued Notice of Compliance,2022-04-22,2021,4,2,1,365,1
266313,Remdesivir *For use in relation to COVID-19,GILEAD SCIENCES CANADA INC,Antivirals for systemic use,SNDS,1,2022-08-02,0,0,0,0,0,0,0,1,0,0,0,0,Issued Notice of Compliance,2023-06-16,2022,8,3,1,318,1
282013,Respiratory syncytial virus prefusion F protein (RSVPreF3),GLAXOSMITHKLINE INC,Vaccines,SNDS,1,2024-01-08,0,0,0,0,0,0,0,0,0,0,0,0,Issued Notice of Compliance,2024-11-15,2024,1,1,1,312,1
298869,Retifanlimab,INCYTE CORPORATION,Antineoplastic agents,SNDS,1,2025-08-01,0,0,0,0,0,0,1,0,0,0,0,0,Issued Notice of Compliance,2026-05-28,2025,8,3,1,300,1
225074,Ribociclib succinate,NOVARTIS PHARMACEUTICALS CANADA INC,Antineoplastic agents,SNDS,1,2019-04-16,0,0,0,0,0,0,0,0,0,0,0,0,Issued Notice of Compliance,2020-02-07,2019,4,2,1,297,1
233623,Ribociclib succinate,NOVARTIS PHARMACEUTICALS CANADA INC,Antineoplastic agents,SNDS,1,2019-12-18,0,0,0,0,0,0,0,0,0,0,0,0,Issued Notice of Compliance,2020-10-09,2019,12,4,1,296,1
262779,Ribociclib succinate,NOVARTIS PHARMACEUTICALS CANADA INC,Antineoplastic agents,SNDS,1,2022-04-21,0,0,0,0,0,0,0,0,0,0,0,0,Issued Notice of Compliance,2023-02-10,2022,4,2,1,295,1
283993,Ribociclib succinate,NOVARTIS PHARMACEUTICALS CANADA INC,Antineoplastic agents,SNDS,1,2024-08-20,0,0,0,0,0,0,1,0,0,0,0,0,Issued Notice of Compliance,2025-06-12,2024,8,3,1,296,1
209230,Rifaximin,SALIX PHARMACEUTICALS INC,"Antidiarrheals, intestinal anti-inflammatory/anti-infective agents ",SNDS,1,2018-02-07,0,0,0,0,0,0,0,0,0,0,0,0,Issued Notice of Compliance,2018-12-03,2018,2,1,1,299,1
251455,Risankizumab,ABBVIE CORPORATION,Immunosuppressants,SNDS,1,2021-05-20,0,0,0,0,0,0,0,0,0,0,0,0,Issued Notice of Compliance,2022-03-16,2021,5,2,1,300,1
258394,Risankizumab,ABBVIE CORPORATION,Immunosuppressants,SNDS,1,2021-12-23,0,0,0,0,0,0,0,0,0,0,0,0,Issued Notice of Compliance,2022-10-19,2021,12,4,1,300,1
280386,Risankizumab,ABBVIE CORPORATION,Immunosuppressants,SNDS,1,2023-12-15,0,0,0,0,0,0,0,0,0,0,0,0,Issued Notice of Compliance,2024-10-10,2023,12,4,1,300,1
284770,Risdiplam,HOFFMANN-LA ROCHE LIMITED,Other drugs for disorders of the musculo-skeletal system,SNDS,1,2024-04-09,0,0,0,1,0,0,0,0,0,0,0,0,Issued Notice of Compliance,2024-10-16,2024,4,2,1,190,1
204718,Rituximab,HOFFMANN LA ROCHE LIMITED,Antineoplastic agents,SNDS,1,2017-05-25,0,0,0,0,0,0,0,0,0,0,0,0,Issued Notice of Compliance,2018-03-21,2017,5,2,1,300,1
228130,Rituximab,CELLTRION HEALTHCARE CO LTD,Antineoplastic agents,SNDS,1,2019-07-19,0,0,1,0,0,0,0,0,0,0,0,0,Issued Notice of Compliance,2020-05-22,2019,7,3,1,308,1
242572,Rituximab,SANDOZ CANADA INCORPORATED,Antineoplastic agents,SNDS,1,2020-09-24,0,0,1,0,0,0,0,0,0,0,0,0,Issued Notice of Compliance,2021-06-30,2020,9,3,1,279,1
211611,Rivaroxaban,BAYER INC,Antithrombotic agents,SNDS,1,2018-01-12,0,0,0,1,0,0,0,0,0,0,0,0,Issued Notice of Compliance,2018-09-14,2018,1,1,1,245,1
233166,Rivaroxaban,BAYER INC,Antithrombotic agents,SNDS,1,2020-02-04,0,0,0,0,0,0,0,0,0,0,0,0,Issued Notice of Compliance,2020-11-27,2020,2,1,1,297,1
234756,Rivaroxaban,BAYER INC,Antithrombotic agents,SNDS,1,2020-03-19,0,0,0,0,0,0,0,0,0,0,0,0,Issued Notice of Compliance,2021-01-12,2020,3,1,1,299,1
306377,Rivastigmine hydrogen tartrate,KNIGHT THERAPEUTICS INC,Psychoanaleptics,SNDS,1,2026-03-12,0,0,0,0,0,0,0,0,0,0,0,0,Issued Notice of Compliance,2026-07-02,2026,3,1,1,112,1
280534,Roflumilast,"ARCUTIS CANADA, INC.",Antipsoriatics,SNDS,1,2023-12-22,0,0,0,0,0,0,0,0,0,0,0,0,Issued Notice of Compliance,2024-10-17,2023,12,4,1,300,1
285437,Roflumilast,"ARCUTIS CANADA, INC.",Antipsoriatics,SNDS,1,2024-05-17,0,0,0,0,0,0,0,0,0,0,0,0,Issued Notice of Compliance,2025-03-13,2024,5,2,1,300,1
292646,Roflumilast,"ARCUTIS CANADA, INC.",Antipsoriatics,SNDS,1,2025-01-16,0,0,0,0,0,0,0,0,0,0,0,0,Issued Notice of Compliance,2025-11-12,2025,1,1,1,300,1
243699,Romiplostim,AMGEN CANADA INC,Antihemorrhagics,SNDS,1,2020-10-09,0,0,0,0,0,0,0,0,0,0,0,0,Issued Notice of Compliance,2021-08-04,2020,10,4,1,299,1
262756,Romosozumab,AMGEN CANADA INC,Drugs for treatment of bone diseases,SNDS,1,2022-05-09,0,0,0,0,0,0,0,0,0,0,0,0,Cancelled by sponsor,2023-03-21,2022,5,2,1,316,0
294768,"RSV F-protein mRNA, 5'(m7G-5'-ppp-5'-Gm), 3' poly(A)",MODERNA BIOPHARMA CANADA CORPORATION,Vaccines,SNDS,1,2025-03-20,0,0,0,0,0,0,0,0,0,0,0,0,Issued Notice of Compliance,2026-01-14,2025,3,1,3,300,1
290813,"RSV subgroups A, B stabilized prefusion F protein",PFIZER CANADA ULC,Vaccines,SNDS,1,2024-12-13,0,0,0,0,0,0,0,0,0,0,0,0,Issued Notice of Compliance,2025-10-17,2024,12,4,2,308,1
194343,Rufinamide,EISAI LIMITED,Antiepileptics,SNDS,1,2016-06-24,0,0,0,0,0,0,0,0,0,0,0,0,Issued Notice of Compliance,2017-04-20,2016,6,2,1,300,1
250022,Ruxolitinib phosphate,NOVARTIS PHARMACEUTICALS CANADA INC,Antineoplastic agents,SNDS,1,2021-03-24,0,0,0,0,0,0,1,0,0,1,0,0,Issued Notice of Compliance,2022-05-19,2021,3,1,1,421,1
292164,Ruxolitinib phosphate,INCYTE CORPORATION,Other dermatological preparations,SNDS,1,2024-12-13,0,0,0,0,0,0,0,0,0,0,0,0,Issued Notice of Compliance,2025-10-09,2024,12,4,1,300,1
270849,Sacituzumab govitecan,GILEAD SCIENCES CANADA INC,Antineoplastic agents,SNDS,1,2023-01-20,0,0,0,1,0,0,1,0,0,1,0,0,Issued Notice of Compliance,2023-07-19,2023,1,1,1,180,1
211993,Sarilumab,SANOFI-AVENTIS CANADA INC,Immunosuppressants,SNDS,1,2018-01-26,0,0,0,0,0,0,0,0,0,0,0,0,Issued Notice of Compliance,2019-08-08,2018,1,1,1,559,1
287263,Sarilumab,SANOFI-AVENTIS CANADA INC,Immunosuppressants,SNDS,1,2024-07-16,0,0,0,0,0,0,0,0,0,0,0,0,Issued Notice of Compliance,2025-05-09,2024,7,3,1,297,1
266285,SARS-CoV-2 recombinant spike protein *For use in relation to COVID-19,NOVAVAX INC.,Vaccines,SNDS,1,2022-07-22,0,0,0,0,0,0,0,1,0,0,0,0,Issued Notice of Compliance,2022-11-17,2022,7,3,1,118,1
265342,SARS-CoV-2 recombinant spike protein *For use in relation to COVID-19,NOVAVAX INC.,Vaccines,SNDS,1,2022-06-21,0,0,0,0,0,0,0,1,0,0,0,0,Issued Notice of Compliance,2022-12-06,2022,6,2,1,168,1
273313,SARS-CoV-2 recombinant spike protein *For use in relation to COVID-19,NOVAVAX INC.,Vaccines,SNDS,1,2023-03-16,0,0,0,0,0,0,0,1,0,0,0,0,Cancelled by sponsor,2023-11-09,2023,3,1,1,238,0
219231,Secukinumab,NOVARTIS PHARMACEUTICALS CANADA INC,Immunosuppressants,SNDS,1,2018-09-28,0,0,0,0,0,0,0,0,0,0,0,0,Issued Notice of Compliance,2019-07-25,2018,9,3,1,300,1
235994,Secukinumab,NOVARTIS PHARMACEUTICALS CANADA INC,Immunosuppressants,SNDS,1,2020-03-26,0,0,0,0,0,0,0,0,0,0,0,0,Issued Notice of Compliance,2021-01-20,2020,3,1,1,300,1
240496,Secukinumab,NOVARTIS PHARMACEUTICALS CANADA INC,Immunosuppressants,SNDS,1,2020-07-30,0,0,0,0,0,0,0,0,0,0,0,0,Issued Notice of Compliance,2021-05-26,2020,7,3,1,300,1
250272,Secukinumab,NOVARTIS PHARMACEUTICALS CANADA INC,Immunosuppressants,SNDS,1,2021-05-06,0,0,0,0,0,0,0,0,0,0,0,0,Issued Notice of Compliance,2022-03-01,2021,5,2,1,299,1
257230,Secukinumab,NOVARTIS PHARMACEUTICALS CANADA INC,Immunosuppressants,SNDS,1,2021-11-24,0,0,0,0,0,0,0,0,0,0,0,0,Issued Notice of Compliance,2022-09-20,2021,11,4,1,300,1
269287,Secukinumab,NOVARTIS PHARMACEUTICALS CANADA INC,Immunosuppressants,SNDS,1,2022-12-23,0,0,0,0,0,0,1,0,0,0,0,0,Issued Notice of Compliance,2024-05-17,2022,12,4,1,511,1
296426,Selumetinib sulfate,ALEXION PHARMA GMBH,Antineoplastic agents,SNDS,1,2025-05-06,0,0,0,0,0,0,0,0,0,0,0,0,Issued Notice of Compliance,2026-02-25,2025,5,2,1,295,1
299525,Selumetinib sulfate,ALEXION PHARMA GMBH,Antineoplastic agents,SNDS,1,2025-09-05,0,0,0,0,0,0,0,0,0,0,0,0,Issued Notice of Compliance,2026-07-02,2025,9,3,1,300,1
227387,Semaglutide,NOVO NORDISK CANADA INC,Drugs used in diabetes,SNDS,1,2019-06-20,0,0,0,0,0,0,0,0,0,0,0,0,Cancelled by sponsor,2020-03-06,2019,6,2,1,260,0
231580,Semaglutide,NOVO NORDISK CANADA INC,Drugs used in diabetes,SNDS,1,2019-10-11,0,0,0,0,0,0,0,0,0,0,0,0,Issued Notice of Compliance,2020-08-04,2019,10,4,1,298,1
245932,Semaglutide,NOVO NORDISK CANADA INC,Drugs used in diabetes,SNDS,1,2020-12-17,0,0,0,0,0,0,0,0,0,0,0,0,Issued Notice of Compliance,2021-10-13,2020,12,4,1,300,1
266244,Semaglutide,NOVO NORDISK CANADA INC,Drugs used in diabetes,SNDS,1,2022-09-02,0,0,0,0,0,0,0,0,0,0,0,0,Issued Notice of Compliance,2023-06-29,2022,9,3,1,300,1
279915,Semaglutide,NOVO NORDISK CANADA INC,Drugs used in diabetes,SNDS,1,2023-12-07,0,0,0,0,0,0,0,0,0,0,0,0,Issued Notice of Compliance,2024-11-25,2023,12,4,1,354,1
284023,Semaglutide,NOVO NORDISK CANADA INC,Drugs used in diabetes,SNDS,1,2024-05-30,0,0,0,0,0,0,0,0,0,0,0,0,Issued Notice of Compliance,2025-04-08,2024,5,2,1,313,1
287074,Semaglutide,NOVO NORDISK CANADA INC,Drugs used in diabetes,SNDS,1,2024-07-15,0,0,0,0,0,0,0,0,0,0,0,0,Issued Notice of Compliance,2025-08-13,2024,7,3,1,394,1
296143,Semaglutide,NOVO NORDISK CANADA INC,Drugs used in diabetes,SNDS,1,2025-04-08,0,0,0,1,0,0,0,0,0,0,0,0,Issued Notice of Compliance under the NOC/c Guidance,2025-12-10,2025,4,2,1,246,1
295001,Semaglutide,NOVO NORDISK CANADA INC,Drugs used in diabetes,SNDS,1,2025-03-07,0,0,0,0,0,0,0,0,0,0,0,0,Issued Notice of Compliance,2025-12-31,2025,3,1,1,299,1
282056,Semaglutide,NOVO NORDISK CANADA INC,Drugs used in diabetes,SNDS,1,2024-02-05,0,0,0,0,0,0,0,0,0,0,0,0,Issued Notice of Compliance,2026-02-25,2024,2,1,1,751,1
295858,Semaglutide,NOVO NORDISK CANADA INC,Drugs used in diabetes,SNDS,1,2025-04-28,0,0,0,0,0,0,0,0,0,0,0,0,Issued Notice of Compliance,2026-04-14,2025,4,2,1,351,1
211598,Sevelamer carbonate,SANOFI-AVENTIS CANADA INC,All other therapeutic products,SNDS,1,2018-04-13,0,0,0,0,0,0,0,0,0,0,0,0,Issued Notice of Compliance,2019-02-07,2018,4,2,1,300,1
197253,Simeprevir,JANSSEN INC,Antivirals for systemic use,SNDS,1,2016-09-23,0,0,0,0,0,0,0,0,0,0,0,0,Issued Notice of Compliance,2017-07-20,2016,9,3,1,300,1
199753,"Sofosbuvir, velpatasvir",GILEAD SCIENCES CANADA INC,Antivirals for systemic use,SNDS,1,2016-12-06,0,0,0,0,0,0,0,0,0,0,0,0,Issued Notice of Compliance,2017-09-14,2016,12,4,2,282,1
233923,"Sofosbuvir, velpatasvir",GILEAD SCIENCES CANADA INC,Antivirals for systemic use,SNDS,1,2020-01-16,0,0,0,0,0,0,0,0,0,0,0,0,Issued Notice of Compliance,2020-11-06,2020,1,1,2,295,1
205985,Somatropin,NOVO NORDISK CANADA INC,Pituitary and hypothalamic hormones and analogues,SNDS,1,2017-06-29,0,0,0,0,0,0,0,0,0,0,0,0,Issued Notice of Compliance,2018-04-24,2017,6,2,1,299,1
241147,Somatropin,NOVO NORDISK CANADA INC,Pituitary and hypothalamic hormones and analogues,SNDS,1,2020-08-14,0,0,0,0,0,0,0,0,0,0,0,0,Issued Notice of Compliance,2021-06-09,2020,8,3,1,299,1
229726,Somatropin R-DNA origin,PFIZER CANADA ULC,Pituitary and hypothalamic hormones and analogues,SNDS,1,2019-08-28,0,0,0,0,0,0,0,0,0,0,0,0,Issued Notice of Compliance,2020-06-22,2019,8,3,1,299,1
298213,Sotatercept,MERCK CANADA INC,Antihypertensives,SNDS,1,2025-06-06,0,0,0,1,0,0,0,0,0,0,0,0,Issued Notice of Compliance,2025-12-03,2025,6,2,1,180,1
278317,Spesolimab,BOEHRINGER INGELHEIM (CANADA) LTD LTEE,Immunosuppressants,SNDS,1,2023-10-06,0,0,0,0,0,0,1,0,0,0,0,0,Issued Notice of Compliance,2024-07-31,2023,10,4,1,299,1
287138,"Standardized allergen extract, white birch (Betula verrucosa)",ALK- ABELLO A/S,Allergens,SNDS,1,2024-07-08,0,0,0,0,0,0,0,0,0,0,0,0,Issued Notice of Compliance,2025-05-02,2024,7,3,2,298,1
234565,Standardized short ragweed pollen allergenic extract,ALK -  ABELLO A/S,Allergens,SNDS,1,2020-02-24,0,0,0,0,0,0,0,0,0,0,0,0,Issued Notice of Compliance,2020-12-18,2020,2,1,1,298,1
234372,Sugammadex,MERCK CANADA INC,All other therapeutic products,SNDS,1,2020-01-27,0,0,0,0,0,0,0,0,0,0,0,0,Issued Notice of Compliance,2021-10-19,2020,1,1,1,631,1
289615,Sugammadex,MERCK CANADA INC,All other therapeutic products,SNDS,1,2024-10-04,0,0,0,0,0,0,0,0,0,0,0,0,Issued Notice of Compliance,2025-07-31,2024,10,4,1,300,1
231944,Sulfur hexafluoride,BRACCO IMAGING CANADA,Contrast media,SNDS,1,2019-11-07,0,0,0,0,0,0,0,0,0,0,0,0,Issued Notice of Compliance,2020-08-20,2019,11,4,1,287,1
208710,Sunitinib malate,PFIZER CANADA INC,Antineoplastic agents,SNDS,1,2017-10-05,0,0,0,0,0,0,0,0,0,0,0,0,Issued Notice of Non-compliance - Withdrawal,2019-04-23,2017,10,4,1,565,0
297626,Tafasitamab,INCYTE CORPORATION,Antineoplastic agents,SNDS,1,2025-06-23,0,0,0,0,0,0,1,0,0,1,0,0,Issued Notice of Compliance,2026-04-17,2025,6,2,1,298,1
271537,Talazoparib,PFIZER CANADA ULC,Antineoplastic agents,SNDS,1,2023-05-09,0,0,0,0,0,0,1,0,0,0,0,0,Issued Notice of Compliance,2025-01-30,2023,5,2,1,632,1
300037,Tarlatamab,AMGEN CANADA INC,Antineoplastic agents,SNDS,1,2025-09-03,0,0,0,0,0,0,0,0,1,0,0,0,Issued Notice of Compliance,2026-06-25,2025,9,3,1,295,1
305225,Teclistamab,JANSSEN INC,Antineoplastic agents,SNDS,1,2026-02-03,0,0,0,1,0,0,0,0,1,0,0,0,Issued Notice of Compliance,2026-07-31,2026,2,1,1,178,1
223862,Teduglutide,SHIRE PHARMACEUTICALS IRELAND LIMITED,Other alimentary tract and metabolism products,SNDS,1,2019-02-15,0,0,0,1,0,0,0,0,0,0,0,0,Issued Notice of Compliance,2019-08-13,2019,2,1,1,179,1
288031,Tenecteplase,HOFFMANN-LA ROCHE LIMITED,Antithrombotic agents,SNDS,1,2024-08-14,0,0,0,0,0,0,0,0,0,0,0,0,Issued Notice of Compliance,2025-11-13,2024,8,3,1,456,1
231739,Teriflunomide,"SANOFI GENZYME, A DIVISION OF SANOFI-AVENTIS CANADA INC",Immunosuppressants,SNDS,1,2019-11-07,0,0,0,0,0,0,0,0,0,0,0,0,Issued Notice of Compliance,2020-09-02,2019,11,4,1,300,1
295190,Tezepelumab,ASTRAZENECA CANADA INC,Drugs for obstructive airway diseases,SNDS,1,2025-04-03,0,0,0,0,0,0,1,0,0,0,0,0,Issued Notice of Compliance,2026-02-09,2025,4,2,1,312,1
199259,Thioguanine,ASPEN PHARMA TRADING LIMITED,Antineoplastic agents,SNDS,1,2016-11-25,0,0,0,0,0,0,0,0,0,0,0,0,Issued Notice of Compliance,2017-09-21,2016,11,4,1,300,1
231818,Ticagrelor,ASTRAZENECA CANADA INC,Antithrombotic agents,SNDS,1,2019-10-31,0,0,0,0,0,0,0,0,0,0,0,0,Issued Notice of Compliance,2020-08-26,2019,10,4,1,300,1
199839,Tinzaparin sodium,LEO PHARMA INC,Antithrombotic agents,SNDS,1,2016-12-19,0,0,0,0,0,0,0,0,0,0,0,0,Cancelled by sponsor,2018-11-22,2016,12,4,1,703,0
227070,"Tipiracil hydrochloride, trifluridine","TAIHO PHARMA CANADA, INC.",Antineoplastic agents,SNDS,1,2019-05-24,0,0,0,1,0,0,0,0,0,0,0,0,Issued Notice of Compliance,2019-11-19,2019,5,2,2,179,1
293412,Tirzepatide,ELI LILLY CANADA INC,Drugs used in diabetes,SNDS,1,2025-02-06,0,0,0,0,0,0,0,0,0,0,0,1,Cancelled by sponsor,2025-11-26,2025,2,1,1,293,0
299409,Tirzepatide,ELI LILLY CANADA INC,Drugs used in diabetes,SNDS,1,2025-08-15,0,0,0,0,0,0,1,0,0,0,0,0,Issued Notice of Compliance,2026-06-11,2025,8,3,1,300,1
300244,Tirzepatide,ELI LILLY CANADA INC,Drugs used in diabetes,SNDS,1,2025-08-29,0,0,0,0,0,0,0,0,0,0,0,1,Issued Notice of Compliance,2026-06-23,2025,8,3,1,298,1
263500,Tisagenlecleucel,NOVARTIS PHARMACEUTICALS CANADA INC,Antineoplastic agents,SNDS,1,2022-05-20,0,0,0,1,0,0,1,0,0,0,0,0,Issued Notice of Compliance under the NOC/c Guidance,2022-12-19,2022,5,2,1,213,1
204251,Tocilizumab,HOFFMANN LA ROCHE LIMITED,Immunosuppressants,SNDS,1,2017-05-01,0,0,0,1,0,0,0,0,0,0,0,0,Issued Notice of Compliance,2017-10-27,2017,5,2,1,179,1
219690,Tocilizumab,HOFFMANN LA ROCHE LIMITED,Immunosuppressants,SNDS,1,2018-10-02,0,0,0,0,0,0,0,0,0,0,0,0,Issued Notice of Compliance,2019-07-29,2018,10,4,1,300,1
220039,Tocilizumab,HOFFMANN LA ROCHE LIMITED,Immunosuppressants,SNDS,1,2018-10-22,0,0,0,0,0,0,0,0,0,0,0,0,Issued Notice of Compliance,2019-08-16,2018,10,4,1,298,1
261220,Tocilizumab *For use in relation to COVID-19,HOFFMANN LA ROCHE LIMITED,Immunosuppressants,SNDS,1,2022-02-04,0,0,0,0,0,0,0,1,0,0,0,0,Issued Notice of Compliance,2022-10-13,2022,2,1,1,251,1
209522,Tofacitinib,PFIZER CANADA INC,Immunosuppressants,SNDS,1,2017-11-15,0,0,0,0,0,0,0,0,0,0,0,0,Issued Notice of Compliance,2018-09-11,2017,11,4,1,300,1
209643,Tofacitinib,PFIZER CANADA INC,Immunosuppressants,SNDS,1,2017-12-08,0,0,0,0,0,0,0,0,0,0,0,0,Issued Notice of Compliance,2018-10-04,2017,12,4,1,300,1
213578,Tofacitinib,PFIZER CANADA INC,Immunosuppressants,SNDS,1,2018-04-07,0,0,0,0,0,0,0,0,0,0,0,0,Issued Notice of Compliance,2019-01-30,2018,4,2,1,298,1
264582,Tofacitinib citrate,PFIZER CANADA ULC,Immunosuppressants,SNDS,1,2022-07-15,0,0,0,0,0,0,0,0,0,0,0,0,Issued Notice of Compliance,2023-05-12,2022,7,3,1,301,1
271059,Tofacitinib citrate,PFIZER CANADA ULC,Immunosuppressants,SNDS,1,2023-03-28,0,0,0,0,0,0,0,0,0,0,0,0,Issued Notice of Compliance,2024-04-12,2023,3,1,1,381,1
213262,Tolvaptan,OTSUKA PHARMACEUTICAL CO LTD,Diuretics,SNDS,1,2018-03-15,0,0,0,0,0,0,0,0,0,0,0,0,Issued Notice of Compliance,2019-01-19,2018,3,1,1,310,1
251730,Tozinameran *For use in relation to COVID-19,BIONTECH MANUFACTURING GMBH,Vaccines,SNDS,1,2021-04-16,0,0,0,0,0,0,0,1,0,0,0,0,Authorized under Interim Order,2021-05-05,2021,4,2,1,19,1
257162,Tozinameran *For use in relation to COVID-19,BIONTECH MANUFACTURING GMBH,Vaccines,SNDS,1,2021-10-01,0,0,0,0,0,0,0,1,0,0,0,0,Issued Notice of Compliance,2021-11-09,2021,10,4,1,39,1
257698,Tozinameran *For use in relation to COVID-19,BIONTECH MANUFACTURING GMBH,Vaccines,SNDS,1,2021-10-18,0,0,0,0,0,0,0,1,0,0,0,0,Issued Notice of Compliance,2021-11-19,2021,10,4,1,32,1
261729,Tozinameran *For use in relation to COVID-19,PFIZER CANADA ULC/BIONTECH SE,Vaccines,SNDS,1,2022-02-23,0,0,0,0,0,0,0,1,0,0,0,0,Issued Notice of Compliance,2022-06-01,2022,2,1,1,98,1
264621,Tozinameran *For use in relation to COVID-19,BIONTECH MANUFACTURING GMBH,Vaccines,SNDS,1,2022-05-27,0,0,0,0,0,0,0,1,0,0,0,0,Issued Notice of Compliance,2022-08-19,2022,5,2,1,84,1
265483,Tozinameran *For use in relation to COVID-19,BIONTECH MANUFACTURING GMBH,Vaccines,SNDS,1,2022-06-23,0,0,0,0,0,0,0,1,0,0,0,0,Issued Notice of Compliance,2022-09-09,2022,6,2,1,78,1
261661,Tralokinumab,LEO PHARMA INC,Other dermatological preparations,SNDS,1,2022-04-13,0,0,0,0,0,0,1,0,0,0,0,0,Issued Notice of Compliance,2023-02-03,2022,4,2,1,296,1
199382,Trametinib,NOVARTIS PHARMACEUTICALS CANADA INC,Antineoplastic agents,SNDS,1,2016-11-17,0,0,0,1,0,0,0,0,0,0,0,0,Issued Notice of Compliance,2017-05-16,2016,11,4,1,180,1
210760,Trametinib,NOVARTIS PHARMACEUTICALS CANADA INC,Antineoplastic agents,SNDS,1,2017-11-22,0,0,0,1,0,0,0,0,0,0,0,0,Issued Notice of Compliance,2018-05-18,2017,11,4,1,177,1
213580,Trametinib,NOVARTIS PHARMACEUTICALS CANADA INC,Antineoplastic agents,SNDS,1,2018-03-08,0,0,0,0,1,0,0,0,0,0,0,0,Issued Notice of Compliance,2018-09-21,2018,3,1,1,197,1
270386,Trametinib,NOVARTIS PHARMACEUTICALS CANADA INC,Antineoplastic agents,SNDS,1,2023-01-27,0,0,0,1,0,0,1,0,0,0,0,0,Issued Notice of Compliance,2023-07-24,2023,1,1,1,178,1
226272,Trastuzumab,PFIZER CANADA ULC,Antineoplastic agents,SNDS,1,2019-04-11,0,0,1,0,0,0,0,0,0,0,0,0,Issued Notice of Compliance,2019-08-15,2019,4,2,1,126,1
239083,Trastuzumab,AMGEN CANADA INC,Antineoplastic agents,SNDS,1,2020-06-17,0,0,1,0,0,0,1,0,0,0,0,0,Issued Notice of Compliance,2021-04-14,2020,6,2,1,301,1
242479,Trastuzumab,PFIZER CANADA ULC,Antineoplastic agents,SNDS,1,2020-09-24,0,0,1,0,0,0,0,0,0,0,0,0,Issued Notice of Compliance,2021-04-14,2020,9,3,1,202,1
237674,Trastuzumab,CELLTRION HEALTHCARE CO LTD,Antineoplastic agents,SNDS,1,2020-05-29,0,0,1,0,0,0,0,0,0,0,0,0,Issued Notice of Compliance,2021-04-16,2020,5,2,1,322,1
247842,Trastuzumab,BGP PHARMA ULC,Antineoplastic agents,SNDS,1,2021-02-11,0,0,1,0,0,0,0,0,0,0,0,0,Issued Notice of Compliance,2021-12-06,2021,2,1,1,298,1
259440,Trastuzumab deruxtecan,ASTRAZENECA CANADA INC,Antineoplastic agents,SNDS,1,2022-01-06,0,0,0,1,0,0,1,0,1,0,0,0,Issued Notice of Compliance,2022-06-15,2022,1,1,1,160,1
265333,Trastuzumab deruxtecan,ASTRAZENECA CANADA INC,Antineoplastic agents,SNDS,1,2022-07-15,0,0,0,1,0,0,1,0,1,0,0,0,Issued Notice of Compliance,2023-01-06,2022,7,3,1,175,1
285834,Trastuzumab deruxtecan,ASTRAZENECA CANADA INC,Antineoplastic agents,SNDS,1,2024-05-14,0,0,0,0,1,0,1,0,0,0,0,0,Issued Notice of Compliance,2025-01-17,2024,5,2,1,248,1
288114,Trastuzumab deruxtecan,ASTRAZENECA CANADA INC,Antineoplastic agents,SNDS,1,2024-08-07,0,0,0,0,0,0,1,0,0,0,1,0,Issued Notice of Compliance under the NOC/c Guidance,2025-07-03,2024,8,3,1,330,1
291846,Trastuzumab deruxtecan,ASTRAZENECA CANADA INC,Antineoplastic agents,SNDS,1,2024-12-19,0,0,0,0,0,0,1,0,0,0,0,0,Issued Notice of Compliance,2025-10-27,2024,12,4,1,312,1
227372,Trastuzumab emtansine,HOFFMANN LA ROCHE LIMITED,Antineoplastic agents,SNDS,1,2019-05-30,0,0,0,1,0,0,1,0,0,0,0,0,Issued Notice of Compliance,2019-11-25,2019,5,2,1,179,1
282179,Treosulfan,MEDEXUS PHARMACEUTICALS INC.,Antineoplastic agents,SNDS,1,2024-03-14,0,0,0,0,0,0,0,0,0,0,0,0,Cancelled by sponsor,2025-07-02,2024,3,1,1,475,0
235656,Tretinoin,"BAUSCH HEALTH, CANADA INC.",Anti-acne preparations,SNDS,1,2020-03-16,0,0,0,0,0,0,0,0,0,0,0,0,Issued Notice of Compliance,2021-01-08,2020,3,1,1,298,1
222505,Umeclidinium bromide,GLAXOSMITHKLINE INC,Drugs for obstructive airway diseases,SNDS,1,2019-01-16,0,0,0,0,0,0,0,0,0,0,0,0,Issued Notice of Compliance,2020-09-23,2019,1,1,1,616,1
241253,Upadacitinib,ABBVIE CORPORATION,Immunosuppressants,SNDS,1,2020-08-10,0,0,0,0,0,0,0,0,0,0,0,0,Issued Notice of Compliance,2021-06-03,2020,8,3,1,297,1
245530,Upadacitinib,ABBVIE CORPORATION,Immunosuppressants,SNDS,1,2020-12-10,0,0,0,0,0,0,0,0,0,0,0,0,Issued Notice of Compliance,2021-10-06,2020,12,4,1,300,1
247702,Upadacitinib,ABBVIE CORPORATION,Immunosuppressants,SNDS,1,2021-02-03,0,0,0,0,0,0,0,0,0,0,0,0,Issued Notice of Compliance,2022-07-14,2021,2,1,1,526,1
264612,Upadacitinib,ABBVIE CORPORATION,Immunosuppressants,SNDS,1,2022-07-15,0,0,0,0,0,0,0,0,0,0,0,0,Issued Notice of Compliance,2023-05-02,2022,7,3,1,291,1
257284,Upadacitinib,ABBVIE CORPORATION,Immunosuppressants,SNDS,1,2021-12-17,0,0,0,0,0,0,1,0,0,0,0,0,Issued Notice of Compliance,2023-07-21,2021,12,4,1,581,1
267554,Upadacitinib,ABBVIE CORPORATION,Immunosuppressants,SNDS,1,2022-12-16,0,0,0,0,0,0,0,0,0,0,0,0,Issued Notice of Compliance,2023-10-12,2022,12,4,1,300,1
290301,Upadacitinib,ABBVIE CORPORATION,Immunosuppressants,SNDS,1,2024-10-30,0,0,0,0,0,0,0,0,0,0,0,0,Issued Notice of Compliance,2025-08-21,2024,10,4,1,295,1
224739,Ustekinumab,JANSSEN INC,Immunosuppressants,SNDS,1,2019-03-29,0,0,0,0,0,0,0,0,0,0,0,0,Issued Notice of Compliance,2020-01-23,2019,3,1,1,300,1
230279,Ustekinumab,JANSSEN INC,Immunosuppressants,SNDS,1,2019-08-21,0,0,0,0,0,0,0,0,0,0,0,0,Issued Notice of Compliance,2020-06-16,2019,8,3,1,300,1
285419,Ustekinumab,JAMP PHARMA CORPORATION,Immunosuppressants,SNDS,1,2024-05-17,0,0,1,0,0,0,1,0,0,0,0,0,Issued Notice of Compliance,2024-11-13,2024,5,2,1,180,1
289290,Ustekinumab,CELLTRION INC,Immunosuppressants,SNDS,1,2024-09-25,0,0,1,0,0,0,0,0,0,0,0,0,Issued Notice of Compliance,2025-02-28,2024,9,3,1,156,1
291252,Ustekinumab,CELLTRION INC,Immunosuppressants,SNDS,1,2024-12-06,0,0,1,0,0,0,0,0,0,0,0,0,Issued Notice of Compliance,2025-06-04,2024,12,4,1,180,1
296870,Ustekinumab,FRESENIUS KABI CANADA LTD,Immunosuppressants,SNDS,1,2025-07-15,0,0,1,0,0,0,1,0,0,0,0,0,Issued Notice of Compliance,2026-02-02,2025,7,3,1,202,1
246933,Varicella-zoster virus glycoprotein E (GE),GLAXOSMITHKLINE INC,Vaccines,SNDS,1,2021-01-14,0,0,0,0,0,0,0,0,0,0,0,0,Issued Notice of Compliance,2021-11-24,2021,1,1,1,314,1
214078,Venetoclax,ABBVIE CORPORATION,Antineoplastic agents,SNDS,1,2018-03-27,0,0,0,1,0,0,0,0,0,0,0,0,Issued Notice of Compliance,2018-09-21,2018,3,1,1,178,1
228475,Venetoclax,ABBVIE CORPORATION,Antineoplastic agents,SNDS,1,2019-07-04,0,0,0,0,0,0,0,0,0,0,0,0,Issued Notice of Compliance,2020-04-28,2019,7,3,1,299,1
240541,Venetoclax,ABBVIE CORPORATION,Antineoplastic agents,SNDS,1,2020-06-17,0,0,0,0,0,0,1,0,1,0,0,0,Issued Notice of Compliance,2020-12-04,2020,6,2,1,170,1
289982,Venetoclax,ABBVIE CORPORATION,Antineoplastic agents,SNDS,1,2024-10-08,0,0,0,0,0,0,1,0,0,0,0,0,Issued Notice of Compliance,2025-07-31,2024,10,4,1,296,1
299192,Venetoclax,ABBVIE CORPORATION,Antineoplastic agents,SNDS,1,2025-08-07,0,0,0,0,0,0,0,0,0,0,0,0,Issued Notice of Compliance,2026-04-28,2025,8,3,1,264,1
210066,Vilazodone hydrochloride,FOREST LABORATORIES CANADA INC,Psychoanaleptics,SNDS,1,2017-11-27,0,0,0,0,0,0,0,0,0,0,0,0,Cancelled by sponsor,2018-10-24,2017,11,4,1,331,0
267448,Virus-like particles (VLP) of SARS-CoV-2 spike protein *For use in relation to COVID-19,MEDICAGO INC,Vaccines,SNDS,1,2022-08-30,0,0,0,0,0,0,0,1,0,0,0,0,Issued Notice of Compliance,2023-03-30,2022,8,3,1,212,1
294120,Vutrisiran sodium,ALNYLAM NETHERLANDS B.V.,Other nervous system drugs,SNDS,1,2025-02-17,0,0,0,0,0,0,1,0,0,0,0,0,Issued Notice of Compliance,2025-12-12,2025,2,1,1,298,1
254556,Zanubrutinib,BEIGENE SWITZERLAND GMBH,Antineoplastic agents,SNDS,1,2021-09-01,0,0,0,1,0,0,0,0,0,0,0,0,Issued Notice of Compliance,2022-02-18,2021,9,3,1,170,1
264963,Zanubrutinib,BEIGENE SWITZERLAND GMBH,Antineoplastic agents,SNDS,1,2022-07-29,0,0,0,0,0,0,1,0,0,0,0,0,Issued Notice of Compliance,2023-05-24,2022,7,3,1,299,1
273215,Zanubrutinib,BEIGENE SWITZERLAND GMBH,Antineoplastic agents,SNDS,1,2023-04-12,0,0,0,0,0,0,0,0,0,0,0,1,Issued Notice of Compliance,2024-02-02,2023,4,2,1,296,1
